Player,Salary,Pos,Year,Team
Shaquille O'Neal,17142000,C,2000,LAL
Kevin Garnett,16806000,PF,2000,MIN
Alonzo Mourning,15004000,C,2000,MIA
Juwan Howard,15000000,PF,2000,WAS
Scottie Pippen,14795000,SF,2000,POR
Karl Malone,14000000,PF,2000,UTA
Larry Johnson,11910000,PF,2000,NYK
Gary Payton,11020000,PG,2000,SEA
Rasheed Wallace,10800000,PF,2000,POR
Shawn Kemp,10780000,C,2000,CLE
Damon Stoudamire,10125000,PG,2000,POR
Antonio McDyess,9900000,PF,2000,DEN
Antoine Walker,9000000,PF,2000,BOS
Shareef Abdur-Rahim,9000000,SF,2000,VAN
Allen Iverson,9000000,SG,2000,PHI
Vin Baker,9000000,C,2000,SEA
Anfernee Hardaway,9000000,SG,2000,PHO
Ray Allen,9000000,SG,2000,MIL
Kobe Bryant,9000000,SG,2000,LAL
Stephon Marbury,9000000,PG,2000,NJN
Vlade Divac,8837000,C,2000,SAC
Bryant Reeves,8666000,C,2000,VAN
Tom Gugliotta,8558000,PF,2000,PHO
Nick Van Exel,8354000,PG,2000,DEN
Elden Campbell,7975000,C,2000,CHH
Terrell Brandon,7400000,PG,2000,MIN
Derrick Coleman,7370000,PF,2000,CHH
Glenn Robinson,7250000,SF,2000,MIL
Steve Smith,7200000,SG,2000,POR
Kerry Kittles,7166000,SG,2000,NJN
Chris Dudley,7100000,C,2000,NYK
Theo Ratliff,7031000,PF,2000,PHI
Matt Geiger,6889000,C,2000,PHI
Jason Kidd,6858000,PG,2000,PHO
Kenny Anderson,6680000,PG,2000,BOS
Tyrone Hill,6422000,PF,2000,PHI
Clifford Robinson,6125000,SF,2000,PHO
Jamal Mashburn,5600000,SF,2000,MIA
Steve Nash,5500000,PG,2000,DAL
Alan Henderson,5318000,PF,2000,ATL
Donyell Marshall,5250000,PF,2000,GSW
Marcus Camby,5250000,C,2000,NYK
Greg Ostertag,5200000,C,2000,UTA
Luc Longley,5175000,C,2000,PHO
P.J. Brown,5124000,PF,2000,MIA
Jermaine O'Neal,5075000,C,2000,POR
Erick Dampier,4988000,C,2000,GSW
Wesley Person,4900000,SG,2000,CLE
Isaac Austin,4819000,C,2000,WAS
Loy Vaught,4810000,PF,2000,DET
Robert Horry,4800000,PF,2000,LAL
Derrick McKey,4800000,SF,2000,IND
Jim McIlvaine,4800000,C,2000,NJN
Jerry Stackhouse,4781000,SG,2000,DET
Charlie Ward,4540000,PG,2000,NYK
Dale Davis,4490000,C,2000,IND
Lorenzen Wright,4400000,C,2000,ATL
Mookie Blaylock,4200000,PG,2000,GSW
Chris Mills,4200000,SF,2000,GSW
Chris Childs,4160000,PG,2000,NYK
Bryon Russell,4000000,SF,2000,UTA
Jason Caffey,3937000,PF,2000,GSW
Vitaly Potapenko,3810000,C,2000,BOS
Bob Sura,3760000,SG,2000,CLE
Walt Williams,3750000,SF,2000,HOU
Scott Williams,3750000,C,2000,MIL
Sam Cassell,3500000,PG,2000,MIL
Michael Olowokandi,3456000,C,2000,LAC
Elton Brand,3375000,PF,2000,CHI
Eric Williams,3336000,SF,2000,BOS
Travis Best,3250000,PG,2000,IND
Michael Stewart,3200000,C,2000,TOR
Derek Strong,3159000,PF,2000,ORL
Mike Bibby,3092000,PG,2000,VAN
Rick Fox,3033000,SF,2000,LAL
Steve Francis,3020000,PG,2000,HOU
Derek Fisher,3000000,PG,2000,LAL
Lamond Murray,3000000,SF,2000,CLE
Eric Snow,3000000,PG,2000,PHI
Ervin Johnson,2951000,C,2000,MIL
Brent Price,2944000,PG,2000,VAN
Travis Knight,2800000,C,2000,LAL
Raef LaFrentz,2777000,C,2000,DEN
Tracy Murray,2720000,SF,2000,WAS
Tyrone Nesby,2716000,SG,2000,LAC
Baron Davis,2712000,PG,2000,CHH
Vonteego Cummings,2600000,PG,2000,GSW
David Wesley,2520000,PG,2000,CHH
Dean Garrett,2520000,C,2000,MIN
Antawn Jamison,2503000,SF,2000,GSW
Walter McCarty,2500000,PF,2000,BOS
Anthony Peeler,2495000,SG,2000,MIN
Lamar Odom,2445000,SF,2000,LAC
Lawrence Funderburke,2400000,PF,2000,SAC
Lindsey Hunter,2350000,PG,2000,DET
Malik Rose,2285000,PF,2000,SAS
Vince Carter,2267000,SF,2000,TOR
Jonathan Bender,2214000,SF,2000,IND
Dell Curry,2100000,SG,2000,TOR
Robert Traylor,2059000,PF,2000,MIL
Othella Harrington,2025000,PF,2000,VAN
Wally Szczerbiak,2011000,SF,2000,MIN
Eric Montross,2000000,C,2000,DET
Eric Piatkowski,2000000,SF,2000,LAC
Rodney Rogers,2000000,PF,2000,PHO
Jamie Feick,2000000,C,2000,NJN
John Wallace,2000000,SF,2000,NYK
Terry Porter,2000000,PG,2000,SAS
Shandon Anderson,2000000,SF,2000,HOU
Calbert Cheaney,2000000,SG,2000,BOS
Michael Curry,2000000,SG,2000,DET
George Lynch,2000000,SF,2000,PHI
Grant Long,2000000,PF,2000,VAN
Chris Crawford,2000000,PF,2000,ATL
Steve Kerr,1968000,PG,2000,SAS
Vinny Del Negro,1925000,PG,2000,MIL
Sean Rooks,1920000,C,2000,DAL
Lucious Harris,1920000,SG,2000,NJN
Jason Williams,1879000,PG,2000,SAC
Richard Hamilton,1836000,SG,2000,WAS
Larry Hughes,1722000,SG,2000,GSW
Andre Miller,1682000,PG,2000,CLE
Dirk Nowitzki,1583000,PF,2000,DAL
Shawn Marion,1546000,SF,2000,PHO
Paul Pierce,1503000,SF,2000,BOS
Jason Terry,1468000,PG,2000,ATL
Bonzi Wells,1428000,SF,2000,POR
Trajan Langdon,1394000,SG,2000,CLE
Aleksandar Radojevic,1325000,C,2000,TOR
Keon Clark,1289000,C,2000,DEN
Corey Maggette,1259000,SF,2000,ORL
Michael Dickerson,1224000,SG,2000,VAN
Matt Harpring,1163000,SF,2000,ORL
Eldridge Recasner,1100000,PG,2000,CHH
Metta World Peace,1079000,SF,2000,CHI
Rasho Nesterovic,1050000,C,2000,MIN
Cal Bowdler,1025000,SF,2000,ATL
James Posey,974000,SF,2000,DEN
Pat Garrity,952000,SF,2000,ORL
Quincy Lewis,930000,SG,2000,UTA
Roshown McLeod,914000,SF,2000,ATL
Dion Glover,893000,SG,2000,ATL
Ricky Davis,878000,SG,2000,CHH
Greg Foster,857000,PF,2000,SEA
Jeff Foster,857000,C,2000,IND
Brian Skinner,843000,PF,2000,LAC
Kenny Thomas,823000,PF,2000,HOU
Devean George,790000,SF,2000,LAL
Al Harrington,745000,PF,2000,IND
Tim James,728000,SF,2000,MIA
Jumaine Jones,684000,SF,2000,PHI
Scott Padgett,679000,PF,2000,UTA
Rafer Alston,301000,PG,2000,MIL
Kevin Garnett,19600000,PF,2001,MIN
Shaquille O'Neal,19285000,C,2001,LAL
Alonzo Mourning,16879000,C,2001,MIA
Juwan Howard,16875000,PF,2001,DAL
Hakeem Olajuwon,16685000,C,2001,HOU
Karl Malone,15750000,PF,2001,UTA
Dikembe Mutombo,14422000,C,2001,PHI
Patrick Ewing,14000000,C,2001,SEA
David Robinson,13196000,C,2001,SAS
Scottie Pippen,13151000,SF,2001,POR
Rasheed Wallace,12600000,PF,2001,POR
Larry Johnson,12485000,PF,2001,NYK
Gary Payton,12200000,PG,2001,SEA
Tim Hardaway,12000000,PG,2001,MIA
Chris Webber,12000000,PF,2001,SAC
Shawn Kemp,11720000,PF,2001,POR
Damon Stoudamire,11250000,PG,2001,POR
John Stockton,11000000,PG,2001,UTA
Antonio McDyess,10800000,PF,2001,DEN
Reggie Miller,10666000,SG,2001,IND
Arvydas Sabonis,10636000,C,2001,POR
Zydrunas Ilgauskas,10130000,C,2001,CLE
Anfernee Hardaway,10130000,SG,2001,PHO
Stephon Marbury,10130000,PG,2001,NJN
Antoine Walker,10125000,PF,2001,BOS
Shareef Abdur-Rahim,10125000,SF,2001,VAN
Allen Iverson,10125000,SG,2001,PHI
Latrell Sprewell,10125000,SF,2001,NYK
Vin Baker,10125000,PF,2001,SEA
Ray Allen,10125000,SG,2001,MIL
Kobe Bryant,10125000,SG,2001,LAL
Bryant Reeves,10110000,C,2001,VAN
Tracy McGrady,9658000,SG,2001,ORL
Tim Duncan,9658000,PF,2001,SAS
Jalen Rose,9658000,SF,2001,IND
Grant Hill,9658000,SF,2001,ORL
Vlade Divac,9641000,C,2001,SAC
Tom Gugliotta,9336000,PF,2001,PHO
Allan Houston,9000000,SG,2001,NYK
Keith Van Horn,9000000,SF,2001,NJN
Eddie Jones,8960000,SG,2001,MIA
Brian Grant,8897000,C,2001,MIA
Tim Thomas,8507000,PF,2001,MIL
Michael Finley,8400000,SF,2001,DAL
Shawn Bradley,8370000,C,2001,DAL
Terrell Brandon,8325000,PG,2001,MIN
Nick Van Exel,8184000,PG,2001,DEN
Glenn Robinson,8120000,SF,2001,MIL
Steve Smith,8100000,SG,2001,POR
Elden Campbell,8050000,PF,2001,CHH
Derrick Coleman,8040000,PF,2001,CHH
Avery Johnson,8000000,PG,2001,SAS
Horace Grant,7843000,PF,2001,LAL
Theo Ratliff,7800000,C,2001,PHI
Jason Kidd,7630000,PG,2001,PHO
Glen Rice,7578000,SF,2001,NYK
Kenny Anderson,7520000,PG,2001,BOS
Matt Geiger,7515000,C,2001,PHI
Tyrone Hill,7415000,PF,2001,PHI
Toni Kukoc,7167000,SF,2001,ATL
Clifford Robinson,6890000,PF,2001,PHO
Christian Laettner,6625000,C,2001,WAS
Chris Dudley,6200000,C,2001,PHO
Jamal Mashburn,6200000,SF,2001,CHH
Dale Davis,6175000,C,2001,POR
Alan Henderson,5909000,PF,2001,ATL
P.J. Brown,5764000,C,2001,CHH
Luc Longley,5750000,C,2001,NYK
Marcus Camby,5750000,C,2001,NYK
Jermaine O'Neal,5700000,C,2001,IND
Donyell Marshall,5630000,SF,2001,UTA
Bryant Stith,5620000,SG,2001,BOS
Erick Dampier,5611000,C,2001,GSW
Wesley Person,5600000,SG,2001,CLE
Anthony Mason,5553000,PF,2001,MIA
Ron Mercer,5515000,SG,2001,CHI
Isaac Austin,5500000,C,2001,VAN
Antonio Davis,5500000,C,2001,TOR
Steve Nash,5500000,PG,2001,DAL
Derrick McKey,5400000,SF,2001,IND
Kelvin Cato,5400000,C,2001,HOU
Jim McIlvaine,5400000,C,2001,NJN
Sean Elliott,5333000,SF,2001,SAS
Robert Horry,5300000,PF,2001,LAL
Austin Croshere,5298000,PF,2001,IND
Greg Ostertag,5200000,C,2001,UTA
Jerry Stackhouse,5000000,SG,2001,DET
Charlie Ward,5000000,PG,2001,NYK
Lorenzen Wright,4950000,C,2001,ATL
Loy Vaught,4812000,PF,2001,WAS
Mookie Blaylock,4800000,PG,2001,GSW
Chris Mills,4800000,SF,2001,GSW
Chris Childs,4680000,PG,2001,TOR
Bryon Russell,4570000,SF,2001,UTA
Bo Outlaw,4500000,PF,2001,ORL
Walt Williams,4500000,SF,2001,HOU
Tariq Abdul-Wahad,4500000,SG,2001,DEN
Bob Sura,4386000,SG,2001,GSW
Jason Caffey,4375000,PF,2001,MIL
Robert Pack,4320000,PG,2001,DEN
Vitaly Potapenko,4286000,C,2001,BOS
Brevin Knight,4250000,PG,2001,ATL
Howard Eisley,4250000,SG,2001,DAL
Scott Williams,4200000,C,2001,MIL
Brad Miller,4000000,C,2001,CHI
Duane Causwell,4000000,C,2001,MIA
Ben Wallace,4000000,C,2001,DET
Dan Majerle,4000000,SG,2001,MIA
Corliss Williamson,3997000,SF,2001,DET
Cedric Ceballos,3937000,SF,2001,MIA
Jahidi White,3922000,C,2001,WAS
Cuttino Mobley,3922000,SG,2001,HOU
Scot Pollard,3922000,C,2001,SAC
Rashard Lewis,3920000,PF,2001,SEA
Eric Williams,3892000,SF,2001,BOS
Voshon Lenard,3780000,SG,2001,DEN
Michael Olowokandi,3697000,C,2001,LAC
Kurt Thomas,3680000,PF,2001,NYK
Elton Brand,3629000,PF,2001,CHI
Adonal Foyle,3578000,C,2001,GSW
Mark Jackson,3565000,PG,2001,NYK
Kenyon Martin,3536000,PF,2001,NJN
Michael Stewart,3520000,C,2001,TOR
Derek Strong,3510000,PF,2001,LAC
Greg Anthony,3500000,PG,2001,POR
Sam Cassell,3500000,PG,2001,MIL
Rick Fox,3412000,SF,2001,LAL
Adam Keefe,3390000,PF,2001,GSW
Lamond Murray,3375000,SF,2001,CLE
Eric Snow,3375000,PG,2001,PHI
Ervin Johnson,3310000,C,2001,MIL
Mike Bibby,3308000,PG,2001,VAN
Jud Buechler,3259000,SF,2001,DET
Travis Best,3250000,PG,2001,IND
Steve Francis,3246000,PG,2001,HOU
Travis Knight,3200000,C,2001,NYK
Stromile Swift,3164000,PF,2001,VAN
Doug Christie,3132000,SG,2001,SAC
Tracy Murray,3060000,SF,2001,TOR
Derek Fisher,3000000,PG,2001,LAL
Eric Piatkowski,3000000,SG,2001,LAC
Chucky Atkins,3000000,PG,2001,DET
Tyrone Nesby,2990000,SF,2001,WAS
Raef LaFrentz,2970000,C,2001,DEN
Baron Davis,2916000,PG,2001,CHH
Brent Price,2880000,PG,2001,VAN
David Wesley,2880000,SG,2001,CHH
Dean Garrett,2880000,C,2001,MIN
Mikki Moore,2848000,C,2001,DET
Darius Miles,2841000,SF,2001,LAC
Popeye Jones,2815000,PF,2001,WAS
Antonio Daniels,2814000,PG,2001,SAS
Walter McCarty,2812000,PF,2001,BOS
Jerome Williams,2750000,PF,2001,TOR
Anthony Peeler,2737000,SG,2001,MIN
Kevin Willis,2700000,C,2001,DEN
Lawrence Funderburke,2700000,PF,2001,SAC
Antawn Jamison,2678000,SF,2001,GSW
Lindsey Hunter,2650000,PG,2001,MIL
Lamar Odom,2628000,PF,2001,LAC
Malik Rose,2570000,PF,2001,SAS
Marcus Fizer,2562000,PF,2001,CHI
Dragan Tarlac,2500000,C,2001,CHI
Vince Carter,2425000,SF,2001,TOR
Chris Whitney,2370000,PG,2001,WAS
Mike Miller,2320000,SF,2001,ORL
Othella Harrington,2250000,C,2001,NYK
Derek Anderson,2250000,SG,2001,SAS
John Starks,2250000,SG,2001,UTA
Will Perdue,2250000,C,2001,POR
Randy Brown,2250000,PG,2001,BOS
Brian Shaw,2250000,SG,2001,LAL
A.C. Green,2250000,PF,2001,MIA
Bimbo Coles,2250000,PG,2001,CLE
Joe Smith,2250000,PF,2001,DET
Aaron Williams,2250000,PF,2001,NJN
Sam Perkins,2250000,PF,2001,IND
Rod Strickland,2250000,PG,2001,POR
Tony Delk,2250000,SG,2001,PHO
Bobby Jackson,2250000,PG,2001,SAC
Chris Crawford,2250000,PF,2001,ATL
Eric Montross,2240000,C,2001,TOR
Robert Traylor,2203000,C,2001,CLE
Steve Kerr,2200000,PG,2001,SAS
Detlef Schrempf,2200000,SF,2001,POR
Rodney Rogers,2200000,SF,2001,PHO
Jamie Feick,2200000,C,2001,NJN
Jamal Crawford,2200000,PG,2001,CHI
John Wallace,2200000,SF,2001,DET
Terry Porter,2200000,PG,2001,SAS
Shandon Anderson,2200000,SG,2001,HOU
Ron Harper,2200000,PG,2001,LAL
Olden Polynice,2200000,C,2001,UTA
Carlos Rogers,2200000,C,2001,HOU
Calbert Cheaney,2200000,SG,2001,DEN
Michael Curry,2200000,SG,2001,DET
George McCloud,2200000,SF,2001,DEN
Otis Thorpe,2200000,PF,2001,CHH
George Lynch,2200000,SF,2001,PHI
Grant Long,2200000,PF,2001,VAN
Wally Szczerbiak,2162000,SF,2001,MIN
Sean Rooks,2160000,C,2001,LAC
Lucious Harris,2160000,SG,2001,NJN
DerMarr Johnson,2107000,SF,2001,ATL
Sam Mitchell,2100000,SF,2001,MIN
Alvin Williams,2100000,SG,2001,TOR
Vinny Del Negro,2100000,PG,2001,PHO
Clarence Weatherspoon,2100000,PF,2001,CLE
Cherokee Parks,2100000,C,2001,LAC
Jason Williams,2011000,PG,2001,SAC
Dell Curry,2000000,SG,2001,TOR
Richard Hamilton,1973000,SF,2001,WAS
Chris Mihm,1923000,C,2001,CLE
Andrew DeClercq,1920000,C,2001,ORL
Larry Hughes,1842000,SG,2001,GSW
Aaron McKie,1820000,SG,2001,PHI
Andre Miller,1808000,PG,2001,CLE
Greg Foster,1764000,C,2001,LAL
Muggsy Bogues,1740000,PG,2001,TOR
Darvin Ham,1700000,SF,2001,MIL
Dirk Nowitzki,1693000,PF,2001,DAL
Shawn Marion,1662000,SF,2001,PHO
Joel Przybilla,1619000,C,2001,MIL
Paul Pierce,1608000,SF,2001,BOS
Jason Terry,1579000,SG,2001,ATL
Keyon Dooling,1538000,PG,2001,LAC
Bonzi Wells,1528000,SF,2001,POR
Jacque Vaughn,1500000,PG,2001,UTA
Trajan Langdon,1500000,SG,2001,CLE
Matt Bullard,1481000,PF,2001,HOU
Jerome Moiso,1461000,C,2001,BOS
Johnny Newman,1400000,SG,2001,NJN
Keon Clark,1379000,PF,2001,TOR
Tony Massenburg,1360000,PF,2001,VAN
Corey Maggette,1353000,SF,2001,LAC
Corie Blount,1320000,PF,2001,GSW
Courtney Alexander,1319000,PG,2001,WAS
Michael Dickerson,1310000,SG,2001,VAN
Peja Stojakovic,1310000,SF,2001,SAC
Mateen Cleaves,1253000,PG,2001,DET
Matt Harpring,1244000,SG,2001,CLE
Zan Tabak,1210000,C,2001,IND
Danny Ferry,1200000,SF,2001,SAS
Anthony Johnson,1200000,PG,2001,CLE
LaPhonso Ellis,1200000,PF,2001,MIN
Eldridge Recasner,1200000,PG,2001,CHH
Danny Manning,1200000,PF,2001,UTA
Anthony Carter,1200000,PG,2001,MIA
Hersey Hawkins,1200000,SG,2001,CHH
Jason Collier,1190000,C,2001,HOU
Metta World Peace,1160000,SF,2001,CHI
Hedo Turkoglu,1131000,SF,2001,SAC
Tom Hammonds,1130000,PF,2001,MIN
Rasho Nesterovic,1123000,C,2001,MIN
Cal Bowdler,1102000,SF,2001,ATL
Greg Buckner,1100000,SG,2001,DAL
Desmond Mason,1074000,SF,2001,SEA
James Posey,1047000,SF,2001,DEN
Quentin Richardson,1020000,SG,2001,LAC
Pat Garrity,1019000,SF,2001,ORL
Quincy Lewis,1000000,SF,2001,UTA
Ruben Patterson,990000,SF,2001,SEA
Roshown McLeod,978000,SF,2001,PHI
Jamaal Magloire,975000,C,2001,CHH
Dion Glover,960000,SG,2001,ATL
Ricky Davis,939000,SG,2001,MIA
Jeff Foster,922000,C,2001,IND
Brian Skinner,901000,PF,2001,LAC
Morris Peterson,898000,SG,2001,TOR
Kenny Thomas,885000,PF,2001,HOU
Fred Hoiberg,880000,SG,2001,CHI
Tyronn Lue,865000,PG,2001,LAL
Devean George,849000,SF,2001,LAL
Felipe Lopez,831000,SG,2001,MIN
DeShawn Stevenson,828000,SG,2001,UTA
John Crotty,800000,PG,2001,UTA
Don MacLean,798000,SF,2001,MIA
Al Harrington,797000,PF,2001,IND
Tim James,783000,SF,2001,CHH
Jake Tsakalidis,763000,C,2001,PHO
Vonteego Cummings,757000,PG,2001,GSW
Hubert Davis,752000,PG,2001,WAS
Nazr Mohammed,739000,C,2001,ATL
Jumaine Jones,735000,SF,2001,PHI
Bruce Bowen,733000,SF,2001,MIA
Scott Padgett,730000,PF,2001,UTA
Damon Jones,714000,PG,2001,VAN
Erick Barkley,712000,PG,2001,POR
Mark Madsen,707000,PF,2001,LAL
Darrick Martin,673000,PG,2001,SAC
Emanual Davis,611000,SG,2001,SEA
Eddie Robinson,600000,SF,2001,CHH
John Amaechi,598000,C,2001,ORL
Shammond Williams,550000,PG,2001,SEA
Kevin Edwards,548000,SG,2001,VAN
Mahmoud Abdul-Rauf,548000,PG,2001,VAN
David Benoit,548000,SF,2001,UTA
David Wingate,548000,SG,2001,SEA
Mario Elie,548000,SG,2001,PHO
Felton Spencer,548000,C,2001,NYK
Don Reid,548000,PF,2001,ORL
Monty Williams,548000,SF,2001,ORL
Shawnelle Scott,548000,C,2001,SAS
Terry Davis,548000,PF,2001,DEN
Stacey Augmon,548000,SG,2001,POR
Dee Brown,548000,PG,2001,ORL
Matt Maloney,548000,PG,2001,ATL
Antonio Harvey,548000,PF,2001,POR
Jeff McInnis,523000,PG,2001,LAC
Tyus Edney,523000,PG,2001,IND
Troy Hudson,523000,PG,2001,ORL
Moochie Norris,523000,PG,2001,HOU
Ryan Bowen,508000,SF,2001,DEN
Laron Profit,508000,PG,2001,WAS
Rick Brunson,507000,PG,2001,NYK
Bruno Sundov,498000,C,2001,IND
Kornel David,498000,SF,2001,DET
Mark Pope,498000,PF,2001,MIL
Adrian Griffin,498000,SF,2001,BOS
Mark Bryant,458000,PF,2001,DAL
Calvin Booth,423000,C,2001,DAL
Todd MacCulloch,423000,C,2001,PHI
Mark Blount,423000,C,2001,BOS
Rafer Alston,423000,PG,2001,MIL
Evan Eschmeyer,423000,C,2001,NJN
Chris Herren,423000,PG,2001,BOS
Elliot Perry,390000,PG,2001,PHO
Kevin Ollie,363000,PG,2001,PHI
Milt Palacio,326000,PG,2001,BOS
Eduardo Najera,316000,PF,2001,DAL
Mike Smith,316000,SF,2001,WAS
Michael Redd,316000,SG,2001,MIL
Zendon Hamilton,316000,C,2001,LAC
Jason Hart,316000,PG,2001,MIL
Daniel Santiago,316000,C,2001,PHO
Dan Langhi,316000,SF,2001,HOU
Eddie House,316000,PG,2001,MIA
Soumaila Samake,316000,C,2001,NJN
Jake Voskuhl,316000,C,2001,CHI
Stephen Jackson,316000,SF,2001,NJN
Chris Porter,316000,SF,2001,GSW
Paul McPherson,316000,PG,2001,GSW
A.J. Guyton,316000,PG,2001,CHI
Brian Cardinal,316000,PF,2001,DET
Marc Jackson,316000,C,2001,GSW
Ruben Wolkowyski,316000,PF,2001,SEA
Olumide Oyedeji,316000,C,2001,SEA
Hanno Mottola,316000,SF,2001,ATL
Rodney Buford,288000,SF,2001,PHI
Anthony Goldwire,243000,PG,2001,DEN
Chucky Brown,241000,SF,2001,CLE
Vernon Maxwell,161000,PG,2001,DAL
Doug Overton,90000,PG,2001,NJN
Sean Colson,83000,PG,2001,HOU
David Vanterpool,80000,PG,2001,WAS
Steve Goodrich,37000,PF,2001,CHI
Eddie Gill,34000,PG,2001,NJN
Chris Garner,32000,PG,2001,GSW
Scott Burrell,29000,SF,2001,CHH
Dan McClintock,26000,C,2001,DEN
Jamel Thomas,24000,SF,2001,NJN
Kevin Garnett,22400000,PF,2002,MIN
Shaquille O'Neal,21428000,C,2002,LAL
Alonzo Mourning,18756000,C,2002,MIA
Juwan Howard,18750000,PF,2002,DEN
Scottie Pippen,18083000,SF,2002,POR
Karl Malone,17500000,PF,2002,UTA
Rasheed Wallace,14400000,PF,2002,POR
Dikembe Mutombo,14315000,C,2002,PHI
Gary Payton,12926000,PG,2002,SEA
Shawn Kemp,12770000,PF,2002,POR
Chris Webber,12750000,PF,2002,SAC
Damon Stoudamire,12375000,PG,2002,POR
Reggie Miller,12045000,SG,2002,IND
Antonio McDyess,11700000,PF,2002,DEN
Antoine Walker,11250000,PF,2002,BOS
Shareef Abdur-Rahim,11250000,PF,2002,ATL
Allen Iverson,11250000,SG,2002,PHI
Latrell Sprewell,11250000,SF,2002,NYK
Zydrunas Ilgauskas,11250000,C,2002,CLE
Anfernee Hardaway,11250000,SG,2002,PHO
Ray Allen,11250000,SG,2002,MIL
Kobe Bryant,11250000,SG,2002,LAL
Stephon Marbury,11250000,PG,2002,PHO
Antonio Davis,11000000,PF,2002,TOR
Tracy McGrady,10865000,SG,2002,ORL
Tim Duncan,10865000,PF,2002,SAS
Jalen Rose,10865000,SF,2002,CHI
Keith Van Horn,10865000,SF,2002,NJN
Grant Hill,10865000,SF,2002,ORL
Michael Finley,10625000,SF,2002,DAL
Vlade Divac,10444000,C,2002,SAC
Tom Gugliotta,10113000,PF,2002,PHO
Eddie Jones,10080000,SG,2002,MIA
Brian Grant,10009000,PF,2002,MIA
Allan Houston,10000000,SG,2002,NYK
Tim Thomas,9675000,SF,2002,MIL
David Robinson,9500000,C,2002,SAS
Terrell Brandon,9250000,PG,2002,MIN
Nick Van Exel,9093000,PG,2002,DAL
Steve Smith,9000000,SG,2002,SAS
Glenn Robinson,8990000,SF,2002,MIL
Glen Rice,8800000,SF,2002,HOU
Derrick Coleman,8710000,PF,2002,PHI
Theo Ratliff,8593000,C,2002,ATL
Jason Kidd,8440000,PG,2002,NJN
Kenny Anderson,8350000,PG,2002,BOS
Matt Geiger,8142000,C,2002,PHI
Toni Kukoc,8050000,SF,2002,ATL
John Stockton,8000000,PG,2002,UTA
Elden Campbell,7975000,PF,2002,CHH
Clifford Robinson,7656000,PF,2002,DET
Kerry Kittles,7167000,SG,2002,NJN
Dale Davis,7010000,C,2002,POR
Jamal Mashburn,6975000,SF,2002,CHH
Greg Ostertag,6933000,C,2002,UTA
Tyrone Hill,6600000,PF,2002,CLE
Bo Outlaw,6555000,PF,2002,PHO
Charles Oakley,6545000,PF,2002,CHI
Donyell Marshall,6510000,SF,2002,UTA
Alan Henderson,6500000,PF,2002,ATL
Derek Anderson,6495000,SG,2002,POR
P.J. Brown,6404000,C,2002,CHH
Jermaine O'Neal,6325000,PF,2002,IND
Austin Croshere,6310000,PF,2002,IND
Wesley Person,6300000,SG,2002,CLE
Marcus Camby,6250000,C,2002,NYK
Erick Dampier,6235000,C,2002,GSW
Ron Mercer,6066000,SG,2002,IND
Kelvin Cato,6048000,C,2002,HOU
Derrick McKey,6000000,SF,2002,PHI
Steve Nash,5750000,PG,2002,DAL
Jerry Stackhouse,5500000,SF,2002,DET
Shandon Anderson,5500000,SG,2002,NYK
Lorenzen Wright,5500000,C,2002,MEM
Nick Anderson,5401000,SG,2002,MEM
Mookie Blaylock,5400000,PG,2002,GSW
Chris Mills,5400000,SF,2002,GSW
Alvin Williams,5350000,PG,2002,TOR
Robert Horry,5300000,PF,2002,LAL
Eddie Robinson,5205000,SF,2002,CHI
Chris Childs,5200000,PG,2002,TOR
Bryon Russell,5142000,SG,2002,UTA
Charlie Ward,5110000,PG,2002,NYK
Tariq Abdul-Wahad,5062000,SG,2002,DAL
Hakeem Olajuwon,5061000,C,2002,TOR
Jerome Williams,5000000,PF,2002,TOR
Doug Christie,5000000,SG,2002,SAC
Walt Williams,5000000,SF,2002,HOU
Peja Stojakovic,5000000,SF,2002,SAC
Bob Sura,4913000,PG,2002,GSW
Jason Caffey,4812000,PF,2002,MIL
Howard Eisley,4781000,PG,2002,NYK
Vitaly Potapenko,4762000,C,2002,BOS
Brent Barry,4680000,SG,2002,SEA
Michael Olowokandi,4662000,C,2002,LAC
Scott Williams,4650000,PF,2002,DEN
Calvin Booth,4539000,C,2002,SEA
Anthony Mason,4538000,PF,2002,MIL
Joe Smith,4538000,C,2002,MIN
Ruben Patterson,4538000,SF,2002,POR
Clarence Weatherspoon,4538000,PF,2002,NYK
Avery Johnson,4538000,PG,2002,DAL
Brevin Knight,4500000,PG,2002,MEM
Nazr Mohammed,4500000,C,2002,ATL
Ben Wallace,4500000,C,2002,DET
Eric Williams,4448000,SF,2002,BOS
Danny Fortson,4441000,PF,2002,GSW
Christian Laettner,4421000,PF,2002,WAS
Jahidi White,4413000,C,2002,WAS
Kurt Thomas,4413000,C,2002,NYK
Rashard Lewis,4413000,SF,2002,SEA
Cuttino Mobley,4412000,SG,2002,HOU
Brad Miller,4400000,C,2002,IND
Adonal Foyle,4400000,C,2002,GSW
Scot Pollard,4344000,C,2002,SAC
Voshon Lenard,4252000,SG,2002,DEN
Mike Bibby,4174000,PG,2002,SAC
Shawn Bradley,4155000,C,2002,DAL
Corliss Williamson,4000000,SF,2002,DET
Aaron McKie,4000000,SG,2002,PHI
Sam Cassell,4000000,PG,2002,MIL
Greg Anthony,3940000,PG,2002,MIL
Elton Brand,3882000,PF,2002,LAC
Mark Jackson,3860000,PG,2002,NYK
Michael Stewart,3840000,C,2002,TOR
Kenyon Martin,3801000,PF,2002,NJN
Rick Fox,3791000,SF,2002,LAL
Raef LaFrentz,3755000,C,2002,DAL
Lamond Murray,3750000,SF,2002,CLE
Eric Snow,3750000,PG,2002,PHI
Kwame Brown,3697000,PF,2002,WAS
Brent Price,3680000,PG,2002,SAC
Ervin Johnson,3670000,C,2002,MIL
Jud Buechler,3666000,SF,2002,ORL
Tony Battie,3600000,C,2002,BOS
Travis Knight,3600000,C,2002,NYK
Moochie Norris,3600000,PG,2002,HOU
Zeljko Rebraca,3500000,C,2002,DET
Steve Francis,3473000,PG,2002,HOU
Stromile Swift,3401000,PF,2002,MEM
Tracy Murray,3400000,SF,2002,TOR
Antawn Jamison,3388000,SF,2002,GSW
Tim Hardaway,3360000,PG,2002,DEN
Tyrone Nesby,3260000,SF,2002,WAS
Travis Best,3250000,PG,2002,CHI
Anthony Carter,3250000,PG,2002,MIA
Marc Jackson,3250000,C,2002,MIN
David Wesley,3240000,SG,2002,CHH
Dean Garrett,3240000,C,2002,GSW
Walter McCarty,3125000,PF,2002,BOS
Baron Davis,3119000,PG,2002,CHH
Vince Carter,3073000,SG,2002,TOR
Darius Miles,3054000,SF,2002,LAC
Evan Eschmeyer,3038000,C,2002,DAL
Jaren Jackson,3020000,SG,2002,ORL
Derek Fisher,3000000,PG,2002,LAL
Eric Piatkowski,3000000,SG,2002,LAC
Antonio Daniels,3000000,SG,2002,SAS
LaPhonso Ellis,3000000,SF,2002,MIA
Kevin Willis,3000000,PF,2002,HOU
Lawrence Funderburke,3000000,PF,2002,SAC
Anthony Peeler,2978000,SG,2002,MIN
Pau Gasol,2970000,PF,2002,MEM
Andrew DeClercq,2900000,C,2002,ORL
Lamar Odom,2812000,SF,2002,LAC
Robert Traylor,2793000,PF,2002,CHH
Tyson Chandler,2756000,C,2002,CHI
Marcus Fizer,2754000,PF,2002,CHI
Lindsey Hunter,2700000,PG,2002,LAL
Chris Whitney,2666000,PG,2002,WAS
John Wallace,2630000,SF,2002,PHO
Jason Williams,2554000,PG,2002,MEM
Jonathan Bender,2546000,SF,2002,IND
Mikki Moore,2531000,C,2002,DET
Chris Gatling,2504000,PF,2002,MIA
Chris Crawford,2500000,PF,2002,ATL
Mike Miller,2494000,SF,2002,ORL
Eric Montross,2480000,C,2002,TOR
Othella Harrington,2475000,PF,2002,NYK
John Starks,2475000,SG,2002,UTA
Randy Brown,2475000,PG,2002,BOS
Bimbo Coles,2475000,PG,2002,CLE
Aaron Williams,2475000,PF,2002,NJN
Tony Delk,2475000,SG,2002,BOS
Chauncey Billups,2475000,PG,2002,MIN
Bobby Jackson,2475000,PG,2002,SAC
Horace Grant,2419000,C,2002,ORL
Steve Kerr,2406000,PG,2002,POR
Rodney Rogers,2400000,SF,2002,BOS
Sean Rooks,2400000,C,2002,LAC
Terry Porter,2400000,PG,2002,SAS
Calbert Cheaney,2400000,SG,2002,DEN
Michael Curry,2400000,SG,2002,DET
George McCloud,2400000,SF,2002,DEN
Lucious Harris,2400000,SG,2002,NJN
George Lynch,2400000,SF,2002,CHH
Grant Long,2400000,PF,2002,MEM
Hubert Davis,2368000,SG,2002,WAS
Larry Hughes,2343000,SG,2002,GSW
Wally Szczerbiak,2313000,SF,2002,MIN
Malik Rose,2285000,PF,2002,SAS
Vinny Del Negro,2275000,PG,2002,PHO
DerMarr Johnson,2265000,SF,2002,ATL
Eddy Curry,2232000,C,2002,CHI
Shane Battier,2203000,SF,2002,MEM
John Amaechi,2175000,PF,2002,UTA
Dirk Nowitzki,2157000,C,2002,DAL
Patrick Ewing,2118000,C,2002,ORL
Richard Hamilton,2111000,SG,2002,WAS
Dell Curry,2100000,SG,2002,TOR
Chris Mihm,2067000,C,2002,CLE
Paul Pierce,2051000,SG,2002,BOS
Bonzi Wells,2028000,SG,2002,POR
Jason Richardson,2021000,SG,2002,GSW
Eddie Griffin,2011000,PF,2002,HOU
Michael Doleac,2000000,C,2002,CLE
Bryant Stith,2000000,SG,2002,CLE
Keon Clark,1971000,C,2002,TOR
Michael Dickerson,1940000,SG,2002,MEM
Andre Miller,1934000,PG,2002,CLE
Greg Foster,1924000,PF,2002,MIL
Matt Harpring,1908000,SF,2002,PHI
Jamal Crawford,1894000,PG,2002,CHI
DeSagana Diop,1842000,C,2002,CLE
Shawn Marion,1778000,SF,2002,PHO
Darvin Ham,1760000,SF,2002,MIL
Shammond Williams,1750000,SG,2002,SEA
Joel Przybilla,1741000,C,2002,MIL
Rasho Nesterovic,1725000,C,2002,MIN
Tyronn Lue,1714000,PG,2002,WAS
Rodney White,1694000,SF,2002,DET
Jason Terry,1689000,SG,2002,ATL
Keyon Dooling,1654000,PG,2002,LAC
Joe Johnson,1608000,SG,2002,PHO
Trajan Langdon,1604000,SG,2002,CLE
Johnny Newman,1575000,SF,2002,DAL
Jerome Moiso,1571000,C,2002,CHH
Pat Garrity,1569000,PF,2002,ORL
Kedrick Brown,1528000,SF,2002,BOS
Tony Massenburg,1500000,PF,2002,MEM
Danny Manning,1500000,PF,2002,DAL
Dana Barros,1500000,PG,2002,DET
Ricky Davis,1496000,SF,2002,CLE
Etan Thomas,1493000,C,2002,WAS
Brian Skinner,1483000,PF,2002,CLE
Corie Blount,1452000,PF,2002,PHI
Vladimir Radmanovic,1452000,PF,2002,SEA
Corey Maggette,1448000,SG,2002,LAC
Al Harrington,1436000,PF,2002,IND
Courtney Alexander,1418000,SG,2002,WAS
Samaki Walker,1400000,PF,2002,LAL
Richard Jefferson,1379000,SF,2002,NJN
Mateen Cleaves,1347000,PG,2002,SAC
Troy Murphy,1310000,PF,2002,GSW
Eldridge Recasner,1300000,PG,2002,LAC
Bryce Drew,1300000,PG,2002,CHH
Matt Bullard,1300000,PF,2002,CHH
Popeye Jones,1300000,PF,2002,WAS
Jason Collier,1280000,C,2002,HOU
Metta World Peace,1241000,SF,2002,IND
Hedo Turkoglu,1216000,SF,2002,SAC
Greg Buckner,1210000,SG,2002,DAL
Kirk Haston,1182000,PF,2002,CHH
Cal Bowdler,1179000,PF,2002,ATL
Desmond Mason,1155000,SF,2002,SEA
Michael Bradley,1124000,PF,2002,TOR
James Posey,1120000,SF,2002,DEN
Quentin Richardson,1097000,SG,2002,LAC
Quincy Lewis,1070000,SG,2002,UTA
Jason Collins,1067000,C,2002,NJN
Jamaal Magloire,1048000,C,2002,CHH
Steven Hunter,1037000,C,2002,ORL
Dion Glover,1027000,SG,2002,ATL
Zach Randolph,1019000,PF,2002,POR
Speedy Claxton,1006000,PG,2002,PHI
Michael Jordan,1000000,SF,2002,WAS
Danny Ferry,1000000,SF,2002,SAS
Fred Hoiberg,1000000,SG,2002,CHI
Don Reid,1000000,PF,2002,ORL
John Crotty,1000000,PG,2002,UTA
Mark Bryant,1000000,PF,2002,SAS
Jeff Foster,986000,C,2002,IND
Morris Peterson,966000,SF,2002,TOR
Kenny Thomas,946000,PF,2002,HOU
Joseph Forte,939000,SG,2002,BOS
Donnell Harvey,927000,PF,2002,DEN
Jeryl Sasser,902000,SG,2002,ORL
DeShawn Stevenson,890000,SG,2002,UTA
Brandon Armstrong,865000,SG,2002,NJN
Tim James,837000,SF,2002,PHI
Devean George,834000,SF,2002,LAL
Andrei Kirilenko,831000,SF,2002,UTA
Jake Tsakalidis,820000,C,2002,PHO
Brendan Haywood,815000,C,2002,WAS
Vonteego Cummings,810000,PG,2002,PHI
Jumaine Jones,786000,PF,2002,CLE
Scott Padgett,781000,PF,2002,UTA
Samuel Dalembert,771000,C,2002,PHI
Erick Barkley,765000,PG,2002,POR
Mark Madsen,760000,PF,2002,LAL
Jamaal Tinsley,749000,PG,2002,IND
Primoz Brezec,749000,C,2002,IND
Tony Parker,744000,PG,2002,SAS
Bruce Bowen,715000,SF,2002,SAS
Cherokee Parks,715000,C,2002,SAS
Emanual Davis,715000,PG,2002,ATL
Milt Palacio,690000,PG,2002,PHO
Gerald Wallace,664000,SF,2002,SAC
Earl Boykins,650000,PG,2002,LAC
Adrian Griffin,648000,SG,2002,DAL
Ryan Bowen,630000,SF,2002,DEN
Rafer Alston,625000,PG,2002,MIL
Harold Jamison,600000,PF,2002,LAC
Mitchell Butler,591000,SG,2002,POR
Kevin Ollie,591000,PG,2002,IND
Chris Dudley,591000,C,2002,POR
Rick Brunson,591000,PG,2002,POR
Brian Shaw,591000,PG,2002,LAL
Felton Spencer,591000,C,2002,NYK
Larry Robinson,591000,SG,2002,NYK
Gary Trent,591000,PF,2002,MIN
Sam Mitchell,591000,SF,2002,MIN
Erick Strickland,591000,PG,2002,BOS
Carlos Rogers,591000,C,2002,IND
Rod Strickland,591000,PG,2002,MIA
Troy Hudson,591000,PG,2002,ORL
Victor Alexander,591000,C,2002,DET
Monty Williams,591000,SF,2002,ORL
Shawnelle Scott,591000,C,2002,DEN
Mark Pope,591000,PF,2002,MIL
Antonio Harvey,591000,PF,2002,SEA
Jeff McInnis,590000,PG,2002,LAC
Darrick Martin,590000,PG,2002,DAL
Jacque Vaughn,590000,PG,2002,ATL
Kendall Gill,590000,SG,2002,MIA
Mitch Richmond,590000,SG,2002,LAL
Dan Majerle,590000,SG,2002,PHO
Sean Marks,566000,C,2002,MIA
Vladimir Stepania,566000,C,2002,MIA
Damon Jones,566000,PG,2002,DET
Bruno Sundov,565000,C,2002,IND
Felipe Lopez,565000,SG,2002,MIN
Todd MacCulloch,550000,C,2002,NJN
Amal McCaskill,541000,C,2002,SAS
Derrick Dial,541000,SG,2002,TOR
Charles Smith,541000,SG,2002,SAS
Jelani McCoy,541000,C,2002,LAL
Obinna Ekezie,541000,PF,2002,LAC
Michael Ruffin,540000,PF,2002,PHI
Rodney Buford,540000,SG,2002,MEM
Mark Blount,540000,C,2002,BOS
Mark Strickland,539000,SF,2002,ATL
Terence Morris,490000,SF,2002,HOU
Jim Jackson,480000,SF,2002,MIA
Predrag Drobnjak,479000,C,2002,SEA
Art Long,466000,PF,2002,SEA
Lee Nailon,466000,SF,2002,CHH
Zendon Hamilton,466000,PF,2002,DEN
Lavor Postell,466000,SG,2002,NYK
Jerome James,466000,C,2002,SEA
Olumide Oyedeji,466000,C,2002,SEA
Eduardo Najera,465000,PF,2002,DAL
Raja Bell,465000,SG,2002,PHI
Michael Redd,465000,SG,2002,MIL
Jason Hart,465000,PG,2002,SAS
Daniel Santiago,465000,C,2002,PHO
Dan Langhi,465000,SF,2002,HOU
Eddie Gill,465000,PG,2002,MEM
Eddie House,465000,PG,2002,MIA
Jake Voskuhl,465000,C,2002,PHO
Stephen Jackson,465000,SF,2002,SAS
A.J. Guyton,465000,PG,2002,CHI
Brian Cardinal,465000,PF,2002,DET
Hanno Mottola,465000,C,2002,ATL
Reggie Slater,438000,PF,2002,ATL
Steve Goodrich,389000,SF,2002,NJN
Gilbert Arenas,333000,PG,2002,GSW
Ratko Varda,333000,C,2002,DET
Earl Watson,333000,PG,2002,SEA
Jarron Collins,333000,C,2002,UTA
Kenny Satterfield,333000,PG,2002,DEN
Malik Allen,333000,PF,2002,MIA
Jamison Brewer,333000,SG,2002,IND
Trenton Hassell,333000,SG,2002,CHI
Tierre Brown,333000,SG,2002,HOU
Oscar Torres,333000,SG,2002,HOU
Dean Oliver,333000,PG,2002,GSW
Norm Richardson,333000,SG,2002,CHI
Brian Scalabrine,333000,PF,2002,NJN
Carlos Arroyo,333000,PG,2002,DEN
Ernest Brown,333000,C,2002,MIA
Antonis Fotsis,332000,PF,2002,MEM
Maurice Evans,332000,SG,2002,MIN
Damone Brown,332000,SF,2002,PHI
Will Solomon,332000,SG,2002,MEM
Alvin Jones,332000,C,2002,PHI
Bobby Simmons,332000,SF,2002,WAS
Alton Ford,332000,PF,2002,PHO
Jeff Trepagnier,332000,SG,2002,CLE
Loren Woods,332000,C,2002,MIN
Jabari Smith,304000,C,2002,PHI
Mike James,237000,PG,2002,MIA
Kevin Garnett,25200000,PF,2003,MIN
Shaquille O'Neal,23571000,C,2003,LAL
Shawn Kemp,21500000,C,2003,ORL
Juwan Howard,20625000,PF,2003,DEN
Scottie Pippen,19727000,SF,2003,POR
Karl Malone,19250000,PF,2003,UTA
Rasheed Wallace,16200000,PF,2003,POR
Dikembe Mutombo,16105000,C,2003,NJN
Chris Webber,14343000,PF,2003,SAC
Damon Stoudamire,13500000,PG,2003,POR
Gary Payton,13080000,PG,2003,MIL
Antoine Walker,12375000,PF,2003,BOS
Shareef Abdur-Rahim,12375000,PF,2003,ATL
Allen Iverson,12375000,SG,2003,PHI
Latrell Sprewell,12375000,SF,2003,NYK
Vin Baker,12375000,C,2003,BOS
Zydrunas Ilgauskas,12375000,C,2003,CLE
Anfernee Hardaway,12375000,SG,2003,PHO
Ray Allen,12375000,SG,2003,SEA
Kobe Bryant,12375000,SG,2003,LAL
Stephon Marbury,12375000,PG,2003,PHO
Tracy McGrady,12072000,SG,2003,ORL
Tim Duncan,12072000,PF,2003,SAS
Jalen Rose,12072000,SF,2003,CHI
Keith Van Horn,12072000,PF,2003,PHI
Grant Hill,12072000,SF,2003,ORL
Reggie Miller,12046000,SG,2003,IND
Antonio Davis,12000000,C,2003,TOR
Michael Finley,11953000,SF,2003,DAL
Vlade Divac,11248000,C,2003,SAC
Eddie Jones,11200000,SG,2003,MIA
Brian Grant,11121000,C,2003,MIA
Allan Houston,11000000,SG,2003,NYK
Tom Gugliotta,10890000,PF,2003,PHO
Tim Thomas,10750000,SF,2003,MIL
Vince Carter,10625000,SG,2003,TOR
David Robinson,10500000,C,2003,SAS
Nick Van Exel,10003000,SG,2003,DAL
Steve Smith,9900000,SG,2003,SAS
Glenn Robinson,9860000,SF,2003,ATL
Derrick Coleman,9830000,C,2003,PHI
Theo Ratliff,9375000,C,2003,ATL
Jason Kidd,9260000,PG,2003,NJN
Glen Rice,9200000,SF,2003,HOU
Kenny Anderson,9185000,PG,2003,NOH
John Stockton,9000000,PG,2003,UTA
Kerry Kittles,8717000,SG,2003,NJN
Clifford Robinson,8421000,PF,2003,DET
Toni Kukoc,8050000,PF,2003,MIL
Dale Davis,8000000,C,2003,POR
Elden Campbell,7975000,C,2003,SEA
Greg Ostertag,7799000,C,2003,UTA
Jamal Mashburn,7750000,SF,2003,NOH
Maurice Taylor,7150000,PF,2003,HOU
Derek Anderson,7145000,PG,2003,POR
Donyell Marshall,7140000,PF,2003,CHI
Alan Henderson,7091000,C,2003,ATL
P.J. Brown,7044000,PF,2003,NOH
Wesley Person,7000000,SG,2003,MEM
Austin Croshere,6960000,PF,2003,IND
Jermaine O'Neal,6950000,PF,2003,IND
Erick Dampier,6858000,C,2003,GSW
Marcus Camby,6750000,C,2003,DEN
Kelvin Cato,6696000,C,2003,HOU
Ron Mercer,6618000,SG,2003,IND
Tyrone Hill,6600000,PF,2003,PHI
Bo Outlaw,6555000,C,2003,PHO
Shandon Anderson,6100000,SF,2003,NYK
Michael Olowokandi,6061000,C,2003,LAC
Lorenzen Wright,6050000,C,2003,MEM
Jerry Stackhouse,6000000,SG,2003,WAS
Chris Mills,6000000,PF,2003,GSW
Steve Nash,5750000,PG,2003,DAL
Charlie Ward,5750000,PG,2003,NYK
Eddie Robinson,5726000,SF,2003,CHI
Doug Christie,5625000,SG,2003,SAC
Peja Stojakovic,5625000,SF,2003,SAC
Tariq Abdul-Wahad,5625000,SG,2003,DAL
Bob Sura,5540000,SG,2003,GSW
Mike Bibby,5448000,PG,2003,SAC
Alvin Williams,5350000,PG,2003,TOR
Howard Eisley,5312000,PG,2003,NYK
Robert Horry,5300000,PF,2003,LAL
Jerome Williams,5250000,PF,2003,TOR
Jason Caffey,5250000,PF,2003,MIL
Vitaly Potapenko,5238000,C,2003,SEA
Nazr Mohammed,5130000,C,2003,ATL
Brevin Knight,5062000,PG,2003,MEM
Eric Williams,5004000,SF,2003,BOS
Ben Wallace,5000000,C,2003,DET
Calvin Booth,4992000,C,2003,SEA
Anthony Mason,4992000,C,2003,MIL
Ruben Patterson,4992000,SF,2003,POR
Todd MacCulloch,4991000,C,2003,PHI
Joe Smith,4991000,SF,2003,MIN
Clarence Weatherspoon,4991000,PF,2003,NYK
Avery Johnson,4991000,PG,2003,DAL
Christian Laettner,4973000,PF,2003,WAS
Danny Fortson,4935000,PF,2003,GSW
Raef LaFrentz,4926000,C,2003,DAL
Kurt Thomas,4904000,C,2003,NYK
Jahidi White,4903000,C,2003,WAS
Cuttino Mobley,4903000,SG,2003,HOU
Rashard Lewis,4903000,SF,2003,SEA
Elton Brand,4895000,PF,2003,LAC
Scot Pollard,4827000,C,2003,SAC
Brad Miller,4800000,C,2003,IND
Shawn Bradley,4675000,C,2003,DAL
Corliss Williamson,4500000,SF,2003,DET
Aaron McKie,4500000,SF,2003,PHI
Sam Cassell,4500000,PG,2003,MIL
Antawn Jamison,4469000,SF,2003,GSW
Adonal Foyle,4400000,C,2003,GSW
Steve Francis,4383000,PG,2003,HOU
Mark Jackson,4220000,PG,2003,UTA
Rick Fox,4170000,SF,2003,LAL
Michael Stewart,4160000,PF,2003,CLE
Eric Snow,4125000,PG,2003,PHI
Kenyon Martin,4067000,PF,2003,NJN
Ervin Johnson,4030000,C,2003,MIL
Travis Knight,4000000,C,2003,NYK
Kwame Brown,3974000,C,2003,WAS
Baron Davis,3942000,PG,2003,NOH
Zeljko Rebraca,3850000,C,2003,DET
Tim Hardaway,3780000,PG,2003,IND
Tracy Murray,3740000,SF,2003,LAL
Robert Traylor,3726000,C,2003,NOH
Stromile Swift,3656000,PF,2003,MEM
Anthony Carter,3656000,PG,2003,MIA
David Wesley,3600000,SG,2003,NOH
Moochie Norris,3600000,PG,2003,HOU
Marc Jackson,3575000,C,2003,MIN
Lamar Odom,3557000,SF,2003,LAC
Jason Williams,3425000,PG,2003,MEM
Antonio Daniels,3375000,SG,2003,POR
LaPhonso Ellis,3300000,PF,2003,MIA
Lawrence Funderburke,3300000,PF,2003,SAC
Darius Miles,3267000,SF,2003,CLE
Andrew DeClercq,3263000,C,2003,ORL
Anthony Peeler,3220000,SG,2003,MIN
Pau Gasol,3194000,PF,2003,MEM
Larry Hughes,3159000,PG,2003,WAS
Evan Eschmeyer,3104000,C,2003,DAL
Derek Fisher,3000000,PG,2003,LAL
Lindsey Hunter,3000000,PG,2003,TOR
Chris Whitney,2962000,PG,2003,ORL
Marcus Fizer,2946000,PF,2003,CHI
Wally Szczerbiak,2933000,SF,2003,MIN
Dirk Nowitzki,2923000,PF,2003,DAL
Mikki Moore,2813000,C,2003,ATL
Paul Pierce,2793000,SG,2003,BOS
Bonzi Wells,2777000,SG,2003,POR
Matt Maloney,2775000,PG,2003,ATL
Michael Doleac,2753000,C,2003,NYK
Chris Crawford,2750000,PF,2003,ATL
Keon Clark,2726000,C,2003,SAC
Othella Harrington,2700000,PF,2003,NYK
Randy Brown,2700000,PG,2003,PHO
Bimbo Coles,2700000,PG,2003,BOS
Aaron Williams,2700000,C,2003,NJN
Tony Delk,2700000,PG,2003,BOS
Chauncey Billups,2700000,PG,2003,DET
Bobby Jackson,2700000,PG,2003,SAC
Michael Dickerson,2699000,SG,2003,MEM
Richard Hamilton,2681000,SG,2003,DET
Mike Miller,2668000,SF,2003,MEM
Matt Harpring,2667000,SF,2003,UTA
Horace Grant,2662000,PF,2003,ORL
Sean Rooks,2640000,C,2003,LAC
Lucious Harris,2640000,SG,2003,NJN
Hubert Davis,2631000,SG,2003,DET
Steve Kerr,2625000,PG,2003,SAS
Michael Curry,2600000,SF,2003,DET
George Lynch,2600000,SG,2003,NOH
Andre Miller,2460000,PG,2003,LAC
Rasho Nesterovic,2436000,C,2003,MIN
Stacey Augmon,2400000,SG,2003,NOH
John Amaechi,2393000,C,2003,UTA
Shane Battier,2368000,SF,2003,MEM
Shawn Marion,2265000,SF,2003,PHO
Pat Garrity,2238000,PF,2003,ORL
Chris Mihm,2222000,C,2003,CLE
Eddie Griffin,2162000,PF,2003,HOU
Ricky Davis,2156000,SG,2003,CLE
Jason Terry,2153000,PG,2003,ATL
Brian Skinner,2148000,PF,2003,PHI
Al Harrington,2110000,SF,2003,IND
Corey Maggette,2069000,SG,2003,LAC
Jamal Crawford,2026000,PG,2003,CHI
Shammond Williams,1987000,PG,2003,DEN
DeSagana Diop,1980000,PF,2003,CLE
Metta World Peace,1904000,SF,2003,IND
Tyronn Lue,1885000,PG,2003,WAS
Joel Przybilla,1862000,C,2003,MIL
Rodney White,1821000,SG,2003,DEN
Keyon Dooling,1769000,SG,2003,LAC
Joe Johnson,1729000,SG,2003,PHO
James Posey,1723000,SF,2003,HOU
Jerome Moiso,1681000,C,2003,NOH
Danny Manning,1650000,PF,2003,DET
Kedrick Brown,1643000,SF,2003,BOS
Tony Massenburg,1636000,C,2003,UTA
Etan Thomas,1605000,PF,2003,WAS
Dion Glover,1584000,SG,2003,ATL
Jeff Foster,1571000,C,2003,IND
Vladimir Radmanovic,1561000,PF,2003,SEA
Kenny Thomas,1557000,PF,2003,PHI
Devean George,1542000,SF,2003,LAL
Samaki Walker,1540000,C,2003,LAL
Courtney Alexander,1524000,PG,2003,NOH
Richard Jefferson,1482000,SF,2003,NJN
Mateen Cleaves,1441000,PG,2003,SAC
Jumaine Jones,1419000,SF,2003,CLE
Scott Padgett,1410000,PF,2003,UTA
Troy Murphy,1409000,PF,2003,GSW
Corie Blount,1400000,C,2003,CHI
Brian Shaw,1400000,PG,2003,LAL
Calbert Cheaney,1400000,SG,2003,UTA
Monty Williams,1400000,SF,2003,PHI
Jason Collier,1376000,C,2003,HOU
Hedo Turkoglu,1300000,SF,2003,SAC
Bryce Drew,1300000,PG,2003,NOH
Kirk Haston,1271000,SF,2003,NOH
Desmond Mason,1235000,SF,2003,MIL
Michael Bradley,1208000,PF,2003,TOR
Quentin Richardson,1174000,SG,2003,LAC
Jason Collins,1147000,C,2003,NJN
Jamaal Magloire,1126000,C,2003,NOH
Danny Ferry,1100000,SF,2003,SAS
Fred Hoiberg,1100000,SG,2003,CHI
Don Reid,1100000,PF,2003,DET
Mark Bryant,1100000,PF,2003,BOS
Zach Randolph,1096000,PF,2003,POR
Speedy Claxton,1081000,PG,2003,SAS
Morris Peterson,1033000,SF,2003,TOR
Michael Jordan,1030000,SF,2003,WAS
Joseph Forte,1009000,SG,2003,SEA
Kevin Willis,1000000,C,2003,SAS
Donnell Harvey,992000,SF,2003,DEN
Jeryl Sasser,969000,SG,2003,ORL
DeShawn Stevenson,956000,SG,2003,UTA
Brandon Armstrong,930000,SG,2003,NJN
Andrei Kirilenko,893000,SF,2003,UTA
Jake Tsakalidis,877000,C,2003,PHO
Bruce Bowen,824000,SF,2003,SAS
Cherokee Parks,824000,PF,2003,LAC
Emanual Davis,824000,SG,2003,ATL
Mark Madsen,817000,PF,2003,LAL
Jamaal Tinsley,805000,PG,2003,IND
Primoz Brezec,805000,C,2003,IND
Tony Parker,800000,PG,2003,SAS
Milt Palacio,749000,PG,2003,CLE
Gerald Wallace,714000,SF,2003,SAC
Jacque Vaughn,700000,PG,2003,ORL
Earl Boykins,700000,PG,2003,GSW
Vladimir Stepania,637000,C,2003,MIA
Mark Blount,637000,C,2003,BOS
Amal McCaskill,612000,C,2003,ATL
Charles Smith,612000,SG,2003,POR
Ryan Bowen,587000,SG,2003,DEN
Jake Voskuhl,587000,C,2003,PHO
Stephen Jackson,587000,SG,2003,SAS
Olumide Oyedeji,587000,C,2003,ORL
Predrag Drobnjak,526000,C,2003,SEA
Gilbert Arenas,512000,PG,2003,GSW
Damone Brown,512000,PF,2003,TOR
Terence Morris,512000,SF,2003,HOU
Jamison Brewer,512000,PG,2003,IND
Trenton Hassell,512000,SG,2003,CHI
Alton Ford,512000,PF,2003,PHO
Jeff Trepagnier,512000,SG,2003,DEN
Brian Scalabrine,512000,PF,2003,NJN
Kevin Garnett,28000000,PF,2004,MIN
Shaquille O'Neal,26571000,C,2004,LAL
Rasheed Wallace,18000000,PF,2004,DET
Dikembe Mutombo,17895000,C,2004,NYK
Allan Houston,15937000,SG,2004,NYK
Chris Webber,15937000,PF,2004,SAC
Damon Stoudamire,14625000,PG,2004,POR
Antoine Walker,13500000,PF,2004,DAL
Antonio McDyess,13500000,PF,2004,PHO
Shareef Abdur-Rahim,13500000,PF,2004,POR
Allen Iverson,13500000,SG,2004,PHI
Latrell Sprewell,13500000,SF,2004,MIN
Vin Baker,13500000,PF,2004,NYK
Zydrunas Ilgauskas,13500000,C,2004,CLE
Anfernee Hardaway,13500000,SG,2004,NYK
Ray Allen,13500000,SG,2004,SEA
Kobe Bryant,13500000,SG,2004,LAL
Stephon Marbury,13500000,PG,2004,NYK
Michael Finley,13281000,SG,2004,DAL
Keith Van Horn,13280000,SF,2004,MIL
Tracy McGrady,13279000,SG,2004,ORL
Tim Duncan,13279000,PF,2004,SAS
Jalen Rose,13279000,PG,2004,TOR
Eddie Jones,12320000,SG,2004,MIA
Brian Grant,12234000,C,2004,MIA
Vlade Divac,12051000,C,2004,SAC
Antonio Davis,12000000,C,2004,CHI
Vince Carter,11953000,SG,2004,TOR
Tim Thomas,11825000,SF,2004,NYK
Tom Gugliotta,11668000,PF,2004,UTA
Jason Kidd,10950000,PG,2004,NJN
Nick Van Exel,10912000,PG,2004,GSW
Glenn Robinson,10730000,SF,2004,PHI
Theo Ratliff,10156000,C,2004,POR
Glen Rice,9600000,SF,2004,LAC
Kerry Kittles,9267000,SG,2004,NJN
Greg Ostertag,8666000,C,2004,UTA
Jamal Mashburn,8525000,SF,2004,NOH
Toni Kukoc,8050000,PF,2004,MIL
Maurice Taylor,7800000,PF,2004,HOU
Derek Anderson,7794000,SG,2004,POR
Wesley Person,7700000,SG,2004,ATL
Alan Henderson,7682000,PF,2004,ATL
Austin Croshere,7610000,PF,2004,IND
Erick Dampier,7482000,C,2004,GSW
Kelvin Cato,7344000,PF,2004,HOU
Marcus Camby,7250000,C,2004,DEN
Ron Mercer,7169000,SG,2004,SAS
Shandon Anderson,6700000,SG,2004,NYK
Lorenzen Wright,6600000,C,2004,MEM
Jerry Stackhouse,6500000,SF,2004,WAS
Elton Brand,6364000,PF,2004,LAC
Doug Christie,6250000,SG,2004,SAC
Peja Stojakovic,6250000,SF,2004,SAC
Eddie Robinson,6246000,SF,2004,CHI
Bob Sura,6166000,SG,2004,ATL
Charlie Ward,6030000,PG,2004,SAS
Bo Outlaw,5955000,PF,2004,MEM
Howard Eisley,5843000,PG,2004,PHO
Steve Nash,5750000,PG,2004,DAL
Steve Francis,5720000,PG,2004,HOU
Vitaly Potapenko,5715000,C,2004,SEA
Nazr Mohammed,5700000,C,2004,NYK
Eric Williams,5560000,SF,2004,CLE
Christian Laettner,5526000,PF,2004,WAS
Alvin Williams,5500000,SG,2004,TOR
Ben Wallace,5500000,C,2004,DET
Ruben Patterson,5447000,SF,2004,POR
Calvin Booth,5446000,C,2004,SEA
Joe Smith,5445000,PF,2004,MIL
Clarence Weatherspoon,5445000,PF,2004,HOU
Avery Johnson,5445000,PG,2004,GSW
Danny Fortson,5428000,C,2004,DAL
Jerome Williams,5400000,PF,2004,CHI
Brent Barry,5400000,SG,2004,SEA
Jahidi White,5394000,C,2004,PHO
Kurt Thomas,5394000,PF,2004,NYK
Cuttino Mobley,5393000,SG,2004,HOU
Scot Pollard,5310000,C,2004,IND
Robert Horry,5300000,PF,2004,SAS
Shawn Bradley,5194000,C,2004,DAL
Baron Davis,5173000,PG,2004,NOH
Kenyon Martin,5128000,PF,2004,NJN
Brevin Knight,5062000,PG,2004,MIL
Corliss Williamson,5000000,PF,2004,DET
Aaron McKie,5000000,SF,2004,PHI
Lamar Odom,4692000,PF,2004,MIA
Stromile Swift,4614000,PF,2004,MEM
Mark Jackson,4580000,PG,2004,HOU
Rick Fox,4549000,SF,2004,LAL
Lamond Murray,4500000,SF,2004,TOR
Eric Snow,4500000,PG,2004,PHI
Michael Stewart,4480000,C,2004,BOS
Tony Battie,4400000,C,2004,BOS
Tony Battie,4400000,C,2004,CLE
Adonal Foyle,4400000,C,2004,GSW
Jonathan Bender,4278000,SF,2004,IND
Kwame Brown,4252000,PF,2004,WAS
Zeljko Rebraca,4200000,C,2004,ATL
Darius Miles,4130000,SF,2004,POR
Anthony Carter,4063000,PG,2004,SAS
David Wesley,3960000,SG,2004,NOH
Wally Szczerbiak,3912000,SF,2004,MIN
Chucky Atkins,3900000,PG,2004,BOS
Marc Jackson,3900000,PF,2004,PHI
Marcus Fizer,3726000,SF,2004,CHI
Andrew DeClercq,3625000,C,2004,ORL
Moochie Norris,3600000,PG,2004,NYK
Richard Hamilton,3596000,SG,2004,DET
Pau Gasol,3417000,PF,2004,MEM
Mike Miller,3380000,SF,2004,MEM
Andre Miller,3317000,PG,2004,DEN
Lindsey Hunter,3300000,SG,2004,DET
Chris Whitney,3259000,PG,2004,WAS
DerMarr Johnson,3087000,SF,2004,NYK
Shawn Marion,3069000,SF,2004,PHO
Derek Fisher,3000000,SG,2004,LAL
Chris Crawford,3000000,PF,2004,ATL
Jason Terry,2933000,PG,2004,ATL
Othella Harrington,2925000,PF,2004,NYK
Bimbo Coles,2925000,PG,2004,MIA
Aaron Williams,2925000,C,2004,NJN
Tony Delk,2925000,SG,2004,DAL
Bobby Jackson,2925000,SG,2004,SAC
Horace Grant,2903000,PF,2004,LAL
Hubert Davis,2894000,SG,2004,NJN
Corey Maggette,2862000,SF,2004,LAC
Chris Mihm,2823000,C,2004,BOS
Michael Curry,2800000,SF,2004,TOR
George Lynch,2800000,SF,2004,NOH
Metta World Peace,2676000,SF,2004,IND
Jamal Crawford,2577000,SG,2004,CHI
Shane Battier,2533000,SF,2004,MEM
James Posey,2445000,SG,2004,MEM
Joel Przybilla,2373000,C,2004,ATL
Quincy Lewis,2350000,SF,2004,MIN
Dion Glover,2270000,SG,2004,TOR
Jeff Foster,2264000,C,2004,IND
Keyon Dooling,2256000,PG,2004,LAC
Devean George,2244000,SF,2004,LAL
Jerome Moiso,2230000,PF,2004,TOR
Kenny Thomas,2225000,PF,2004,PHI
Etan Thomas,2211000,C,2004,WAS
Mateen Cleaves,2134000,PG,2004,CLE
DeSagana Diop,2118000,C,2004,CLE
Jason Collier,2109000,C,2004,ATL
Jumaine Jones,2104000,SG,2004,BOS
Scott Padgett,2102000,PF,2004,HOU
Hedo Turkoglu,1995000,SF,2004,SAS
Rodney White,1948000,SF,2004,DEN
Desmond Mason,1898000,SF,2004,MIL
Joe Johnson,1850000,SG,2004,PHO
Quentin Richardson,1805000,SG,2004,LAC
Kedrick Brown,1757000,SF,2004,CLE
Jamaal Magloire,1735000,C,2004,NOH
Vladimir Radmanovic,1670000,PF,2004,SEA
Speedy Claxton,1667000,PG,2004,GSW
Morris Peterson,1646000,SF,2004,TOR
Donnell Harvey,1631000,PF,2004,PHO
DeShawn Stevenson,1624000,SG,2004,ORL
Richard Jefferson,1586000,SF,2004,NJN
Jake Tsakalidis,1580000,C,2004,MEM
Troy Murphy,1507000,PF,2004,GSW
Mark Madsen,1474000,C,2004,MIN
Bryce Drew,1300000,PG,2004,NOH
Michael Bradley,1292000,C,2004,ATL
Jason Collins,1227000,C,2004,NJN
Zach Randolph,1172000,PF,2004,POR
Brandon Armstrong,995000,SG,2004,NJN
Andrei Kirilenko,956000,PF,2004,UTA
Samuel Dalembert,887000,C,2004,PHI
Primoz Brezec,862000,C,2004,IND
Jamaal Tinsley,861000,PG,2004,IND
Tony Parker,856000,PG,2004,SAS
Gerald Wallace,764000,SF,2004,SAC
Predrag Drobnjak,639000,C,2004,LAC
Trenton Hassell,587000,SG,2004,MIN
Shaquille O'Neal,29464000,C,2005,MIA
Dikembe Mutombo,19684000,C,2005,HOU
Allan Houston,17531000,SG,2005,NYK
Chris Webber,17351000,PF,2005,PHI
Damon Stoudamire,15750000,PG,2005,POR
Antoine Walker,14625000,PF,2005,BOS
Shareef Abdur-Rahim,14625000,PF,2005,POR
Allen Iverson,14625000,PG,2005,PHI
Latrell Sprewell,14625000,SF,2005,MIN
Vin Baker,14625000,PF,2005,HOU
Zydrunas Ilgauskas,14625000,C,2005,CLE
Anfernee Hardaway,14625000,SF,2005,NYK
Ray Allen,14625000,SG,2005,SEA
Kobe Bryant,14625000,SG,2005,LAL
Stephon Marbury,14625000,PG,2005,NYK
Michael Finley,14609000,SG,2005,DAL
Tracy McGrady,14487000,SF,2005,HOU
Jalen Rose,14487000,SF,2005,TOR
Keith Van Horn,14487000,SF,2005,DAL
Grant Hill,14487000,SF,2005,ORL
Eddie Jones,13440000,SF,2005,MIA
Brian Grant,13346000,C,2005,LAL
Vince Carter,13281000,SF,2005,NJN
Tim Thomas,12900000,SF,2005,NYK
Antonio Davis,12000000,PF,2005,CHI
Glenn Robinson,12000000,SF,2005,SAS
Nick Van Exel,11821000,SG,2005,POR
Theo Ratliff,10937000,C,2005,POR
Kerry Kittles,9817000,SG,2005,LAC
Maurice Taylor,8450000,PF,2005,NYK
Derek Anderson,8444000,SG,2005,POR
Alan Henderson,8273000,PF,2005,DAL
Austin Croshere,8260000,PF,2005,IND
Erick Dampier,8105000,C,2005,DAL
Kelvin Cato,7992000,C,2005,ORL
Marcus Camby,7750000,C,2005,DEN
Shandon Anderson,7300000,SF,2005,MIA
Lorenzen Wright,7150000,C,2005,MEM
Jerry Stackhouse,7000000,SG,2005,DAL
Doug Christie,6875000,SG,2005,ORL
Peja Stojakovic,6875000,SF,2005,SAC
Kenyon Martin,6667000,PF,2005,DEN
Howard Eisley,6375000,PG,2005,UTA
Nazr Mohammed,6270000,C,2005,SAS
Vitaly Potapenko,6191000,C,2005,SEA
Christian Laettner,6078000,PF,2005,MIA
Stromile Swift,6022000,PF,2005,MEM
Ben Wallace,6000000,C,2005,DET
Danny Fortson,5922000,C,2005,SEA
Calvin Booth,5900000,C,2005,MIL
Joe Smith,5899000,PF,2005,MIL
Ruben Patterson,5899000,SF,2005,POR
Clarence Weatherspoon,5899000,PF,2005,HOU
Kurt Thomas,5885000,PF,2005,NYK
Jahidi White,5884000,C,2005,CHA
Cuttino Mobley,5883000,SG,2005,SAC
Scot Pollard,5792000,C,2005,IND
Steve Nash,5750000,PG,2005,PHO
Shawn Bradley,5714000,C,2005,DAL
Jerome Williams,5600000,SF,2005,NYK
Corliss Williamson,5500000,PF,2005,SAC
Aaron McKie,5500000,SG,2005,PHI
Darius Miles,5419000,SF,2005,POR
Kwame Brown,5361000,PF,2005,WAS
Bo Outlaw,5355000,PF,2005,PHO
Marcus Fizer,4915000,PF,2005,MIL
Lamond Murray,4875000,SF,2005,TOR
Eric Snow,4875000,SG,2005,CLE
Tony Battie,4800000,C,2005,ORL
Michael Stewart,4800000,PF,2005,ATL
Mike Miller,4482000,SF,2005,MEM
Pau Gasol,4318000,PF,2005,MEM
Marc Jackson,4225000,C,2005,PHI
DerMarr Johnson,4119000,SG,2005,DEN
Chris Mihm,3785000,C,2005,LAL
Moochie Norris,3600000,PG,2005,HOU
Jamal Crawford,3475000,SG,2005,NYK
Joel Przybilla,3215000,C,2005,POR
Shane Battier,3212000,SG,2005,MEM
Othella Harrington,3150000,PF,2005,CHI
Aaron Williams,3150000,C,2005,TOR
Tony Delk,3150000,SG,2005,ATL
Bobby Jackson,3150000,SG,2005,SAC
Keyon Dooling,3073000,PG,2005,MIA
Jerome Moiso,3054000,C,2005,CLE
Etan Thomas,3043000,C,2005,WAS
Derek Fisher,3000000,PG,2005,GSW
George Lynch,3000000,SF,2005,NOH
Mateen Cleaves,2969000,PG,2005,SEA
Jason Collier,2949000,C,2005,ATL
Eddie Griffin,2937000,PF,2005,MIN
Hedo Turkoglu,2803000,SF,2005,ORL
DeSagana Diop,2695000,C,2005,CLE
Desmond Mason,2680000,SF,2005,MIL
Quentin Richardson,2562000,SG,2005,PHO
Rodney White,2481000,SF,2005,GSW
Jamaal Magloire,2474000,C,2005,NOH
Speedy Claxton,2390000,PG,2005,NOH
Morris Peterson,2371000,SG,2005,TOR
Donnell Harvey,2363000,PF,2005,NJN
DeShawn Stevenson,2362000,SG,2005,ORL
Joe Johnson,2358000,SF,2005,PHO
Kedrick Brown,2332000,SF,2005,PHI
Jake Tsakalidis,2322000,C,2005,MEM
Vladimir Radmanovic,2301000,PF,2005,SEA
Richard Jefferson,2266000,SF,2005,NJN
Troy Murphy,2232000,PF,2005,GSW
Mark Madsen,2212000,C,2005,MIN
Michael Bradley,1985000,PF,2005,PHI
Jason Collins,1887000,C,2005,NJN
Zach Randolph,1805000,PF,2005,POR
Andrei Kirilenko,1672000,PF,2005,UTA
Samuel Dalembert,1600000,C,2005,PHI
Jamaal Tinsley,1554000,PG,2005,IND
Primoz Brezec,1554000,C,2005,CHA
Tony Parker,1545000,PG,2005,SAS
Gerald Wallace,1377000,SF,2005,CHA
Shaquille O'Neal,20000000,C,2006,MIA
Chris Webber,19125000,PF,2006,PHI
Kevin Garnett,18000000,PF,2006,MIN
Allen Iverson,16453125,PG,2006,PHI
Stephon Marbury,16453125,PG,2006,NYK
Jason Kidd,16440000,PG,2006,NJN
Jermaine O'Neal,16440000,PF,2006,IND
Kobe Bryant,15946875,SG,2006,LAL
Tim Duncan,15845157,PF,2006,SAS
Anfernee Hardaway,15750000,SF,2006,NYK
Tracy McGrady,15694250,SF,2006,HOU
Jalen Rose,15694250,SF,2006,NYK
Keith Van Horn,15694250,SF,2006,DAL
Grant Hill,15694250,SF,2006,ORL
Eddie Jones,14666250,SG,2006,MEM
Tim Thomas,13975000,PF,2006,PHO
Antonio Davis,13865000,PF,2006,TOR
Paul Pierce,13843156,SF,2006,BOS
Dirk Nowitzki,13843156,PF,2006,DAL
Antawn Jamison,13843156,SF,2006,WAS
Vince Carter,13843156,SG,2006,NJN
Steve Francis,13700000,PG,2006,NYK
Baron Davis,13700000,PG,2006,GSW
Shawn Marion,13700000,PF,2006,PHO
Ray Allen,13223140,SG,2006,SEA
Elton Brand,13152000,PF,2006,LAC
Michael Redd,12000000,SG,2006,MIL
Joe Johnson,12000000,SG,2006,ATL
Theo Ratliff,11666666,C,2006,POR
Mike Bibby,11500000,PG,2006,SAC
Lamar Odom,11448596,PF,2006,LAL
Carlos Boozer,11260483,PF,2006,UTA
Pau Gasol,10993000,PF,2006,MEM
Andrei Kirilenko,10983000,SF,2006,UTA
Kenyon Martin,10886364,PF,2006,DEN
Rasheed Wallace,10860000,PF,2006,DET
Zach Randolph,10666667,PF,2006,POR
Raef LaFrentz,10623288,PF,2006,BOS
Wally Szczerbiak,10500000,SF,2006,BOS
Larry Hughes,10344900,SG,2006,CLE
Gilbert Arenas,10243200,PG,2006,WAS
Richard Jefferson,10200000,SF,2006,NJN
Steve Nash,9625000,PG,2006,PHO
Rashard Lewis,9571429,SF,2006,SEA
Marcus Camby,9400000,C,2006,DEN
Maurice Taylor,9100000,PF,2006,NYK
Jason Richardson,8888888,SG,2006,GSW
Brad Miller,8750000,C,2006,SAC
Zydrunas Ilgauskas,8743238,C,2006,CLE
Kelvin Cato,8640000,C,2006,DET
Samuel Dalembert,8477178,C,2006,PHI
Tony Parker,8400000,PG,2006,SAS
Jerry Stackhouse,8367187,SG,2006,DAL
Jamaal Magloire,8333334,C,2006,MIL
Tyson Chandler,8299670,C,2006,CHI
Mehmet Okur,8250000,PF,2006,UTA
Kenny Thomas,8183769,PF,2006,SAC
Richard Hamilton,8125000,SG,2006,DET
Andre Miller,8100000,PG,2006,DEN
Bobby Simmons,8000000,SF,2006,MIL
Bonzi Wells,8000000,SG,2006,SAC
P.J. Brown,8000000,C,2006,NOK
Austin Croshere,7900000,PF,2006,IND
Lorenzen Wright,7700000,C,2006,MEM
Erick Dampier,7662500,C,2006,DAL
Jason Williams,7562500,PG,2006,MIA
Peja Stojakovic,7525000,SF,2006,IND
Kwame Brown,7500000,C,2006,LAL
Doug Christie,7500000,SG,2006,DAL
Ben Wallace,7500000,C,2006,DET
Manu Ginobili,7428937,SG,2006,SAS
Eddy Curry,7394663,C,2006,NYK
Troy Murphy,7365079,PF,2006,GSW
Adonal Foyle,7312500,C,2006,GSW
Darius Miles,7250000,SF,2006,POR
Cuttino Mobley,7241379,SG,2006,LAC
Desmond Mason,7233333,SF,2006,NOK
Jonathan Bender,7175000,SF,2006,IND
Kurt Thomas,7085919,C,2006,PHO
Corey Maggette,7000000,SF,2006,LAC
Malik Rose,6979147,PF,2006,NYK
Al Harrington,6975500,PF,2006,ATL
Quentin Richardson,6945500,SF,2006,NYK
Howard Eisley,6906000,PG,2006,DEN
Antoine Walker,6884000,PF,2006,MIA
Mike Miller,6871431,SG,2006,MEM
Metta World Peace,6842105,SF,2006,SAC
Rasho Nesterovic,6720000,C,2006,SAS
Jason Terry,6666667,PG,2006,DAL
Jamal Crawford,6480000,SG,2006,NYK
Joe Smith,6353200,PF,2006,MIL
Ruben Patterson,6353200,SF,2006,DEN
Alvin Williams,6300000,PG,2006,TOR
Scot Pollard,6274935,C,2006,IND
Danny Fortson,6207670,C,2006,SEA
Sam Cassell,6187500,PG,2006,LAC
Corliss Williamson,6000000,SF,2006,SAC
Ricky Davis,5909800,SG,2006,MIN
Chauncey Billups,5909800,PG,2006,DET
Juwan Howard,5900400,PF,2006,HOU
James Posey,5900400,SF,2006,MIA
Michael Olowokandi,5900400,C,2006,BOS
Stephen Jackson,5610000,SG,2006,IND
Yao Ming,5594906,C,2006,HOU
Mark Blount,5515875,C,2006,MIN
Nazr Mohammed,5500000,C,2006,SAS
Jason Collins,5500000,C,2006,NJN
Eric Snow,5484375,PG,2006,CLE
Jamaal Tinsley,5400000,PG,2006,IND
Derek Fisher,5393300,PG,2006,GSW
Antonio McDyess,5393300,PF,2006,DET
Marquis Daniels,5393300,SG,2006,DAL
Hedo Turkoglu,5393300,SF,2006,ORL
Etan Thomas,5393300,C,2006,WAS
Marko Jaric,5280528,PG,2006,MIN
Troy Hudson,5253000,PG,2006,MIN
Tony Battie,5200000,C,2006,ORL
David Wesley,5075000,SG,2006,HOU
Matt Harpring,5020000,SF,2006,UTA
Devean George,5000600,SF,2006,LAL
Shareef Abdur-Rahim,5000000,PF,2006,SAC
Earl Watson,5000000,PG,2006,SEA
Gerald Wallace,5000000,SF,2006,CHA
Stromile Swift,5000000,C,2006,HOU
Antonio Daniels,5000000,SG,2006,WAS
Udonis Haslem,5000000,PF,2006,MIA
Jeff Foster,5000000,C,2006,IND
Jerome James,5000000,C,2006,NYK
Brian Skinner,4950000,PF,2006,POR
Brian Cardinal,4950000,PF,2006,MEM
Shane Battier,4903000,SF,2006,MEM
Donyell Marshall,4799108,PF,2006,CLE
Dan Gadzuric,4750000,C,2006,MIL
Brent Barry,4691390,SG,2006,SAS
LeBron James,4621800,SF,2006,CLE
Brevin Knight,4600000,PG,2006,CHA
Morris Peterson,4550000,SG,2006,TOR
Marc Jackson,4550000,C,2006,NOK
Mike Dunleavy,4506261,SF,2006,GSW
Chucky Atkins,4500000,PG,2006,MEM
Dwight Howard,4493160,PF,2006,ORL
Greg Ostertag,4400000,C,2006,UTA
Trenton Hassell,4350000,SG,2006,MIN
Andrew Bogut,4340520,PF,2006,MIL
Raja Bell,4250000,SG,2006,PHO
Damon Stoudamire,4250000,PG,2006,MEM
Moochie Norris,4200000,PG,2006,NOK
Eduardo Najera,4190476,PF,2006,DEN
Darko Milicic,4135200,C,2006,ORL
Drew Gooden,4065811,PF,2006,CLE
Emeka Okafor,4020120,PF,2006,CHA
Brendan Haywood,4000000,C,2006,WAS
Gordan Giricek,4000000,SG,2006,UTA
Sarunas Jasikevicius,4000000,PG,2006,IND
Zaza Pachulia,4000000,C,2006,ATL
Carlos Arroyo,4000000,PG,2006,DET
Eric Williams,3938000,SF,2006,TOR
Marvin Williams,3883000,PF,2006,ATL
Rafer Alston,3850000,PG,2006,HOU
Chris Mihm,3792817,C,2006,LAL
Carmelo Anthony,3713640,SF,2006,DEN
Kyle Korver,3636364,SF,2006,PHI
Ben Gordon,3610200,SG,2006,CHI
Speedy Claxton,3600000,PG,2006,NOK
Damon Jones,3596924,PG,2006,CLE
Voshon Lenard,3520000,SG,2006,POR
Dale Davis,3500000,C,2006,DET
Tyronn Lue,3500000,PG,2006,ATL
Deron Williams,3487440,PG,2006,UTA
Mike James,3410000,PG,2006,TOR
Jeff McInnis,3400000,SG,2006,NJN
Bruce Bowen,3375000,SF,2006,SAS
Aaron Williams,3375000,C,2006,NOK
Bobby Jackson,3375000,PG,2006,MEM
Chris Bosh,3348000,C,2006,TOR
Vitaly Potapenko,3325416,C,2006,SAC
Shaun Livingston,3254880,PG,2006,LAC
Pat Garrity,3231250,PF,2006,ORL
Othella Harrington,3200000,C,2006,CHI
Vladimir Radmanovic,3166154,PF,2006,LAC
Chris Paul,3144240,PG,2006,NOK
Keyon Dooling,3100000,PG,2006,ORL
Dwyane Wade,3031920,SG,2006,MIA
Robert Horry,3000000,PF,2006,SAS
Eric Piatkowski,3000000,SG,2006,CHI
Kareem Rush,3000000,SG,2006,CHA
Zeljko Rebraca,3000000,C,2006,LAC
Kevin Ollie,2950200,SG,2006,PHI
Ira Newble,2950200,SG,2006,CLE
Devin Harris,2947440,PG,2006,DAL
Tony Delk,2925000,PG,2006,DET
Jake Tsakalidis,2900000,C,2006,MEM
Raymond Felton,2847360,PG,2006,CHA
Steven Hunter,2844828,C,2006,PHI
Chris Wilcox,2812239,C,2006,SEA
Chris Duhon,2800000,PG,2006,CHI
Andres Nocioni,2775000,PF,2006,CHI
Chris Kaman,2753760,C,2006,LAC
Primoz Brezec,2750000,C,2006,CHA
Earl Boykins,2750000,PG,2006,DEN
DeShawn Stevenson,2750000,SG,2006,ORL
Josh Childress,2677200,SF,2006,ATL
Michael Finley,2675000,SG,2006,SAS
Michael Doleac,2640000,C,2006,MIA
Jim Jackson,2640000,SF,2006,LAL
Amar'e Stoudemire,2589023,C,2006,PHO
Brian Scalabrine,2586207,PF,2006,BOS
Martell Webster,2586120,SF,2006,POR
Kirk Hinrich,2513880,PG,2006,CHI
Bostjan Nachbar,2500000,PF,2006,NJN
Clifford Robinson,2500000,PF,2006,NJN
Eddie Griffin,2500000,C,2006,MIN
Damien Wilkins,2500000,SF,2006,SEA
Aaron McKie,2500000,PG,2006,LAL
Arvydas Macijauskas,2500000,SG,2006,NOK
Juan Dixon,2500000,SG,2006,POR
Caron Butler,2461617,SF,2006,WAS
Luol Deng,2443920,SF,2006,CHI
Jared Jeffries,2433824,PF,2006,WAS
Anthony Johnson,2420000,PG,2006,IND
Melvin Ely,2401027,PF,2006,CHA
James Jones,2400000,SF,2006,PHO
Charlie Villanueva,2360880,PF,2006,TOR
Jose Calderon,2333334,SG,2006,TOR
Fred Jones,2328843,SG,2006,IND
Fabricio Oberto,2325000,C,2006,SAS
T.J. Ford,2303040,PG,2006,MIL
Dan Dickau,2255350,PG,2006,BOS
Rafael Araujo,2238960,C,2006,TOR
Darius Songaila,2200000,PF,2006,CHI
Jiri Welsch,2177114,SF,2006,MIL
Channing Frye,2162880,C,2006,NYK
Andre Iguodala,2058000,SF,2006,PHI
Jake Voskuhl,2015625,C,2006,CHA
Jarvis Hayes,2011080,SG,2006,WAS
Matt Bonner,2000000,PF,2006,TOR
Mark Madsen,2000000,C,2006,MIN
Toni Kukoc,2000000,PF,2006,MIL
Dikembe Mutombo,2000000,C,2006,HOU
DeSagana Diop,2000000,C,2006,DAL
Ike Diogu,1988160,PF,2006,GSW
Luke Jackson,1955160,SF,2006,CLE
Mickael Pietrus,1910520,SF,2006,GSW
Andrew Bynum,1888680,C,2006,LAL
Jumaine Jones,1875000,PF,2006,CHA
Andris Biedrins,1857360,C,2006,GSW
Nick Collison,1815000,PF,2006,SEA
Jon Barry,1800000,SG,2006,HOU
Robert Swift,1764480,C,2006,SEA
Tayshaun Prince,1763115,SF,2006,DET
Reggie Evans,1760000,PF,2006,DEN
Calbert Cheaney,1760000,SF,2006,GSW
Mo Williams,1760000,PG,2006,MIL
Lindsey Hunter,1760000,PG,2006,DET
Marcus Banks,1724280,PG,2006,MIN
Jarron Collins,1700000,C,2006,UTA
John Salmons,1699001,SG,2006,PHI
Sebastian Telfair,1676280,PG,2006,POR
Derek Anderson,1670000,SG,2006,MIA
Michael Ruffin,1670000,C,2006,WAS
Brian Grant,1670000,C,2006,PHO
Malik Allen,1670000,PF,2006,CHI
Yaroslav Korolev,1670000,SF,2006,LAC
Greg Buckner,1670000,SG,2006,DEN
Luke Ridnour,1638000,PG,2006,SEA
Sean May,1619280,PF,2006,CHA
Scott Padgett,1600000,PF,2006,NJN
Kris Humphries,1592400,PF,2006,UTA
Devin Brown,1592400,SG,2006,UTA
Joel Przybilla,1560000,C,2006,POR
Josh Smith,1560000,SF,2006,ATL
Reece Gaines,1556160,PG,2006,MIL
Jason Hart,1540000,PG,2006,SAC
Rashad McCants,1538400,SG,2006,MIN
Al Jefferson,1512840,PF,2006,BOS
Maurice Evans,1500000,SG,2006,DET
Antoine Wright,1461360,SG,2006,NJN
Kirk Snyder,1437240,SG,2006,NOK
Zarko Cabarkapa,1404360,PF,2006,GSW
Milt Palacio,1400000,PG,2006,UTA
Joey Graham,1388400,SF,2006,TOR
David West,1334160,PF,2006,NOK
Danny Granger,1318920,SF,2006,IND
Rasual Butler,1300000,SF,2006,NOK
Sasha Pavlovic,1274160,SG,2006,CLE
Gerald Green,1253040,SG,2006,BOS
Dorell Wright,1238640,SF,2006,MIA
Dahntay Jones,1223160,SF,2006,MEM
Hakim Warrick,1196520,PF,2006,MEM
Jameer Nelson,1189200,PG,2006,ORL
Boris Diaw,1174200,PF,2006,PHO
Julius Hodge,1148760,SG,2006,DEN
Pavel Podkolzin,1141560,C,2006,DAL
Bryon Russell,1138500,SF,2006,DEN
Bo Outlaw,1138500,PF,2006,ORL
Alonzo Mourning,1138500,C,2006,MIA
Zoran Planinic,1127280,PG,2006,NJN
Keith McLeod,1125000,PG,2006,UTA
Luke Walton,1125000,SF,2006,LAL
Nate Robinson,1102680,PG,2006,NYK
Jason Kapono,1100000,SF,2006,MIA
Matt Carroll,1100000,SG,2006,CHA
Travis Outlaw,1082160,PF,2006,POR
Darrick Martin,1081575,PG,2006,TOR
Jarrett Jack,1058640,SG,2006,POR
Brian Cook,1038960,PF,2006,LAL
Walter McCarty,1035000,SF,2006,LAC
Jacque Vaughn,1029873,SG,2006,NJN
Mikki Moore,1029873,C,2006,SEA
Sergei Monia,1016400,SF,2006,SAC
Francisco Garcia,1016400,SF,2006,SAC
Delonte West,1010040,PG,2006,BOS
Nenad Krstic,1010040,PF,2006,NJN
John Edwards,1000000,C,2006,ATL
Steve Blake,1000000,PG,2006,POR
Luther Head,975600,SG,2006,HOU
Carlos Delfino,969600,SG,2006,DET
Tony Allen,969600,PG,2006,BOS
Anthony Carter,965185,PG,2006,MIN
Kevin Martin,937440,SG,2006,SAC
Johan Petro,936600,C,2006,SEA
Kendrick Perkins,936480,C,2006,BOS
Leandro Barbosa,930600,SG,2006,PHO
Josh Howard,923880,SF,2006,DAL
Sasha Vujacic,910440,PG,2006,LAL
Jason Maxiell,905640,PF,2006,DET
Beno Udrih,904800,PG,2006,SAS
Ryan Bowen,900498,SF,2006,HOU
Calvin Booth,900498,C,2006,WAS
David Harrison,898200,C,2006,IND
Jannero Pargo,895248,PG,2006,CHI
Ronald Murray,895248,SG,2006,CLE
Linas Kleiza,879360,PF,2006,DEN
Keith Bogans,869373,SG,2006,HOU
Wayne Simien,867720,PF,2006,MIA
Anderson Varejao,866800,C,2006,CLE
David Lee,861360,SF,2006,NYK
Maciej Lampe,858534,C,2006,HOU
Adrian Griffin,844537,SG,2006,DAL
Lee Nailon,835810,PF,2006,PHI
Zendon Hamilton,835810,C,2006,PHI
Mateen Cleaves,835810,PG,2006,SEA
Eddie Gill,835810,PG,2006,IND
Eddie House,835810,PG,2006,PHO
Laron Profit,835810,SG,2006,LAL
Loren Woods,780000,C,2006,TOR
Mike Wilks,771123,PG,2006,SEA
Michael Bradley,771123,PF,2006,PHI
Pat Burke,750000,C,2006,PHO
Lonny Baxter,745248,C,2006,CHA
Terence Morris,745248,SF,2006,ORL
Qyntel Woods,745248,SF,2006,NYK
Richie Frahm,745248,SG,2006,HOU
Smush Parker,745248,PG,2006,LAL
Nikoloz Tskitishvili,745248,SF,2006,PHO
Sean Marks,719373,PF,2006,SAS
Ronald Dupree,719373,SF,2006,MIN
Nick Van Exel,719373,PG,2006,SAS
DerMarr Johnson,719373,SG,2006,DEN
Alan Henderson,719373,C,2006,CLE
Francisco Elson,719373,C,2006,DEN
Rick Brunson,719373,PG,2006,HOU
Linton Johnson,719373,SF,2006,NOK
Quinton Ross,719373,SF,2006,LAC
Lamond Murray,719373,SF,2006,NJN
Ervin Johnson,719373,C,2006,MIL
Gary Payton,719373,PG,2006,MIA
Shandon Anderson,719373,SF,2006,MIA
Charles Smith,719373,SG,2006,DEN
Jamal Sampson,719373,PF,2006,SAC
Jermaine Jackson,696508,PG,2006,MIL
Salim Stoudamire,675000,SG,2006,ATL
Esteban Batista,644209,PF,2006,ATL
Antonio Burks,641748,PG,2006,MEM
Pape Sow,641748,C,2006,TOR
Royal Ivey,641748,PG,2006,ATL
Trevor Ariza,641748,SF,2006,ORL
Mario Kasun,641748,C,2006,ORL
Awvee Storey,641748,SF,2006,WAS
Josh Powell,641748,PF,2006,DAL
Jackie Butler,641748,C,2006,NYK
Justin Reed,641748,SF,2006,MIN
Charlie Bell,641748,SG,2006,MIL
Jackson Vroman,641748,PF,2006,NOK
Earl Barron,641748,C,2006,MIA
Donta Smith,641748,SG,2006,ATL
Bernard Robinson,641747,SF,2006,CHA
Matt Barnes,627251,PF,2006,PHI
James Singleton,625000,SF,2006,LAC
Lou Williams,450000,PG,2006,PHI
Daniel Ewing,450000,SG,2006,LAC
Monta Ellis,448762,SG,2006,GSW
Ryan Gomes,428762,PF,2006,BOS
Chris Taft,423762,C,2006,GSW
Kevin Burleson,398762,PG,2006,CHA
Robert Whaley,398762,C,2006,UTA
Travis Diener,398762,PG,2006,ORL
Rawle Marshall,398762,SF,2006,DAL
Ronnie Price,398762,PG,2006,SAC
Amir Johnson,398762,SF,2006,DET
Von Wafer,398762,SG,2006,LAL
Andray Blatche,398762,PF,2006,WAS
Devin Green,398762,SG,2006,LAL
Bracey Wright,398762,SG,2006,MIN
Orien Greene,398762,PG,2006,BOS
Alan Anderson,398762,SF,2006,CHA
Boniface N'Dong,398762,C,2006,LAC
Anthony Roberson,398762,PG,2006,MEM
Alex Acker,398762,SG,2006,DET
Brandon Bass,398762,PF,2006,NOK
Andre Owens,398762,PG,2006,UTA
Lawrence Roberts,398762,C,2006,MEM
Gerald Fitch,398762,PG,2006,MIA
Shavlik Randolph,398762,PF,2006,PHI
Eddie Basden,398762,SF,2006,CHI
Martynas Andriuskevicius,398762,C,2006,CLE
Dijon Thompson,398762,SG,2006,PHO
C.J. Miles,398761,PG,2006,UTA
Donell Taylor,398672,SG,2006,WAS
Chuck Hayes,248118,PF,2006,HOU
Kevin Garnett,21000000,PF,2007,MIN
Shaquille O'Neal,20000000,C,2007,MIA
Jason Kidd,18084000,PG,2007,NJN
Jermaine O'Neal,18084000,C,2007,IND
Kobe Bryant,17718750,SG,2007,LAL
Tim Duncan,17429673,C,2007,SAS
Allen Iverson,17184375,SG,2007,DEN
Stephon Marbury,17184375,PG,2007,NYK
Tracy McGrady,16901500,SG,2007,HOU
Grant Hill,16901500,SG,2007,ORL
Ben Wallace,16000000,C,2007,CHI
Paul Pierce,15101626,SG,2007,BOS
Antawn Jamison,15101626,PF,2007,WAS
Vince Carter,15101626,SG,2007,NJN
Dirk Nowitzki,15101622,PF,2007,DAL
Steve Francis,15070000,SG,2007,NYK
Baron Davis,15070000,PG,2007,GSW
Shawn Marion,15070000,SF,2007,PHO
Ray Allen,14611570,SG,2007,SEA
Elton Brand,14248000,PF,2007,LAC
Larry Hughes,13363012,SG,2007,CLE
Michael Redd,13260000,SF,2007,MIL
Joe Johnson,12744190,SG,2007,ATL
Mike Bibby,12500000,PG,2007,SAC
Amar'e Stoudemire,12455000,C,2007,PHO
Yao Ming,12455000,C,2007,HOU
Pau Gasol,12364000,C,2007,MEM
Andrei Kirilenko,12364000,SF,2007,UTA
Lamar Odom,12348596,PF,2007,LAL
Kenyon Martin,12068182,PF,2007,DEN
Zach Randolph,12000000,PF,2007,POR
Wally Szczerbiak,11775000,SF,2007,BOS
Theo Ratliff,11666666,C,2007,BOS
Rasheed Wallace,11650000,C,2007,DET
Raef LaFrentz,11532037,PF,2007,POR
Carlos Boozer,11260483,PF,2007,UTA
Richard Jefferson,11200000,SF,2007,NJN
Gilbert Arenas,11096800,PG,2007,WAS
Peja Stojakovic,10800000,SF,2007,NOK
Steve Nash,10500000,PG,2007,PHO
Jason Richardson,9999999,SG,2007,GSW
Erick Dampier,9628000,C,2007,DAL
Brad Miller,9625000,C,2007,SAC
Samuel Dalembert,9464307,C,2007,PHI
Tony Parker,9450000,PG,2007,SAS
Zydrunas Ilgauskas,9442697,C,2007,CLE
Rashard Lewis,9350649,SF,2007,SEA
Jerry Stackhouse,9296874,SF,2007,DAL
Richard Hamilton,9187500,SG,2007,DET
Tyson Chandler,9150000,C,2007,NOK
Andre Miller,8966666,PG,2007,PHI
Marcus Camby,8800000,C,2007,DEN
P.J. Brown,8560000,PF,2007,CHI
Jamaal Magloire,8433334,C,2007,POR
Kwame Brown,8287500,C,2007,LAL
Troy Murphy,8285714,PF,2007,IND
Manu Ginobili,8254374,SG,2007,SAS
Jason Williams,8250000,PG,2007,MIA
Mehmet Okur,8250000,C,2007,UTA
Eddy Curry,8171103,C,2007,NYK
Adonal Foyle,8125000,C,2007,GSW
Cuttino Mobley,8125000,SG,2007,LAC
Doug Christie,8125000,SG,2007,LAC
Jason Terry,8100000,SG,2007,DAL
Desmond Mason,8037036,SF,2007,NOK
Tayshaun Prince,7851240,SF,2007,DET
Kurt Thomas,7821482,C,2007,PHO
Al Harrington,7625000,PF,2007,GSW
Mike Miller,7623813,SG,2007,MEM
Antoine Walker,7606820,PF,2007,MIA
Metta World Peace,7526316,SF,2007,SAC
Quentin Richardson,7525500,SF,2007,NYK
Malik Rose,7525397,PF,2007,NYK
Mike Dunleavy,7438016,SG,2007,IND
Caron Butler,7438000,SF,2007,WAS
Austin Croshere,7300000,PF,2007,DAL
Mark Blount,7288165,C,2007,MIN
Rasho Nesterovic,7280000,C,2007,TOR
Jamal Crawford,7200000,SG,2007,NYK
Kenny Thomas,7187500,PF,2007,SAC
Corey Maggette,7000000,SF,2007,LAC
Speedy Claxton,6854546,PG,2007,ATL
Sam Cassell,6850000,PG,2007,LAC
Joe Smith,6807000,PF,2007,PHI
Ruben Patterson,6807000,SF,2007,MIL
Drew Gooden,6645402,PF,2007,CLE
Danny Fortson,6596990,C,2007,SEA
Matt Harpring,6500000,SF,2007,UTA
Corliss Williamson,6500000,PF,2007,SAC
Juwan Howard,6392100,PF,2007,HOU
James Posey,6392100,SF,2007,MIA
Ricky Davis,6364400,SF,2007,MIN
Chauncey Billups,6364400,PG,2007,DET
Chris Wilcox,6250000,PF,2007,SEA
Stephen Jackson,6120000,SF,2007,GSW
Eric Snow,6093750,PG,2007,CLE
Derek Fisher,5883600,SG,2007,UTA
Antonio McDyess,5883600,PF,2007,DET
Marquis Daniels,5883600,SG,2007,IND
Hedo Turkoglu,5883600,SF,2007,ORL
Etan Thomas,5883600,C,2007,WAS
Jamaal Tinsley,5850000,PG,2007,IND
LeBron James,5828089,SF,2007,CLE
Jason Collins,5800000,PF,2007,NJN
Tony Battie,5746000,PF,2007,ORL
Donyell Marshall,5633037,PF,2007,CLE
Troy Hudson,5603000,PG,2007,MIN
Gerald Wallace,5525000,SF,2007,CHA
Marko Jaric,5525000,SG,2007,MIN
Udonis Haslem,5525000,PF,2007,MIA
Jeff Foster,5500000,C,2007,IND
Brian Skinner,5400000,PF,2007,MIL
Shareef Abdur-Rahim,5400000,C,2007,SAC
Earl Watson,5400000,PG,2007,SEA
Stromile Swift,5400000,C,2007,MEM
Antonio Daniels,5400000,SG,2007,WAS
Brian Cardinal,5400000,PF,2007,MEM
Jerome James,5400000,C,2007,NYK
Shane Battier,5393300,SF,2007,HOU
Dan Gadzuric,5252065,C,2007,MIL
Bobby Jackson,5250000,SG,2007,NOK
Darko Milicic,5218622,PF,2007,ORL
Nazr Mohammed,5215000,C,2007,DET
Jared Jeffries,5215000,SF,2007,NYK
Joel Przybilla,5215000,C,2007,POR
Tim Thomas,5215000,PF,2007,LAC
Mike James,5215000,PG,2007,MIN
Vladimir Radmanovic,5215000,PF,2007,LAL
Brent Barry,5117880,SG,2007,SAS
Marc Jackson,4875000,PF,2007,NOK
Dwight Howard,4806720,C,2007,ORL
Carmelo Anthony,4694041,SF,2007,DEN
Andrew Bogut,4665960,C,2007,MIL
Eduardo Najera,4571428,PF,2007,DEN
Morris Peterson,4550000,SF,2007,TOR
Raja Bell,4500000,SG,2007,PHO
Brendan Haywood,4500000,C,2007,WAS
Brevin Knight,4400000,PG,2007,CHA
John Salmons,4400000,SG,2007,SAC
Trenton Hassell,4350000,SG,2007,MIN
Emeka Okafor,4300560,C,2007,CHA
Eric Williams,4296000,SF,2007,CHA
Chris Bosh,4235220,C,2007,TOR
Rafer Alston,4200000,PG,2007,HOU
Marvin Williams,4174800,PF,2007,ATL
Anthony Parker,4150000,SG,2007,TOR
Carlos Arroyo,4100000,PG,2007,ORL
Damon Stoudamire,4050000,PG,2007,MEM
LaMarcus Aldridge,4027320,C,2007,POR
Kyle Korver,4018182,SF,2007,PHI
Reggie Evans,4000000,PF,2007,DEN
Gordan Giricek,4000000,SG,2007,UTA
Sarunas Jasikevicius,4000000,SG,2007,GSW
Zaza Pachulia,4000000,C,2007,ATL
Andres Nocioni,3950000,PF,2007,CHI
Damon Jones,3884678,PG,2007,CLE
Ben Gordon,3862080,SG,2007,CHI
Shaun Livingston,3841920,PG,2007,LAC
Dwyane Wade,3841443,SG,2007,MIA
Jorge Garbajosa,3750000,PF,2007,TOR
Bruce Bowen,3750000,SF,2007,SAS
Deron Williams,3749040,PG,2007,UTA
Vitaly Potapenko,3674584,C,2007,SAC
Darius Songaila,3650000,PF,2007,WAS
Adam Morrison,3616680,PF,2007,CHA
Jeff McInnis,3600000,PG,2007,CHA
Pat Garrity,3525000,PF,2007,ORL
Dale Davis,3500000,C,2007,DET
Tyronn Lue,3500000,PG,2007,ATL
Chris Kaman,3491767,C,2007,LAC
Chris Paul,3380160,PG,2007,NOK
Keyon Dooling,3348000,SG,2007,ORL
Robert Horry,3315000,PF,2007,SAS
Melvin Ely,3303813,PF,2007,SAS
Tyrus Thomas,3260760,PF,2007,CHI
Lorenzen Wright,3250000,C,2007,ATL
Greg Buckner,3240741,SG,2007,DAL
Kevin Ollie,3196050,PG,2007,PHI
Ira Newble,3196050,SF,2007,CLE
Kirk Hinrich,3192628,PG,2007,CHI
Devin Harris,3153120,PG,2007,DAL
Trevor Ariza,3100000,SG,2007,ORL
Fred Jones,3100000,SG,2007,POR
Raymond Felton,3060840,PG,2007,CHA
Steven Hunter,3024000,PF,2007,PHI
Chris Duhon,3024000,PG,2007,CHI
Francisco Elson,3000000,C,2007,SAS
Rasual Butler,3000000,SF,2007,NOK
Shelden Williams,2952840,PF,2007,ATL
Earl Boykins,2950000,PG,2007,MIL
T.J. Ford,2929467,PG,2007,TOR
Jake Tsakalidis,2900000,C,2007,HOU
Michael Finley,2889000,SF,2007,SAS
Michael Doleac,2880000,C,2007,MIA
Josh Childress,2863920,SG,2007,ATL
Willie Green,2800000,SG,2007,PHI
Brian Scalabrine,2793103,PF,2007,BOS
Martell Webster,2780160,SF,2007,POR
Dan Dickau,2753218,PG,2007,POR
Primoz Brezec,2750000,C,2007,CHA
Eddie Griffin,2700000,PF,2007,MIN
Damien Wilkins,2700000,SF,2007,SEA
Brandon Roy,2681880,SG,2007,POR
James Jones,2650000,SF,2007,PHO
Anthony Johnson,2640000,PG,2007,ATL
Jarron Collins,2625698,C,2007,UTA
Luol Deng,2614440,SF,2007,CHI
Jarvis Hayes,2564127,SF,2007,WAS
Juan Dixon,2550000,SG,2007,TOR
Charlie Villanueva,2537880,PF,2007,MIL
Mickael Pietrus,2535260,SF,2007,GSW
Keith Bogans,2510000,SG,2007,ORL
Nick Collison,2501070,C,2007,SEA
Fabricio Oberto,2500000,C,2007,SAS
Bostjan Nachbar,2500000,SF,2007,NJN
Alonzo Mourning,2500000,C,2007,MIA
Aaron McKie,2500000,SF,2007,LAL
Randy Foye,2448240,PG,2007,MIN
Luke Ridnour,2425878,PG,2007,SEA
Rafael Araujo,2395200,C,2007,UTA
Jose Calderon,2333334,PG,2007,TOR
Channing Frye,2325000,PF,2007,NYK
Lindsey Hunter,2250000,PG,2007,DET
Rudy Gay,2242920,SF,2007,MEM
Mark Madsen,2210000,C,2007,MIN
Dikembe Mutombo,2210000,C,2007,HOU
Andre Iguodala,2201640,SG,2007,PHI
Othella Harrington,2200000,PF,2007,CHA
Jackie Butler,2200000,C,2007,SAS
Scot Pollard,2200000,C,2007,CLE
Ike Diogu,2137200,PF,2007,IND
Bonzi Wells,2115000,SF,2007,HOU
Patrick O'Bryant,2061720,C,2007,GSW
David West,2051938,PF,2007,NOK
Andrew Bynum,2030280,C,2007,LAL
Matt Bonner,2000000,PF,2007,SAS
Jake Voskuhl,2000000,C,2007,CHA
DeSagana Diop,1998000,C,2007,DAL
Andris Biedrins,1986960,C,2007,GSW
Devean George,1974259,SF,2007,DAL
Sasha Pavlovic,1962206,SG,2007,CLE
Mouhamed Sene,1958640,C,2007,SEA
Mo Williams,1920000,PG,2007,MIL
Dahntay Jones,1886113,SG,2007,MEM
Boris Diaw,1870501,PF,2007,PHO
Travis Outlaw,1836426,PF,2007,POR
Brian Cook,1817141,PF,2007,LAL
Michael Ruffin,1803600,PF,2007,WAS
Malik Allen,1803600,PF,2007,CHI
Vassilis Spanoulis,1800000,SG,2007,HOU
Sebastian Telfair,1793160,PG,2007,BOS
Hilton Armstrong,1767600,C,2007,NOK
Ronald Murray,1750000,SG,2007,DET
David Wesley,1750000,SG,2007,CLE
Shammond Williams,1750000,PG,2007,LAL
Aaron Williams,1750000,PF,2007,LAC
Sean May,1740720,PF,2007,CHA
Kris Humphries,1703520,PF,2007,TOR
Kendrick Perkins,1689410,C,2007,BOS
Thabo Sefolosha,1679280,SG,2007,CHI
Josh Howard,1667603,SF,2007,DAL
Rashad McCants,1653720,SG,2007,MIN
Maurice Evans,1620000,SG,2007,LAL
Al Jefferson,1618320,C,2007,BOS
Clifford Robinson,1600000,C,2007,NJN
Ronnie Brewer,1595400,SG,2007,UTA
Antoine Wright,1570920,SG,2007,NJN
Jalen Rose,1540000,SF,2007,PHO
Kirk Snyder,1537440,SF,2007,HOU
Justin Reed,1529873,PF,2007,MIN
Cedric Simmons,1515480,PF,2007,NOK
Joey Graham,1492440,SF,2007,TOR
Adrian Griffin,1475000,SF,2007,CHI
Yaroslav Korolev,1470000,SF,2007,LAC
Josh Smith,1460640,SF,2007,ATL
Rodney Carney,1439760,SF,2007,PHI
Danny Granger,1417800,SF,2007,IND
Eddie House,1400000,SG,2007,NJN
Luke Walton,1375000,SF,2007,LAL
Shawne Williams,1367760,SG,2007,IND
Keith McLeod,1350000,PG,2007,IND
Gerald Green,1347000,SF,2007,BOS
Steve Blake,1330000,PG,2007,DEN
Dorell Wright,1325160,SF,2007,MIA
Hakim Warrick,1286280,PF,2007,MEM
Jameer Nelson,1272120,PG,2007,ORL
Quincy Douby,1240920,PG,2007,SAC
Julius Hodge,1234800,SG,2007,MIL
Jason Kapono,1188000,SF,2007,MIA
Matt Carroll,1188000,SG,2007,CHA
Nate Robinson,1185480,PG,2007,NYK
Eric Piatkowski,1178348,SG,2007,PHO
Rajon Rondo,1143600,PG,2007,BOS
Jarrett Jack,1137960,PG,2007,POR
Marcus Williams,1097880,PG,2007,NJN
Francisco Garcia,1092600,SF,2007,SAC
Delonte West,1080480,SG,2007,BOS
Nenad Krstic,1080480,C,2007,NJN
Mikki Moore,1071225,C,2007,NJN
Josh Boone,1053960,PF,2007,NJN
Luther Head,1048800,SG,2007,HOU
Carlos Delfino,1037280,SG,2007,DET
Tony Allen,1037280,SG,2007,BOS
Kyle Lowry,1011720,PG,2007,MEM
Johan Petro,1006800,C,2007,SEA
Kevin Martin,1002840,SG,2007,SAC
Jannero Pargo,1000000,PG,2007,NOK
Bernard Robinson,1000000,SG,2007,NJN
Shavlik Randolph,1000000,PF,2007,PHI
Calvin Booth,998967,C,2007,WAS
Sasha Vujacic,973920,SG,2007,LAL
Jason Maxiell,973440,C,2007,DET
Shannon Brown,971280,SG,2007,CLE
Beno Udrih,967920,PG,2007,SAS
David Harrison,960840,C,2007,IND
Anderson Varejao,945600,C,2007,CLE
Jordan Farmar,939120,PG,2007,LAL
Wayne Simien,932760,PF,2007,MIA
DeShawn Stevenson,932015,SG,2007,WAS
David Lee,926040,PF,2007,NYK
Maurice Ager,906480,SG,2007,DAL
Mardy Collins,899880,SF,2007,NYK
Linas Kleiza,845360,PF,2007,DEN
Pat Burke,810000,C,2007,PHO
Mickael Gelabale,802000,SF,2007,SEA
Mile Ilic,800000,C,2007,NJN
Smush Parker,798112,PG,2007,LAL
Dajuan Wagner,798112,SG,2007,GSW
Jamal Sampson,774551,C,2007,DEN
Ronald Dupree,771331,SF,2007,DET
Linton Johnson,771331,PF,2007,NOK
Quinton Ross,771331,SG,2007,LAC
Sergio Rodriguez,760000,PG,2007,POR
Randolph Morris,750000,C,2007,NYK
Sean Marks,744551,PF,2007,PHO
Scott Padgett,744551,PF,2007,MEM
Pape Sow,744551,C,2007,TOR
Darrick Martin,744551,PG,2007,TOR
James Lang,744551,C,2007,WAS
Jacque Vaughn,744551,PG,2007,SAS
Royal Ivey,744551,PG,2007,ATL
Mike Wilks,744551,PG,2007,SEA
Ime Udoka,744551,SF,2007,POR
DerMarr Johnson,744551,SF,2007,DEN
Maurice Taylor,744551,PF,2007,SAC
Bo Outlaw,744551,PF,2007,ORL
Kelvin Cato,744551,C,2007,NYK
Jumaine Jones,744551,SF,2007,PHO
Josh Powell,744551,PF,2007,GSW
Gary Payton,744551,PG,2007,MIA
Charlie Bell,744551,SG,2007,MIL
Michael Olowokandi,744551,C,2007,BOS
Earl Barron,744551,C,2007,MIA
Salim Stoudamire,729000,SG,2007,ATL
John Lucas III,700000,PG,2007,HOU
James Singleton,675000,PF,2007,LAC
Solomon Jones,675000,PF,2007,ATL
Donell Taylor,664209,SG,2007,WAS
C.J. Miles,664209,SG,2007,UTA
Travis Diener,664209,PG,2007,ORL
Rawle Marshall,664209,SG,2007,IND
Ronnie Price,664209,PG,2007,SAC
Ronny Turiaf,664209,C,2007,LAL
Amir Johnson,664209,PF,2007,DET
Andray Blatche,664209,PF,2007,WAS
Bracey Wright,664209,SG,2007,MIN
Stephen Graham,664209,SG,2007,POR
Ersan Ilyasova,664209,PF,2007,MIL
Orien Greene,664209,SG,2007,IND
Lynn Greer,664209,SG,2007,MIL
Lou Williams,664209,PG,2007,PHI
Daniel Ewing,664209,PG,2007,LAC
Brandon Bass,664209,PF,2007,NOK
Lawrence Roberts,664209,PF,2007,MEM
Monta Ellis,664209,SG,2007,GSW
Chuck Hayes,664209,PF,2007,HOU
Ryan Gomes,664209,PF,2007,BOS
Esteban Batista,644209,PF,2007,ATL
Paul Millsap,625000,PF,2007,UTA
Derek Anderson,617539,SF,2007,CHA
Steve Novak,600000,SF,2007,HOU
Devin Brown,516806,SG,2007,NOK
Leon Powe,432000,C,2007,BOS
Yakhouba Diawara,412718,SG,2007,DEN
Ryan Hollins,412718,C,2007,CHA
Hassan Adams,412718,SG,2007,NJN
Uros Slokar,412718,C,2007,TOR
Paul Davis,412718,C,2007,LAC
Craig Smith,412718,PF,2007,MIN
James Augustine,412718,PF,2007,ORL
Robert Hite,412718,SG,2007,MIA
Will Blalock,412718,PG,2007,DET
Chris McCray,412718,SG,2007,MIL
David Noel,412718,PF,2007,MIL
Damir Markota,412718,PF,2007,MIL
P.J. Tucker,412718,SF,2007,TOR
Alexander Johnson,412718,PF,2007,MEM
Tarence Kinsey,412718,SG,2007,MEM
Pops Mensah-Bonsu,412718,PF,2007,DAL
Bobby Jones,412718,SF,2007,PHI
Dee Brown,412718,PG,2007,UTA
Chris Quinn,412718,PG,2007,MIA
Daniel Gibson,412718,PG,2007,CLE
Allan Ray,412718,SG,2007,BOS
Steven Smith,412718,PF,2007,PHI
Chris Webber,407313,PF,2007,DET
Andre Brown,406340,PF,2007,SEA
James White,405435,SG,2007,SAS
Eddie Jones,337238,SG,2007,MIA
Junior Harrington,302200,PG,2007,MEM
Jared Reiner,302200,C,2007,MIL
Kelenna Azubuike,259770,SG,2007,GSW
Justin Williams,252486,C,2007,SAC
Jason Hart,197087,PG,2007,LAC
Alan Anderson,128935,SG,2007,CHA
Mike Hall,121388,SF,2007,WAS
Luke Jackson,109493,SF,2007,TOR
Lou Amundson,101966,PF,2007,PHI
Alan Henderson,70075,PF,2007,PHI
Will Conroy,55839,PG,2007,LAC
Anthony Carter,37620,PG,2007,DEN
Von Wafer,23443,SF,2007,LAC
Kevin Garnett,23751934,PF,2008,BOS
Shaquille O'Neal,21000000,C,2008,PHO
Jason Kidd,19728000,PG,2008,DAL
Jermaine O'Neal,19728000,C,2008,IND
Kobe Bryant,19490625,SG,2008,LAL
Tim Duncan,19014188,C,2008,SAS
Allen Iverson,19012500,SG,2008,DEN
Stephon Marbury,19012500,PG,2008,NYK
Tracy McGrady,18257750,SG,2008,HOU
Baron Davis,16440000,PG,2008,GSW
Shawn Marion,16440000,PF,2008,MIA
Paul Pierce,16360094,SF,2008,BOS
Dirk Nowitzki,16360094,PF,2008,DAL
Antawn Jamison,16360094,PF,2008,WAS
Ray Allen,16000000,SG,2008,BOS
Ben Wallace,15500000,C,2008,CLE
Elton Brand,15344000,PF,2008,LAC
Mike Bibby,14983603,PG,2008,ATL
Rashard Lewis,14884951,PF,2008,ORL
Michael Redd,14520000,SG,2008,MIL
Amar'e Stoudemire,13762775,C,2008,PHO
Yao Ming,13762775,C,2008,HOU
Pau Gasol,13735000,C,2008,LAL
Andrei Kirilenko,13735000,SF,2008,UTA
Joe Johnson,13488378,SG,2008,ATL
Zach Randolph,13333333,C,2008,NYK
Vince Carter,13325000,SG,2008,NJN
Kenyon Martin,13250000,PF,2008,DEN
Lamar Odom,13248596,PF,2008,LAL
Carmelo Anthony,13041250,SF,2008,DEN
Dwyane Wade,13041250,SG,2008,MIA
Chris Bosh,13041250,C,2008,TOR
LeBron James,13041250,SF,2008,CLE
Rasheed Wallace,12540000,C,2008,DET
Raef LaFrentz,12440787,C,2008,POR
Wally Szczerbiak,12275000,SF,2008,CLE
Richard Jefferson,12200000,SF,2008,NJN
Larry Hughes,12000084,PG,2008,CHI
Peja Stojakovic,11664000,SF,2008,NOH
Carlos Boozer,11593816,PF,2008,UTA
Steve Nash,11375000,PG,2008,PHO
Kirk Hinrich,11250000,PG,2008,CHI
Jason Richardson,11111110,SF,2008,CHA
David West,10650000,PF,2008,NOH
Erick Dampier,10590500,C,2008,DAL
Tony Parker,10500000,PG,2008,SAS
Brad Miller,10500000,C,2008,SAC
Tyson Chandler,10500000,C,2008,NOH
Samuel Dalembert,10251435,C,2008,PHI
Zydrunas Ilgauskas,10142156,C,2008,CLE
Marcus Camby,10000000,C,2008,DEN
Chauncey Billups,10000000,PG,2008,DET
Richard Hamilton,10000000,SG,2008,DET
Andre Miller,9600000,PG,2008,PHI
Josh Howard,9500000,SF,2008,DAL
Gerald Wallace,9500000,PF,2008,CHA
Kwame Brown,9379279,C,2008,MEM
Bobby Simmons,9280000,SF,2008,MIL
Troy Murphy,9206349,PF,2008,IND
Manu Ginobili,9079811,SG,2008,SAS
Boris Diaw,9000000,PF,2008,PHO
Mehmet Okur,9000000,C,2008,UTA
Eddy Curry,8947543,C,2008,NYK
Jason Williams,8937500,PG,2008,MIA
Jason Terry,8898000,SG,2008,DAL
Tayshaun Prince,8675620,SF,2008,DET
Chris Kaman,8600000,C,2008,LAC
Andres Nocioni,8500000,SF,2008,CHI
Caron Butler,8468990,SF,2008,WAS
Al Harrington,8425625,C,2008,GSW
Mike Miller,8376194,SG,2008,MEM
Cuttino Mobley,8350000,SG,2008,LAC
Antoine Walker,8329640,PF,2008,MIN
T.J. Ford,8275000,PG,2008,TOR
Mike Dunleavy,8219008,SG,2008,IND
Quentin Richardson,8105500,SF,2008,NYK
Kurt Thomas,8091188,C,2008,SAS
Jamal Crawford,7920000,SG,2008,NYK
Mark Blount,7901040,C,2008,MIA
Kenny Thomas,7875000,PF,2008,SAC
Rasho Nesterovic,7840000,C,2008,TOR
Mo Williams,7750000,PG,2008,MIL
Metta World Peace,7400000,SF,2008,SAC
Malik Rose,7101250,PF,2008,NYK
Corey Maggette,7000000,SF,2008,LAC
Ricky Davis,6819000,SF,2008,MIA
Jerry Stackhouse,6750000,SG,2008,DAL
Eric Snow,6703125,PG,2008,CLE
Stephen Jackson,6630000,SF,2008,GSW
Luke Ridnour,6500000,PG,2008,SEA
Darko Milicic,6500000,C,2008,MEM
Chris Wilcox,6500000,PF,2008,SEA
Drew Gooden,6453416,PF,2008,CHI
Antonio McDyess,6373900,PF,2008,DET
Marquis Daniels,6373900,SG,2008,IND
Hedo Turkoglu,6373900,SF,2008,ORL
Jamaal Tinsley,6300000,PG,2008,IND
Jason Collins,6100000,C,2008,MEM
Dwight Howard,6061274,C,2008,ORL
Marko Jaric,6050000,SG,2008,MIN
Udonis Haslem,6050000,PF,2008,MIA
Matt Harpring,6000000,SF,2008,UTA
Shane Battier,5883600,SF,2008,HOU
Brian Cardinal,5850000,PF,2008,MEM
Mike James,5826893,PG,2008,NOH
Shareef Abdur-Rahim,5800000,PF,2008,SAC
Earl Watson,5800000,PG,2008,SEA
Stromile Swift,5800000,PF,2008,NJN
Antonio Daniels,5800000,PG,2008,WAS
Jerome James,5800000,C,2008,NYK
Joel Przybilla,5762575,C,2008,POR
Dan Gadzuric,5751130,C,2008,MIL
Nick Collison,5750000,PF,2008,SEA
Bobby Jackson,5670000,SG,2008,HOU
Nazr Mohammed,5632200,C,2008,CHA
Jared Jeffries,5632200,SF,2008,NYK
Tim Thomas,5632200,PF,2008,LAC
Vladimir Radmanovic,5632200,SF,2008,LAL
Leandro Barbosa,5600000,SG,2008,PHO
Donyell Marshall,5566965,PF,2008,SEA
Jeff Foster,5500000,C,2008,IND
Matt Carroll,5450000,SG,2008,CHA
Emeka Okafor,5427307,C,2008,CHA
Mikki Moore,5356000,PF,2008,SAC
Anderson Varejao,5356000,C,2008,CLE
Jason Kapono,5356000,SF,2008,TOR
Joe Smith,5205000,PF,2008,CLE
Morris Peterson,5000000,SG,2008,NOH
Desmond Mason,5000000,SF,2008,MIL
Brendan Haywood,5000000,C,2008,WAS
Andrew Bogut,4991520,C,2008,MIL
Eduardo Najera,4952380,PF,2008,DEN
Ben Gordon,4881669,SG,2008,CHI
Andrea Bargnani,4838880,PF,2008,TOR
John Salmons,4752000,SG,2008,SAC
Raja Bell,4750000,SG,2008,PHO
Rafer Alston,4550000,PG,2008,HOU
Kyle Korver,4500000,SG,2008,UTA
Kendrick Perkins,4480912,C,2008,BOS
Marvin Williams,4466040,SF,2008,ATL
Derek Fisher,4352000,PG,2008,LAL
Trenton Hassell,4350000,SG,2008,NJN
Anthony Parker,4350000,SG,2008,TOR
LaMarcus Aldridge,4329360,PF,2008,POR
Reggie Evans,4320000,PF,2008,PHI
Sasha Pavlovic,4250000,SG,2008,CLE
Steve Blake,4250000,PG,2008,POR
Damon Jones,4172432,SG,2008,CLE
Kevin Durant,4171200,SG,2008,SEA
Bruce Bowen,4125000,SF,2008,SAS
Deron Williams,4010640,PG,2008,UTA
Jorge Garbajosa,4000000,PF,2008,TOR
Travis Outlaw,4000000,PF,2008,POR
Zaza Pachulia,4000000,C,2008,ATL
Luke Walton,4000000,SF,2008,LAL
Devin Harris,3995003,PG,2008,NJN
Marcus Banks,3966207,PG,2008,PHO
Darius Songaila,3942000,C,2008,WAS
Pat Garrity,3818750,PF,2008,ORL
Greg Buckner,3750746,SG,2008,MIN
Al Horford,3745800,C,2008,ATL
Amir Johnson,3666667,PF,2008,DET
Steven Hunter,3638600,C,2008,DEN
Robert Horry,3630000,PF,2008,SAS
Chris Paul,3615960,PG,2008,NOH
Keyon Dooling,3596000,PG,2008,ORL
Tyrus Thomas,3505320,PF,2008,CHI
Fabricio Oberto,3500000,C,2008,SAS
Brian Cook,3500000,PF,2008,ORL
Mickael Pietrus,3470771,SF,2008,GSW
Kevin Ollie,3441900,SG,2008,PHI
Mike Conley,3377160,PG,2008,MEM
DeShawn Stevenson,3348215,SG,2008,WAS
Luol Deng,3320339,SF,2008,CHI
Rasual Butler,3315000,SF,2008,NOH
Fred Jones,3300000,SG,2008,NYK
Raymond Felton,3274440,PG,2008,CHA
Lorenzen Wright,3250000,C,2008,SAC
Chris Duhon,3248000,PG,2008,CHI
James Posey,3206000,PF,2008,BOS
Shelden Williams,3174240,PF,2008,SAC
Michael Doleac,3120000,C,2008,MIN
Charlie Bell,3106000,SG,2008,MIL
Michael Finley,3103000,SG,2008,SAS
Trevor Ariza,3100000,SF,2008,LAL
Willie Green,3094000,SG,2008,PHI
Jeff Green,3058200,SF,2008,SEA
Francisco Elson,3000000,C,2008,SEA
Jake Voskuhl,3000000,C,2008,MIL
Matt Barnes,3000000,PF,2008,GSW
Brian Scalabrine,3000000,PF,2008,BOS
Martell Webster,2974080,SF,2008,POR
Luis Scola,2916667,PF,2008,HOU
Damien Wilkins,2900000,SF,2008,SEA
James Jones,2900000,SF,2008,POR
Brandon Roy,2883120,SG,2008,POR
Anthony Johnson,2860000,PG,2008,SAC
Andre Iguodala,2804889,SF,2008,PHI
Yi Jianlian,2777760,PF,2008,MIL
Alonzo Mourning,2762500,C,2008,MIA
Primoz Brezec,2750000,C,2008,TOR
Charlie Villanueva,2715000,PF,2008,MIL
Matt Bonner,2700000,PF,2008,SAS
Andris Biedrins,2636696,C,2008,GSW
Randy Foye,2631840,PG,2008,MIN
Robert Swift,2601113,C,2008,SEA
Sebastian Telfair,2562426,PG,2008,MIN
Juan Dixon,2550000,PG,2008,DET
Corey Brewer,2535720,SF,2008,MIN
Kris Humphries,2522913,PF,2008,TOR
Chris Mihm,2500000,C,2008,LAL
Bostjan Nachbar,2500000,PF,2008,NJN
Channing Frye,2487240,C,2008,POR
Al Jefferson,2480885,C,2008,MIN
Andray Blatche,2479339,PF,2008,WAS
Jose Calderon,2471604,PG,2008,TOR
Keith Bogans,2440000,SG,2008,ORL
Steve Francis,2439333,PG,2008,HOU
Mark Madsen,2420000,PF,2008,MIN
Rudy Gay,2411160,SF,2008,MEM
Othella Harrington,2376000,C,2008,CHA
Devean George,2369111,SF,2008,DAL
Kirk Snyder,2358433,SF,2008,MIN
Jarron Collins,2350000,C,2008,UTA
Brandan Wright,2323080,PF,2008,GSW
Jason Hart,2300000,PG,2008,UTA
Ike Diogu,2286360,PF,2008,IND
Bonzi Wells,2284200,SG,2008,NOH
Lindsey Hunter,2250000,PG,2008,DET
Josh Smith,2243543,PF,2008,ATL
Patrick O'Bryant,2216400,C,2008,GSW
Andrew Bynum,2172000,C,2008,LAL
DeSagana Diop,2146000,C,2008,NJN
Joakim Noah,2135400,C,2008,CHI
Mouhamed Sene,2105520,C,2008,SEA
Dorell Wright,2040746,SF,2008,MIA
Spencer Hawes,2028600,C,2008,SAC
Jameer Nelson,1961609,PG,2008,ORL
Acie Law,1927080,PG,2008,ATL
Aaron Williams,1890000,C,2008,LAC
Delonte West,1889760,PG,2008,CLE
Nenad Krstic,1889760,C,2008,NJN
Carlos Delfino,1868141,SG,2008,TOR
Tony Allen,1868141,SG,2008,BOS
Thaddeus Young,1830720,PF,2008,PHI
Jannero Pargo,1830000,SG,2008,NOH
Grant Hill,1830000,SF,2008,PHO
Maceo Baston,1830000,PF,2008,TOR
Eddie Jones,1830000,SG,2008,DAL
Kevin Martin,1808121,SG,2008,SAC
Thabo Sefolosha,1805160,SG,2008,CHI
Kosta Perovic,1800000,C,2008,GSW
Rashad McCants,1769160,SG,2008,MIN
Sasha Vujacic,1756951,SG,2008,LAL
Chuck Hayes,1750000,PF,2008,HOU
Maurice Evans,1740000,SG,2008,ORL
Julian Wright,1739160,SF,2008,NOH
David Harrison,1734316,C,2008,IND
Ronnie Brewer,1715040,SG,2008,UTA
Antoine Wright,1680600,SG,2008,DAL
Al Thornton,1652280,PF,2008,LAC
Cedric Simmons,1629120,PF,2008,CHI
Brevin Knight,1600000,PG,2008,LAC
Joey Graham,1596600,SF,2008,TOR
Adrian Griffin,1593000,SG,2008,SEA
Rodney Stuckey,1569600,PG,2008,DET
Rodney Carney,1547760,SF,2008,PHI
Danny Granger,1516800,SF,2008,IND
Travis Diener,1500000,PG,2008,IND
Eddie House,1500000,PG,2008,BOS
Nick Young,1491240,SG,2008,WAS
Shawne Williams,1470360,SF,2008,IND
Gerald Green,1440960,SF,2008,HOU
Sean Williams,1416600,C,2008,NJN
Hakim Warrick,1376040,PF,2008,MEM
Marco Belinelli,1345800,SG,2008,GSW
Oleksiy Pecherov,1345800,C,2008,WAS
Quincy Douby,1333920,PG,2008,SAC
Javaris Crittenton,1285200,SG,2008,MEM
Renaldo Balkman,1280640,SF,2008,NYK
Nate Robinson,1268160,PG,2008,NYK
Jason Smith,1233840,PF,2008,PHI
Rajon Rondo,1229280,PG,2008,BOS
Jacque Vaughn,1219590,PG,2008,SAS
Eric Piatkowski,1219590,SF,2008,PHO
Adonal Foyle,1219590,C,2008,ORL
Jarrett Jack,1217400,SG,2008,POR
Jarvis Hayes,1200000,SF,2008,DET
Devin Brown,1200000,SG,2008,CLE
Daequan Cook,1184400,SG,2008,MIA
Francisco Garcia,1168800,SF,2008,SAC
Jared Dudley,1137000,PF,2008,CHA
Josh Boone,1133040,PF,2008,NJN
Shavlik Randolph,1130000,PF,2008,PHI
Luther Head,1122000,SG,2008,HOU
Calvin Booth,1103225,C,2008,PHI
Ronnie Price,1100000,PG,2008,UTA
Wilson Chandler,1091640,SF,2008,NYK
Kyle Lowry,1087680,PG,2008,MEM
Johan Petro,1077120,C,2008,SEA
Shannon Brown,1044120,SG,2008,CHI
Jason Maxiell,1041360,C,2008,DET
Linas Kleiza,1011360,SF,2008,DEN
Jordan Farmar,1009560,PG,2008,LAL
Morris Almond,1005960,SG,2008,UTA
Ime Udoka,1000000,PF,2008,SAS
David Lee,990600,PF,2008,NYK
Maurice Ager,974400,SG,2008,NJN
Earl Barron,973328,C,2008,MIA
Aaron Brooks,972720,PG,2008,HOU
Mardy Collins,967320,SG,2008,NYK
C.J. Miles,945610,SG,2008,UTA
Arron Afflalo,944520,SG,2008,DET
Alando Tucker,931920,SF,2008,PHO
Melvin Ely,895341,C,2008,NOH
Chris Andersen,885294,C,2008,NOH
Justin Williams,862456,C,2008,HOU
Quinton Ross,826046,SG,2008,LAC
Sergio Rodriguez,817000,PG,2008,POR
Randolph Morris,810000,C,2008,NYK
Mickael Gelabale,802000,SG,2008,SEA
Josh Powell,800000,C,2008,LAC
Salim Stoudamire,783000,PG,2008,ATL
Jeff McInnis,770610,PG,2008,CHA
Sean Marks,770610,C,2008,PHO
Derek Anderson,770610,SG,2008,CHA
Casey Jacobsen,770610,SG,2008,MEM
Brian Skinner,770610,C,2008,PHO
Darrick Martin,770610,PG,2008,TOR
Royal Ivey,770610,PG,2008,MIL
Michael Ruffin,770610,C,2008,MIL
Ryan Bowen,770610,SF,2008,NOH
Austin Croshere,770610,PF,2008,GSW
Dan Dickau,770610,PG,2008,LAC
Ronny Turiaf,770610,C,2008,LAL
Von Wafer,770610,SG,2008,POR
Malik Allen,770610,PF,2008,DAL
Stephen Graham,770610,SF,2008,IND
Orien Greene,770610,SG,2008,SAC
Awvee Storey,770610,SG,2008,MIL
Andre Brown,770610,PF,2008,MEM
Anfernee Hardaway,770610,SF,2008,MIA
Lou Williams,770610,PG,2008,PHI
Brandon Bass,770610,C,2008,DAL
Kareem Rush,770610,SG,2008,IND
Ruben Patterson,770610,SF,2008,LAC
Monta Ellis,770610,SG,2008,GSW
Dikembe Mutombo,770610,C,2008,HOU
Anthony Carter,770610,PG,2008,DEN
Ryan Gomes,770610,PF,2008,MIN
Scot Pollard,770610,C,2008,BOS
Juwan Howard,761544,PF,2008,DAL
Kyrylo Fesenko,750000,C,2008,UTA
Solomon Jones,729000,PF,2008,ATL
Eddie Gill,693549,PG,2008,SEA
Yakhouba Diawara,687456,SG,2008,DEN
Leon Powe,687456,C,2008,BOS
Ryan Hollins,687456,PF,2008,CHA
Paul Davis,687456,PF,2008,LAC
Craig Smith,687456,PF,2008,MIN
Lou Amundson,687456,PF,2008,PHI
Steve Novak,687456,SF,2008,HOU
Andre Owens,687456,PG,2008,IND
Tarence Kinsey,687456,SG,2008,MEM
Paul Millsap,687456,PF,2008,UTA
J.J. Barea,687456,PG,2008,DAL
Chris Quinn,687456,PG,2008,MIA
Daniel Gibson,687456,PG,2008,CLE
Gabe Pruitt,650000,PG,2008,BOS
Jelani McCoy,634620,C,2008,DEN
Ian Mahinmi,625840,C,2008,SAS
Dahntay Jones,584757,SG,2008,SAC
Richie Frahm,566625,SG,2008,LAC
Beno Udrih,561544,PG,2008,SAC
Juan Carlos Navarro,538090,SG,2008,MEM
Jamario Moon,427163,SF,2008,TOR
Thomas Gardner,427163,SG,2008,CHI
Ramon Sessions,427163,PG,2008,MIL
Dominic McGuire,427163,SG,2008,WAS
Demetris Nichols,427163,SF,2008,CHI
Darryl Watkins,427163,C,2008,SAC
Coby Karl,427163,SG,2008,LAL
Carl Landry,427163,PF,2008,HOU
Cheikh Samb,427163,C,2008,DET
Mario West,427163,SG,2008,ATL
Joel Anthony,427163,PF,2008,MIA
Glen Davis,427163,C,2008,BOS
Marcin Gortat,427163,C,2008,ORL
Jermareo Davidson,427163,SF,2008,CHA
Aaron Gray,427163,C,2008,CHI
Taurean Green,427163,SG,2008,DEN
Josh McRoberts,427163,PF,2008,POR
Chris Richard,427163,C,2008,MIN
D.J. Strawberry,427163,SG,2008,PHO
Chris Webber,358107,PF,2008,GSW
Earl Boykins,349041,PG,2008,CHA
Damon Stoudamire,335442,PG,2008,SAS
Courtney Sims,319116,C,2008,IND
Keith Langford,278912,SG,2008,SAS
C.J. Watson,251272,PG,2008,GSW
Jeremy Richardson,238588,SF,2008,ATL
Jamaal Magloire,231183,C,2008,DAL
P.J. Brown,226650,PF,2008,BOS
Ronald Murray,213051,PG,2008,IND
Gordan Giricek,199452,SG,2008,PHO
Theo Ratliff,199452,C,2008,DET
Sam Cassell,199452,PG,2008,BOS
Tyronn Lue,199452,PG,2008,DAL
Smush Parker,181320,PG,2008,LAC
Brent Barry,172177,SF,2008,SAS
Loren Woods,142201,C,2008,HOU
Nick Fazekas,125636,PF,2008,LAC
Ira Newble,122391,SG,2008,LAL
Mike Harris,100509,PF,2008,HOU
Lance Allred,87945,C,2008,CLE
Blake Ahearn,67844,PG,2008,MIA
Stephane Lasme,67844,PF,2008,MIA
Ronald Dupree,63462,SF,2008,SEA
Marcus Williams,50254,PF,2008,LAC
Kasib Powell,36395,SF,2008,MIA
DerMarr Johnson,27198,SF,2008,SAS
Bobby Jones,24263,SF,2008,SAS
Linton Johnson,4533,PF,2008,TOR
Billy Thomas,4533,SF,2008,CLE
Kevin Garnett,24751934,PF,2009,BOS
Jason Kidd,21372000,PG,2009,DAL
Jermaine O'Neal,21372000,C,2009,MIA
Kobe Bryant,21262500,SG,2009,LAL
Shaquille O'Neal,21000000,C,2009,PHO
Allen Iverson,20840625,PG,2009,DET
Stephon Marbury,20840625,PG,2009,BOS
Tim Duncan,20598704,C,2009,SAS
Tracy McGrady,20370437,SG,2009,HOU
Ray Allen,18388430,SG,2009,BOS
Dirk Nowitzki,18077904,PF,2009,DAL
Paul Pierce,18077903,SF,2009,BOS
Shawn Marion,17810000,SF,2009,TOR
Rashard Lewis,16447871,PF,2009,ORL
Michael Redd,15780000,SG,2009,MIL
Pau Gasol,15106000,C,2009,LAL
Andrei Kirilenko,15106000,PF,2009,UTA
Amar'e Stoudemire,15070550,PF,2009,PHO
Yao Ming,15070550,C,2009,HOU
Mike Bibby,14983603,PG,2009,ATL
Vince Carter,14724125,SG,2009,NJN
Zach Randolph,14666667,PF,2009,LAC
Ben Wallace,14500000,PF,2009,CLE
Kenyon Martin,14431816,PF,2009,DEN
Dwyane Wade,14410581,SG,2009,MIA
Chris Bosh,14410581,C,2009,TOR
LeBron James,14410581,SF,2009,CLE
Joe Johnson,14232567,SG,2009,ATL
Lamar Odom,14148596,PF,2009,LAL
Rasheed Wallace,13930000,C,2009,DET
Wally Szczerbiak,13775000,SF,2009,CLE
Dwight Howard,13758000,C,2009,ORL
Elton Brand,13757844,PF,2009,PHI
Richard Jefferson,13200000,SF,2009,MIL
Larry Hughes,12827676,SF,2009,NYK
Peja Stojakovic,12528000,SF,2009,NOH
Steve Nash,12250000,PG,2009,PHO
Jason Richardson,12222221,SG,2009,PHO
Carlos Boozer,11593817,PF,2009,UTA
Erick Dampier,11553000,C,2009,DAL
Tony Parker,11550000,PG,2009,SAS
Brad Miller,11375000,C,2009,CHI
Tyson Chandler,11350000,C,2009,NOH
Andre Iguodala,11300000,SF,2009,PHI
Baron Davis,11250000,PG,2009,LAC
Samuel Dalembert,11238564,C,2009,PHI
Chauncey Billups,11050000,PG,2009,DEN
Monta Ellis,11000000,SG,2009,GSW
Al Jefferson,11000000,C,2009,MIN
Zydrunas Ilgauskas,10841615,C,2009,CLE
Richard Hamilton,10812500,SG,2009,DET
Bobby Simmons,10602667,SF,2009,NJN
Andre Miller,10333334,PG,2009,PHI
Troy Murphy,10126984,PF,2009,IND
Marcus Camby,10000000,C,2009,LAC
Josh Smith,10000000,PF,2009,ATL
Kirk Hinrich,10000000,SG,2009,CHI
Josh Howard,9945000,SF,2009,DAL
Antawn Jamison,9923285,PF,2009,WAS
Manu Ginobili,9905248,SG,2009,SAS
David West,9862500,PF,2009,NOH
Eddy Curry,9723983,C,2009,NYK
Emeka Okafor,9537500,C,2009,CHA
Chris Kaman,9500000,C,2009,LAC
Gerald Wallace,9500000,SF,2009,CHA
Tayshaun Prince,9500000,SF,2009,DET
Luol Deng,9385000,SF,2009,CHI
Caron Butler,9249980,SG,2009,WAS
Al Harrington,9226250,PF,2009,NYK
Jason Terry,9196000,SG,2009,DAL
Mike Miller,9028575,SF,2009,MIN
Andris Biedrins,9000000,C,2009,GSW
Boris Diaw,9000000,PF,2009,CHA
Mike Dunleavy,9000000,SG,2009,IND
Cuttino Mobley,8925000,SG,2009,LAC
Kevin Martin,8760335,SG,2009,SAC
Quentin Richardson,8685500,SG,2009,NYK
Jamal Crawford,8640000,PG,2009,GSW
Kenny Thomas,8562500,PF,2009,SAC
Mark Blount,8513916,C,2009,MIA
Mehmet Okur,8500000,C,2009,UTA
Rasho Nesterovic,8400000,C,2009,IND
Mo Williams,8353000,PG,2009,CLE
Corey Maggette,8275862,PF,2009,GSW
Andres Nocioni,8000000,PF,2009,SAC
T.J. Ford,8000000,PG,2009,IND
Devin Harris,7800000,PG,2009,NJN
Jameer Nelson,7700000,PG,2009,ORL
Malik Rose,7647500,PF,2009,OKC
Jose Calderon,7438018,PG,2009,TOR
Metta World Peace,7400000,SF,2009,HOU
Stephen Jackson,7140000,SF,2009,GSW
Darko Milicic,7020000,C,2009,MEM
Jerry Stackhouse,7000000,SG,2009,DAL
Marquis Daniels,6864200,SF,2009,IND
Hedo Turkoglu,6864200,SF,2009,ORL
Etan Thomas,6864200,C,2009,WAS
Chris Wilcox,6750000,C,2009,NYK
Marko Jaric,6575000,SG,2009,MEM
Udonis Haslem,6575000,PF,2009,MIA
Luke Ridnour,6500000,PG,2009,MIL
Bobby Jackson,6487888,PG,2009,SAC
Shane Battier,6448900,SG,2009,HOU
Ben Gordon,6404750,SG,2009,CHI
Nick Collison,6350000,C,2009,OKC
Joel Przybilla,6310150,C,2009,POR
Brian Cardinal,6300000,PF,2009,MIN
Andrew Bogut,6294195,C,2009,MIL
Dan Gadzuric,6250195,C,2009,MIL
Mike James,6244093,PG,2009,WAS
Earl Watson,6200000,PG,2009,OKC
Antonio Daniels,6200000,PG,2009,NOH
Jason Collins,6200000,C,2009,MIN
Jerome James,6200000,C,2009,NYK
Leandro Barbosa,6100000,SG,2009,PHO
John Salmons,6077151,SF,2009,CHI
Nazr Mohammed,6049400,C,2009,CHA
Jared Jeffries,6049400,SF,2009,NYK
Tim Thomas,6049400,PF,2009,CHI
Vladimir Radmanovic,6049400,SF,2009,CHA
Matt Harpring,6000000,SG,2009,UTA
Anderson Varejao,5784480,PF,2009,CLE
Jason Kapono,5784480,SG,2009,TOR
Speedy Claxton,5757818,PG,2009,ATL
Tony Battie,5746000,PF,2009,ORL
Marvin Williams,5636142,SF,2009,ATL
Mikki Moore,5632200,PF,2009,BOS
Morris Peterson,5592240,SG,2009,NOH
Chris Duhon,5585000,PG,2009,NYK
James Posey,5585000,SG,2009,NOH
Beno Udrih,5585000,PG,2009,SAC
DeSagana Diop,5585000,C,2009,CHA
Brendan Haywood,5500000,C,2009,WAS
Jeff Foster,5500000,C,2009,IND
Mickael Pietrus,5300000,SG,2009,ORL
Desmond Mason,5300000,SG,2009,OKC
Andrea Bargnani,5176440,PF,2009,TOR
Deron Williams,5069449,PG,2009,UTA
Matt Carroll,5050000,SG,2009,DAL
Greg Oden,5011680,C,2009,POR
Raja Bell,5000000,SG,2009,CHA
Kyle Korver,4956818,SF,2009,UTA
Rafer Alston,4900000,PG,2009,ORL
Derrick Rose,4822800,PG,2009,CHI
Nenad Krstic,4778548,C,2009,OKC
Derek Fisher,4700000,PG,2009,LAL
Reggie Evans,4640000,PF,2009,PHI
LaMarcus Aldridge,4631400,PF,2009,POR
Kendrick Perkins,4578880,C,2009,BOS
Chris Paul,4574189,PG,2009,NOH
Anthony Parker,4550000,SG,2009,TOR
Sasha Vujacic,4524887,SG,2009,LAL
Sasha Pavlovic,4500000,SF,2009,CLE
Ronny Turiaf,4500000,C,2009,GSW
Lou Williams,4500000,SG,2009,PHI
Kevin Durant,4484040,SF,2009,OKC
Damon Jones,4460186,PG,2009,MIL
Luke Walton,4420000,SF,2009,LAL
Trenton Hassell,4350000,SF,2009,NJN
Michael Beasley,4314960,PF,2009,MIA
Marcus Banks,4260000,PG,2009,TOR
Steve Blake,4250000,PG,2009,POR
Darius Songaila,4235000,C,2009,WAS
Kurt Thomas,4200000,PF,2009,SAS
Adam Morrison,4159200,SF,2009,LAL
Raymond Felton,4148715,PG,2009,CHA
Al Horford,4023720,C,2009,ATL
Greg Buckner,4010005,SF,2009,MEM
James Jones,4010000,SF,2009,MIA
Bruce Bowen,4000000,SF,2009,SAS
Kwame Brown,4000000,C,2009,DET
Travis Outlaw,4000000,SF,2009,POR
Zaza Pachulia,4000000,C,2009,ATL
O.J. Mayo,3875040,SG,2009,MEM
Delonte West,3850000,SG,2009,CLE
Martell Webster,3771133,SF,2009,POR
Tyrus Thomas,3749880,PF,2009,CHI
C.J. Miles,3700000,SG,2009,UTA
Daniel Gibson,3700000,PG,2009,CLE
Amir Johnson,3666667,PF,2009,DET
Ryan Gomes,3650000,SF,2009,MIN
Mike Conley,3630480,PG,2009,MEM
Rasual Butler,3630000,SF,2009,NOH
DeShawn Stevenson,3616072,SG,2009,WAS
Fabricio Oberto,3600000,C,2009,SAS
Robert Swift,3579131,C,2009,OKC
Brian Cook,3500000,PF,2009,HOU
Russell Westbrook,3493680,PG,2009,OKC
Charlie Villanueva,3448050,PF,2009,MIL
Shelden Williams,3395760,PF,2009,MIN
Willie Green,3388000,SG,2009,PHI
Charlie Bell,3354480,SG,2009,MIL
Keyon Dooling,3300000,PG,2009,NJN
Jeff Green,3287640,PF,2009,OKC
Eduardo Najera,3250000,PF,2009,NJN
Brian Scalabrine,3206897,C,2009,BOS
Kris Humphries,3200000,SF,2009,TOR
Channing Frye,3163769,PF,2009,POR
Kevin Love,3163680,C,2009,MIN
Luis Scola,3100667,PF,2009,HOU
Trevor Ariza,3100000,SF,2009,LAL
Damien Wilkins,3100000,SG,2009,OKC
Marc Gasol,3093333,C,2009,MEM
Brandon Roy,3084240,SG,2009,POR
Carl Landry,3000000,PF,2009,HOU
Yi Jianlian,2986080,PF,2009,NJN
Matt Bonner,2978000,PF,2009,SAS
Ike Diogu,2912823,PF,2009,SAC
Kelenna Azubuike,2900000,SF,2009,GSW
Danilo Gallinari,2873520,SG,2009,NYK
Randy Foye,2815560,SG,2009,MIN
Andrew Bynum,2769300,C,2009,LAL
Andray Blatche,2739669,C,2009,WAS
Corey Brewer,2725920,SF,2009,MIN
Sean May,2661027,PF,2009,CHA
Eddie House,2650000,PG,2009,BOS
Mark Madsen,2630000,C,2009,MIN
Eric Gordon,2623200,SG,2009,LAC
Rashad McCants,2620126,SG,2009,SAC
Dorell Wright,2612835,SF,2009,MIA
Rudy Gay,2579400,SF,2009,MEM
Keith Bogans,2565000,SG,2009,MIL
Chris Mihm,2500000,C,2009,LAL
Maurice Evans,2500000,SF,2009,ATL
Craig Smith,2500000,PF,2009,MIN
Tony Allen,2500000,SG,2009,BOS
Michael Finley,2500000,SF,2009,SAS
Brandan Wright,2497320,PF,2009,GSW
Jason Hart,2484000,PG,2009,DEN
Joey Graham,2449184,SF,2009,TOR
Joe Alexander,2403120,SF,2009,MIL
Danny Granger,2329805,SF,2009,IND
Sebastian Telfair,2300000,PG,2009,MIN
Ricky Davis,2300000,SG,2009,LAC
Joakim Noah,2295480,C,2009,CHI
Maceo Baston,2272860,PF,2009,IND
Mouhamed Sene,2252400,C,2009,NYK
Tyronn Lue,2250000,PG,2009,ORL
Spencer Hawes,2180760,C,2009,SAC
Hakim Warrick,2119102,PF,2009,MEM
Brook Lopez,2098560,C,2009,NJN
Jarron Collins,2074302,C,2009,UTA
Acie Law,2071680,PG,2009,ATL
Nate Robinson,2020179,PG,2009,NYK
Jarrett Jack,2002623,SG,2009,IND
Brevin Knight,2000000,PG,2009,UTA
Jerryd Bayless,1993560,PG,2009,POR
Francisco Garcia,1983454,SF,2009,SAC
Grant Hill,1976400,SF,2009,PHO
Thaddeus Young,1968120,PF,2009,PHI
Luther Head,1962378,PG,2009,MIA
Johan Petro,1939893,C,2009,DEN
Thabo Sefolosha,1931160,SF,2009,OKC
Anthony Johnson,1910000,PG,2009,ORL
Jarvis Hayes,1910000,SF,2009,NJN
Brent Barry,1910000,SG,2009,HOU
Jason Thompson,1893840,PF,2009,SAC
Jason Maxiell,1877572,C,2009,DET
Julian Wright,1869600,SF,2009,NOH
Ronnie Brewer,1834680,SF,2009,UTA
Linas Kleiza,1824493,SF,2009,DEN
Antoine Wright,1800000,SF,2009,DAL
Brandon Rush,1799160,SG,2009,IND
David Lee,1788033,C,2009,NYK
Al Thornton,1776240,SF,2009,LAC
Chuck Hayes,1768000,C,2009,HOU
Cedric Simmons,1742760,PF,2009,SAC
Anthony Randolph,1709280,PF,2009,GSW
Francisco Elson,1700000,C,2009,MIL
Goran Dragic,1700000,PG,2009,PHO
Rodney Stuckey,1687320,PG,2009,DET
Rodney Carney,1655760,SG,2009,MIN
Robin Lopez,1623720,C,2009,PHO
Travis Diener,1620000,PG,2009,IND
Nick Young,1602960,SG,2009,WAS
Devean George,1600000,SF,2009,DAL
Shawne Williams,1572960,SF,2009,DAL
Hamed Haddadi,1572221,C,2009,MEM
Marreese Speights,1542600,C,2009,PHI
Sean Williams,1522920,PF,2009,NJN
Ronald Murray,1500000,SG,2009,ATL
J.J. Barea,1500000,SG,2009,DAL
Roy Hibbert,1465440,C,2009,IND
Marco Belinelli,1446720,SG,2009,GSW
Oleksiy Pecherov,1446720,C,2009,WAS
Quincy Douby,1427040,PG,2009,TOR
Drew Gooden,1410441,PF,2009,SAS
JaVale McGee,1392240,C,2009,WAS
Javaris Crittenton,1381560,PG,2009,WAS
Renaldo Balkman,1369920,PF,2009,DEN
Calvin Booth,1319651,C,2009,SAC
Rajon Rondo,1315080,PG,2009,BOS
Malik Allen,1300000,PF,2009,MIL
Alexis Ajinca,1276320,PF,2009,CHA
Daequan Cook,1273200,SF,2009,MIA
Marcus Williams,1262520,PG,2009,GSW
Marcus Williams,1262520,PF,2009,SAS
Brian Skinner,1262275,PF,2009,LAC
Jacque Vaughn,1262275,PG,2009,SAS
Ryan Anderson,1225200,PF,2009,NJN
Jared Dudley,1222320,SF,2009,PHO
Josh Boone,1212120,C,2009,NJN
Joe Smith,1200000,C,2009,CLE
Ronnie Price,1188000,PG,2009,UTA
Kosta Koufos,1176240,C,2009,UTA
Courtney Lee,1176240,SG,2009,ORL
Wilson Chandler,1173480,SF,2009,NYK
Kyle Lowry,1163520,PG,2009,HOU
Rudy Fernandez,1084080,SG,2009,POR
Morris Almond,1081440,SG,2009,UTA
Ime Udoka,1080000,SF,2009,SAS
Jordan Farmar,1080000,PG,2009,LAL
Aaron Brooks,1045560,PG,2009,HOU
Maurice Ager,1042440,SG,2009,NJN
Nicolas Batum,1040640,SF,2009,POR
Mardy Collins,1034760,PG,2009,LAC
Arron Afflalo,1015440,SG,2009,DET
George Hill,1006200,PG,2009,SAS
Alando Tucker,1001880,SG,2009,PHO
Melvin Ely,998398,C,2009,NOH
Devin Brown,998398,SG,2009,NOH
Ryan Hollins,972581,C,2009,DAL
Chris Quinn,972581,PG,2009,MIA
D.J. White,964080,PF,2009,OKC
J.R. Giddens,957120,SF,2009,BOS
Yakhouba Diawara,875000,SF,2009,MIA
Sergio Rodriguez,874000,PG,2009,POR
Royal Ivey,854957,SG,2009,PHI
Josh Powell,854957,PF,2009,LAL
Shaun Livingston,854957,PG,2009,OKC
Stephen Graham,826269,SG,2009,IND
Brandon Bass,826269,C,2009,DAL
Joey Dorsey,816500,PF,2009,HOU
Kyrylo Fesenko,810000,C,2009,UTA
Donte Greene,809300,SF,2009,SAC
Kyle Weaver,806452,SG,2009,OKC
Patrick O'Bryant,797581,C,2009,TOR
Sean Marks,797581,C,2009,NOH
Leon Powe,797581,PF,2009,BOS
Jamaal Magloire,797581,C,2009,MIA
Paul Davis,797581,PF,2009,LAC
James Singleton,797581,PF,2009,DAL
Michael Ruffin,797581,PF,2009,POR
Kevin Ollie,797581,PG,2009,MIN
Ryan Bowen,797581,SF,2009,NOH
Desmon Farmer,797581,SG,2009,SAS
Austin Croshere,797581,PF,2009,SAS
Donyell Marshall,797581,PF,2009,PHI
Von Wafer,797581,SG,2009,HOU
Linton Johnson,797581,PF,2009,CHI
Adonal Foyle,797581,C,2009,MEM
Lou Amundson,797581,PF,2009,PHO
Quinton Ross,797581,SF,2009,MEM
Steve Novak,797581,PF,2009,LAC
Shannon Brown,797581,SG,2009,LAL
Andre Brown,797581,PF,2009,CHA
Theo Ratliff,797581,C,2009,PHI
Anthony Roberson,797581,PG,2009,CHI
Kareem Rush,797581,SG,2009,PHI
Tarence Kinsey,797581,SG,2009,CLE
Matt Barnes,797581,PF,2009,PHO
Paul Millsap,797581,PF,2009,UTA
Shavlik Randolph,797581,PF,2009,POR
Gerald Green,797581,SG,2009,DAL
Anthony Carter,797581,PG,2009,DEN
Dahntay Jones,797581,SG,2009,DEN
Chris Andersen,797581,C,2009,DEN
Lorenzen Wright,797581,C,2009,CLE
Solomon Jones,797581,C,2009,ATL
Randolph Morris,797581,C,2009,ATL
Juan Dixon,797581,PG,2009,WAS
Luc Mbah a Moute,757000,PF,2009,MIL
Ramon Sessions,722517,PG,2009,MIL
Lindsey Hunter,722515,PG,2009,CHI
Jamario Moon,711517,SF,2009,MIA
Anthony Tolliver,711517,PF,2009,SAS
Thomas Gardner,711517,SG,2009,ATL
Hassan Adams,711517,SG,2009,TOR
Dominic McGuire,711517,SF,2009,WAS
Demetris Nichols,711517,SF,2009,NYK
Will Solomon,711517,PG,2009,SAC
C.J. Watson,711517,PG,2009,GSW
Cheikh Samb,711517,C,2009,NYK
Mario West,711517,SG,2009,ATL
Joel Anthony,711517,C,2009,MIA
Glen Davis,711517,C,2009,BOS
Alex Acker,711517,SG,2009,LAC
Marcin Gortat,711517,PF,2009,ORL
Aaron Gray,711517,C,2009,CHI
Josh McRoberts,711517,PF,2009,IND
Dee Brown,711517,PG,2009,PHO
Gabe Pruitt,711517,SG,2009,BOS
Will Bynum,711517,PG,2009,DET
Mario Chalmers,700000,PG,2009,MIA
Blake Ahearn,631995,PG,2009,SAS
Antonio McDyess,600532,PF,2009,DET
Jeremy Richardson,591148,SF,2009,ORL
Juwan Howard,586457,SF,2009,CHA
Jake Voskuhl,577073,C,2009,TOR
DeAndre Jordan,550000,C,2009,LAC
Henry Walker,542114,SF,2009,BOS
Dikembe Mutombo,502007,C,2009,HOU
Mike Taylor,500000,PG,2009,LAC
Fred Jones,459782,SF,2009,LAC
Darius Miles,450399,SF,2009,MEM
Darnell Jackson,450000,PF,2009,CLE
Joe Crawford,442114,SF,2009,NYK
Steven Hill,442114,PF,2009,OKC
Anthony Morrow,442114,SG,2009,GSW
Sonny Weems,442114,SG,2009,DEN
Sean Singletary,442114,PG,2009,CHA
Sun Yue,442114,SG,2009,LAL
Nathan Jawai,442114,PF,2009,TOR
Walter Sharpe,442114,PF,2009,DET
Bobby Brown,442114,SG,2009,MIN
DeMarcus Nelson,442114,PG,2009,GSW
Chris Douglas-Roberts,442114,SG,2009,NJN
Rob Kurz,442114,PF,2009,GSW
Othello Hunter,442114,PF,2009,ATL
Jermareo Davidson,422725,SF,2009,GSW
Malik Hairston,299077,SG,2009,SAS
Stromile Swift,201741,PF,2009,PHO
James White,184157,SF,2009,HOU
Dontell Jefferson,93624,SG,2009,CHA
Cartier Martin,52014,SF,2009,CHA
Trey Johnson,46917,SG,2009,CLE
Eddie Gill,46917,PG,2009,MIL
Kobe Bryant,23034375,SG,2010,LAL
Jermaine O'Neal,23016000,C,2010,MIA
Tracy McGrady,22843124,SG,2010,NYK
Tim Duncan,22183220,C,2010,SAS
Shaquille O'Neal,21000000,C,2010,CLE
Dirk Nowitzki,19795714,PF,2010,DAL
Paul Pierce,19795712,SF,2010,BOS
Ray Allen,18776860,SG,2010,BOS
Rashard Lewis,18010791,PF,2010,ORL
Michael Redd,17040000,SG,2010,MIL
Pau Gasol,16452000,C,2010,LAL
Andrei Kirilenko,16452000,SF,2010,UTA
Kevin Garnett,16417044,PF,2010,BOS
Amar'e Stoudemire,16378325,PF,2010,PHO
Gilbert Arenas,16192080,PG,2010,WAS
Vince Carter,16123250,SG,2010,ORL
Zach Randolph,16000000,PF,2010,MEM
Kenyon Martin,15852511,PF,2010,DEN
Carmelo Anthony,15779912,SF,2010,DEN
Dwyane Wade,15779912,SG,2010,MIA
Chris Bosh,15779912,C,2010,TOR
LeBron James,15779912,SF,2010,CLE
Dwight Howard,15202590,C,2010,ORL
Joe Johnson,14976754,SG,2010,ATL
Elton Brand,14858472,PF,2010,PHI
Richard Jefferson,14200000,SF,2010,SAS
Chris Paul,13520500,PG,2010,NOH
Deron Williams,13520500,PG,2010,UTA
Peja Stojakovic,13392000,SF,2010,NOH
Jason Richardson,13333332,SG,2010,PHO
Steve Nash,13125000,PG,2010,PHO
Tony Parker,12600000,PG,2010,SAS
Andrew Bynum,12500000,C,2010,LAL
Carlos Boozer,12323900,PF,2010,UTA
Brad Miller,12250000,C,2010,CHI
Andre Iguodala,12200000,SF,2010,PHI
Erick Dampier,12115500,C,2010,DAL
Baron Davis,12100000,PG,2010,LAC
Chauncey Billups,12100000,PG,2010,DEN
Samuel Dalembert,12025694,C,2010,PHI
Al Jefferson,12000000,C,2010,MIN
Tyson Chandler,11700000,C,2010,CHA
Antawn Jamison,11641095,PF,2010,CLE
Richard Hamilton,11375000,SG,2010,DET
Bobby Simmons,11242666,PF,2010,NJN
Troy Murphy,11047619,PF,2010,IND
Monta Ellis,11000000,SG,2010,GSW
Josh Howard,10890000,SF,2010,WAS
Josh Smith,10800000,PF,2010,ATL
Emeka Okafor,10797500,C,2010,NOH
Manu Ginobili,10728130,SG,2010,SAS
Eddy Curry,10500423,C,2010,NYK
Chris Kaman,10400000,C,2010,LAC
Luol Deng,10365000,SF,2010,CHI
Tayshaun Prince,10324380,SF,2010,DET
Danny Granger,10130500,SF,2010,IND
Al Harrington,10026875,PF,2010,NYK
Andrew Bogut,10000000,C,2010,MIL
Ben Gordon,10000000,SG,2010,DET
Mike Dunleavy,9780992,SF,2010,IND
Caron Butler,9780970,SF,2010,DAL
Mike Miller,9780937,SG,2010,WAS
Kevin Martin,9680170,SG,2010,HOU
Gerald Wallace,9500000,SF,2010,CHA
Kirk Hinrich,9500000,SG,2010,CHI
Jamal Crawford,9360000,SG,2010,ATL
Marcus Camby,9150000,PF,2010,POR
Jason Terry,9075000,SG,2010,DAL
David West,9075000,PF,2010,NOH
Andris Biedrins,9000000,C,2010,GSW
Boris Diaw,9000000,PF,2010,CHA
Mehmet Okur,9000000,C,2010,UTA
Hedo Turkoglu,9000000,SF,2010,TOR
Corey Maggette,8937931,PF,2010,GSW
Mo Williams,8860000,PG,2010,CLE
Kenny Thomas,8775000,PF,2010,SAC
Quentin Richardson,8700000,SF,2010,MIA
T.J. Ford,8500000,PG,2010,IND
Devin Harris,8400000,PG,2010,NJN
Jose Calderon,8219009,PG,2010,TOR
Jason Kidd,8100000,PG,2010,DAL
Jameer Nelson,8100000,PG,2010,ORL
Etan Thomas,7906088,C,2010,OKC
Paul Millsap,7692932,PF,2010,UTA
Stephen Jackson,7650000,SG,2010,CHA
Darko Milicic,7540000,C,2010,MIN
Andres Nocioni,7500000,SF,2010,SAC
Lamar Odom,7500000,PF,2010,LAL
Marvin Williams,7500000,SF,2010,ATL
Udonis Haslem,7100000,PF,2010,MIA
David Lee,7000000,C,2010,NYK
Shane Battier,6939200,SG,2010,HOU
Joel Przybilla,6857725,C,2010,POR
Dan Gadzuric,6749260,C,2010,MIL
Andre Miller,6730800,PG,2010,POR
Shawn Marion,6635068,SF,2010,DAL
Tony Battie,6606600,C,2010,NJN
Leandro Barbosa,6600000,PG,2010,PHO
Luke Ridnour,6500000,PG,2010,MIL
Charlie Villanueva,6500000,PF,2010,DET
Nazr Mohammed,6466600,C,2010,CHA
Jared Jeffries,6466600,PF,2010,HOU
Mike James,6466600,PG,2010,WAS
Vladimir Radmanovic,6466600,PF,2010,GSW
John Salmons,6429151,SG,2010,MIL
Anderson Varejao,6363636,PF,2010,CLE
Nick Collison,6250000,C,2010,OKC
Mike Bibby,6217617,PG,2010,ATL
Jason Kapono,6212960,SF,2010,PHI
Jeff Foster,6077500,C,2010,IND
Chris Duhon,6031800,PG,2010,NYK
James Posey,6031800,SF,2010,NOH
Beno Udrih,6031800,PG,2010,SAC
DeSagana Diop,6031800,C,2010,CHA
Brendan Haywood,6000000,C,2010,DAL
Trevor Ariza,5854000,SF,2010,HOU
Rasheed Wallace,5854000,C,2010,BOS
Metta World Peace,5854000,SF,2010,LAL
Marcin Gortat,5854000,C,2010,ORL
LaMarcus Aldridge,5844827,PF,2010,POR
Morris Peterson,5800000,SG,2010,NOH
Francisco Garcia,5800000,SG,2010,SAC
Raymond Felton,5501196,PG,2010,CHA
Greg Oden,5361240,C,2010,POR
Mickael Pietrus,5300000,SF,2010,ORL
Adam Morrison,5257229,SF,2010,LAL
Raja Bell,5250000,SG,2010,GSW
Derrick Rose,5184480,PG,2010,CHI
Kyle Korver,5163636,SG,2010,UTA
Nenad Krstic,5160832,C,2010,OKC
Derek Fisher,5048000,PG,2010,LAL
Jason Maxiell,5000000,C,2010,DET
Sasha Vujacic,5000000,SG,2010,LAL
Nate Robinson,5000000,PG,2010,BOS
Jarrett Jack,5000000,PG,2010,TOR
Lou Williams,4972500,PG,2010,PHI
Reggie Evans,4960000,PF,2010,TOR
Luke Walton,4840000,SF,2010,LAL
Kevin Durant,4796880,SF,2010,OKC
Zaza Pachulia,4750000,C,2010,ATL
Tyrus Thomas,4743598,PF,2010,CHA
Matt Carroll,4700000,SG,2010,DAL
Michael Beasley,4638600,PF,2010,MIA
Drew Gooden,4580735,C,2010,LAC
Marcus Banks,4553793,PG,2010,TOR
Darius Songaila,4526000,C,2010,NOH
Antonio McDyess,4500000,PF,2010,SAS
Kendrick Perkins,4500000,C,2010,BOS
Hasheem Thabeet,4458840,C,2010,MEM
Trenton Hassell,4350000,SF,2010,NJN
Martell Webster,4344000,SF,2010,POR
James Jones,4330000,SF,2010,MIA
Al Horford,4307640,C,2010,ATL
Delonte West,4254250,SG,2010,CLE
O.J. Mayo,4165560,SG,2010,MEM
Ronny Turiaf,4140000,C,2010,GSW
Daniel Gibson,4088500,PG,2010,CLE
James Harden,4004160,SG,2010,OKC
Kwame Brown,4000000,C,2010,DET
Brandon Bass,4000000,PF,2010,ORL
Steve Blake,4000000,PG,2010,LAC
Rasual Butler,3945000,SF,2010,LAC
Amir Johnson,3941667,PF,2010,TOR
Brandon Roy,3910816,SG,2010,POR
Ryan Gomes,3892500,SF,2010,MIN
DeShawn Stevenson,3883929,SG,2010,DAL
Mike Conley,3883800,PG,2010,MEM
Kurt Thomas,3800000,C,2010,MIL
Russell Westbrook,3755640,PG,2010,OKC
C.J. Miles,3700000,SF,2010,UTA
Steven Hunter,3696000,C,2010,MEM
Willie Green,3682000,SG,2010,PHI
Ramon Sessions,3670667,PG,2010,MIN
Chris Andersen,3650000,PF,2010,DEN
Damien Wilkins,3630000,SF,2010,MIN
Tyreke Evans,3610080,SG,2010,SAC
Charlie Bell,3602960,SG,2010,MIL
Travis Outlaw,3600000,SF,2010,LAC
Randy Foye,3575761,PG,2010,WAS
Keyon Dooling,3564000,PG,2010,NJN
Jeff Green,3516960,PF,2010,OKC
Carlos Delfino,3500000,SF,2010,MIL
Brian Cook,3500000,PF,2010,HOU
Brian Scalabrine,3413793,PF,2010,BOS
Kevin Love,3401040,PF,2010,MIN
Marc Gasol,3333333,C,2010,MEM
Luis Scola,3284667,PF,2010,HOU
Rudy Gay,3280997,SF,2010,MEM
Matt Bonner,3256500,PF,2010,SAS
Yi Jianlian,3194400,PF,2010,NJN
Danilo Gallinari,3089040,SF,2010,NYK
Glen Davis,3000004,PF,2010,BOS
Jamario Moon,3000000,SF,2010,CLE
Eduardo Najera,3000000,PF,2010,DAL
Carl Landry,3000000,PF,2010,SAC
Hakim Warrick,3000000,PF,2010,CHI
Andray Blatche,3000000,PF,2010,WAS
Grant Hill,3000000,SF,2010,PHO
Chris Wilcox,3000000,PF,2010,DET
Jonny Flynn,2969280,PG,2010,MIN
Corey Brewer,2916120,SG,2010,MIN
Kris Humphries,2900000,PF,2010,NJN
Dorell Wright,2887165,SF,2010,MIA
Eddie House,2862000,PG,2010,NYK
Eric Gordon,2819880,SG,2010,LAC
Hilton Armstrong,2801198,PF,2010,SAC
Earl Watson,2800000,PG,2010,IND
Thabo Sefolosha,2759628,SG,2010,OKC
Ronnie Brewer,2717161,SG,2010,MEM
Stephen Curry,2710560,PG,2010,GSW
Anthony Parker,2644231,SG,2010,CLE
Joe Alexander,2583360,SF,2010,CHI
Maurice Evans,2500000,SF,2010,ATL
Sebastian Telfair,2500000,PG,2010,CLE
Dahntay Jones,2500000,SF,2010,IND
Tony Allen,2500000,SG,2010,BOS
Michael Finley,2500000,SF,2010,BOS
Jordan Hill,2483280,PF,2010,HOU
Joakim Noah,2455680,C,2010,CHI
Ricky Davis,2400000,SF,2010,LAC
Spencer Hawes,2332800,C,2010,SAC
David Andersen,2314815,C,2010,HOU
Craig Smith,2300000,PF,2010,LAC
DeMar DeRozan,2282640,SG,2010,TOR
Brook Lopez,2255880,C,2010,NJN
Acie Law,2216160,PG,2010,CHI
Ryan Hollins,2183333,C,2010,MIN
Brandon Jennings,2168520,PG,2010,MIL
Chuck Hayes,2147750,C,2010,HOU
Jerryd Bayless,2143080,SG,2010,POR
Thaddeus Young,2105400,PF,2010,PHI
Ersan Ilyasova,2100000,PF,2010,MIL
Rajon Rondo,2094923,PG,2010,BOS
Anthony Johnson,2062800,PG,2010,ORL
Jarvis Hayes,2062800,SF,2010,NJN
Terrence Williams,2060040,SF,2010,NJN
Josh Boone,2056968,PF,2010,NJN
Jason Thompson,2035920,C,2010,SAC
Kyle Lowry,2034996,PG,2010,HOU
Julian Wright,2000040,SF,2010,NOH
Jannero Pargo,1990000,PG,2010,CHI
Ronald Murray,1990000,SG,2010,CHI
Rasho Nesterovic,1990000,C,2010,TOR
Fabricio Oberto,1990000,C,2010,WAS
Marquis Daniels,1990000,SF,2010,BOS
Shannon Brown,1990000,SG,2010,LAL
Channing Frye,1990000,C,2010,PHO
Gerald Henderson,1957080,SG,2010,CHA
Jordan Farmar,1947240,PG,2010,LAL
Brandon Rush,1934160,SG,2010,IND
Al Thornton,1900200,SF,2010,WAS
Mardy Collins,1867742,SG,2010,LAC
Tyler Hansbrough,1859160,PF,2010,IND
Anthony Randolph,1837560,C,2010,GSW
Goran Dragic,1836000,PG,2010,PHO
Rodney Stuckey,1805040,PG,2010,DET
Antoine Wright,1800000,SF,2010,TOR
Earl Clark,1766280,PF,2010,PHO
Robin Lopez,1745520,C,2010,PHO
Nick Young,1714800,SG,2010,WAS
Francisco Elson,1700000,C,2010,PHI
Austin Daye,1677840,SF,2010,DET
Marreese Speights,1658280,C,2010,PHI
J.J. Barea,1657500,PG,2010,DAL
Sean Williams,1629120,PF,2010,NJN
Hamed Haddadi,1627779,C,2010,MEM
Solomon Jones,1620000,C,2010,IND
Matt Barnes,1600000,SF,2010,ORL
Devean George,1600000,SF,2010,GSW
James Johnson,1594080,PF,2010,CHI
Sergio Rodriguez,1576696,PG,2010,NYK
Roy Hibbert,1575360,C,2010,IND
Marco Belinelli,1547640,SG,2010,TOR
Oleksiy Pecherov,1547640,C,2010,MIN
Jrue Holiday,1514280,PG,2010,PHI
Sasha Pavlovic,1500000,SF,2010,MIN
JaVale McGee,1496640,C,2010,WAS
Ty Lawson,1438680,PG,2010,DEN
Jason Smith,1418880,PF,2010,PHI
Jeff Teague,1373880,PG,2010,ATL
Alexis Ajinca,1372080,C,2010,CHA
Daequan Cook,1362120,SG,2010,MIA
Eric Maynor,1318920,PG,2010,OKC
Ryan Anderson,1317120,PF,2010,ORL
Jared Dudley,1307640,SF,2010,PHO
Malik Allen,1300000,PF,2010,DEN
Darren Collison,1266120,PG,2010,NOH
Courtney Lee,1264440,SG,2010,NJN
Wilson Chandler,1255440,SG,2010,NYK
Ronnie Price,1250000,PG,2010,UTA
Kosta Koufos,1214040,C,2010,UTA
Omri Casspi,1167000,SF,2010,SAC
Rudy Fernandez,1165320,SG,2010,POR
Serge Ibaka,1120200,PF,2010,OKC
Byron Mullens,1120200,PF,2010,OKC
Nicolas Batum,1118760,SF,2010,POR
Aaron Brooks,1118520,PG,2010,HOU
Devin Brown,1107572,SG,2010,CHI
Arron Afflalo,1086240,SG,2010,DEN
George Hill,1081680,PG,2010,SAS
Rodrigue Beaubois,1075440,PG,2010,DAL
Alando Tucker,1071720,SF,2010,MIN
Chris Quinn,1050387,PG,2010,NJN
Royal Ivey,1050000,SG,2010,MIL
Taj Gibson,1039800,PF,2010,CHI
D.J. White,1036440,PF,2010,OKC
Quinton Ross,1033342,SF,2010,WAS
Steve Novak,1031000,SF,2010,LAC
James Singleton,1030189,PF,2010,WAS
J.R. Giddens,1028880,SF,2010,NYK
DeMarre Carroll,1009680,SF,2010,MEM
Wayne Ellington,1003560,SG,2010,MIN
C.J. Watson,1000497,PG,2010,GSW
Aaron Gray,1000497,C,2010,NOH
Toney Douglas,996240,PG,2010,NYK
Ian Mahinmi,989670,C,2010,SAS
Josh Powell,959111,PF,2010,LAL
Yakhouba Diawara,945000,SG,2010,MIA
Zydrunas Ilgauskas,925000,C,2010,CLE
Kyle Weaver,870968,SG,2010,OKC
Kyrylo Fesenko,870000,C,2010,UTA
Donte Greene,870000,SF,2010,SAC
Patrick O'Bryant,855189,C,2010,TOR
Leon Powe,855189,SF,2010,CLE
Marcus Haislip,855189,SF,2010,SAS
Lou Amundson,855189,PF,2010,PHO
Randolph Morris,855189,PF,2010,ATL
DeJuan Blair,850000,PF,2010,SAS
Sean Marks,825497,C,2010,NOH
Jason Williams,825497,PG,2010,ORL
Brian Skinner,825497,PF,2010,LAC
Jamaal Magloire,825497,C,2010,MIA
Paul Davis,825497,PF,2010,WAS
Dominic McGuire,825497,SF,2010,SAC
Kevin Ollie,825497,PG,2010,OKC
Ryan Bowen,825497,SF,2010,OKC
Luther Head,825497,SG,2010,IND
Desmond Mason,825497,SF,2010,SAC
Jarron Collins,825497,C,2010,PHO
Keith Bogans,825497,SF,2010,SAS
Mikki Moore,825497,C,2010,GSW
Jason Collins,825497,C,2010,ATL
Shelden Williams,825497,PF,2010,BOS
Jason Hart,825497,PG,2010,NOH
Joel Anthony,825497,C,2010,MIA
Stephen Graham,825497,SG,2010,CHA
Primoz Brezec,825497,C,2010,MIL
Juwan Howard,825497,C,2010,POR
Joe Smith,825497,PF,2010,ATL
Theo Ratliff,825497,C,2010,CHA
Kareem Rush,825497,SG,2010,LAC
Ben Wallace,825497,C,2010,DET
Marcus Williams,825497,PG,2010,MEM
Pops Mensah-Bonsu,825497,PF,2010,TOR
Anthony Carter,825497,PG,2010,DEN
Josh McRoberts,825497,C,2010,IND
Tim Thomas,825497,SF,2010,DAL
Joey Graham,825497,SF,2010,DEN
Lindsey Hunter,825497,PG,2010,CHI
Rodney Carney,825497,SG,2010,PHI
Carlos Arroyo,825497,PG,2010,MIA
Will Bynum,825497,PG,2010,DET
Johan Petro,825497,C,2010,DEN
Sean May,825479,C,2010,SAC
Sam Young,824200,SF,2010,MEM
Ime Udoka,786650,SG,2010,SAC
Mario Chalmers,756000,PG,2010,MIA
Earl Boykins,752659,PG,2010,WAS
Jamaal Tinsley,738091,PG,2010,MEM
Malik Hairston,736420,SG,2010,SAS
Anthony Morrow,736420,SG,2010,GSW
Sonny Weems,736420,SG,2010,TOR
DeAndre Jordan,736420,C,2010,LAC
Nathan Jawai,736420,C,2010,MIN
Henry Walker,736420,SG,2010,NYK
Darnell Jackson,736420,PF,2010,MIL
Bobby Brown,736420,PG,2010,LAC
Luc Mbah a Moute,736420,PF,2010,MIL
Jawad Williams,736420,PG,2010,CLE
Chris Douglas-Roberts,736420,SF,2010,NJN
Othello Hunter,736420,SF,2010,ATL
Chase Budinger,725000,SF,2010,HOU
Jermaine Taylor,725000,SG,2010,HOU
Mike Wilks,679821,PG,2010,OKC
Allen Iverson,650686,SG,2010,PHI
Jodie Meeks,650000,SG,2010,PHI
Chris Hunter,632455,C,2010,GSW
Jonathan Bender,597271,SF,2010,NYK
Rafer Alston,475875,PG,2010,MIA
Trey Gilder,457588,SF,2010,MEM
Patty Mills,457588,PG,2010,POR
Dante Cunningham,457588,PF,2010,POR
Derrick Brown,457588,SF,2010,CHA
A.J. Price,457588,PG,2010,IND
Taylor Griffin,457588,SF,2010,PHO
DaJuan Summers,457588,SF,2010,DET
Marcus Thornton,457588,SG,2010,NOH
Wesley Matthews,457588,SG,2010,UTA
Marcus Landry,457588,SF,2010,BOS
Danny Green,457588,SG,2010,CLE
Lester Hudson,457588,PG,2010,MEM
Jon Brockman,457588,PF,2010,SAC
Jonas Jerebko,457588,PF,2010,DET
Mario West,451595,SG,2010,ATL
Anthony Tolliver,427316,PF,2010,GSW
Jerry Stackhouse,422460,SG,2010,MIL
Sundiata Gaines,269169,PG,2010,UTA
Shaun Livingston,228226,PG,2010,WAS
Travis Diener,208802,PG,2010,POR
Chris Richard,186271,PF,2010,CHI
Larry Hughes,160244,SG,2010,CHA
Reggie Williams,118435,SF,2010,GSW
Othyus Jeffers,113051,SG,2010,UTA
Brian Cardinal,111685,PF,2010,MIN
Mike Harris,95301,PF,2010,WAS
Garrett Temple,88826,SG,2010,SAS
Cartier Martin,69310,SF,2010,WAS
Earl Barron,63127,C,2010,NYK
Joey Dorsey,47651,PF,2010,SAC
Alonzo Gee,45759,SG,2010,WAS
Shavlik Randolph,43703,PF,2010,POR
Cedric Jackson,40375,PG,2010,WAS
Coby Karl,17328,SF,2010,GSW
Oliver Lafayette,2692,SG,2010,BOS
Kobe Bryant,24806250,SG,2011,LAL
Rashard Lewis,19573711,SF,2011,WAS
Tim Duncan,18835381,C,2011,SAS
Kevin Garnett,18832044,PF,2011,BOS
Michael Redd,18300000,SG,2011,MIL
Pau Gasol,17823000,C,2011,LAL
Andrei Kirilenko,17823000,SF,2011,UTA
Yao Ming,17686100,C,2011,HOU
Zach Randolph,17666666,PF,2011,MEM
Vince Carter,17522375,SG,2011,PHO
Dirk Nowitzki,17278618,PF,2011,DAL
Carmelo Anthony,17149243,SF,2011,DEN
Dwight Howard,16647180,C,2011,ORL
Kenyon Martin,16545454,PF,2011,DEN
Amar'e Stoudemire,16486611,C,2011,NYK
Joe Johnson,16324500,SG,2011,ATL
Elton Brand,15959099,PF,2011,PHI
Chris Paul,14940153,PG,2011,NOH
Deron Williams,14940153,PG,2011,NJN
Chris Bosh,14500000,PF,2011,MIA
LeBron James,14500000,SF,2011,MIA
Jason Richardson,14444443,SG,2011,ORL
Carlos Boozer,14400000,C,2011,CHI
Dwyane Wade,14200000,SG,2011,MIA
Baron Davis,14000000,PG,2011,CLE
Paul Pierce,13876321,SF,2011,BOS
Andrew Bynum,13700000,C,2011,LAL
Rudy Gay,13603750,SF,2011,MEM
Brandon Roy,13603750,SG,2011,POR
Tony Parker,13500000,PG,2011,SAS
Samuel Dalembert,13428129,C,2011,SAC
Antawn Jamison,13358905,PF,2011,CLE
Nick Collison,13270000,C,2011,OKC
Chauncey Billups,13150000,PG,2011,NYK
Al Jefferson,13000000,C,2011,UTA
Tyson Chandler,12600000,C,2011,DAL
Richard Hamilton,12500000,SG,2011,DET
Andre Iguodala,12345250,SF,2011,PHI
Manu Ginobili,11854584,SG,2011,SAS
Chris Kaman,11800000,C,2011,LAC
Marcus Camby,11749832,C,2011,POR
Josh Smith,11700000,PF,2011,ATL
Emeka Okafor,11495000,C,2011,NOH
Luol Deng,11345000,SF,2011,CHI
LaMarcus Aldridge,11244000,PF,2011,POR
Tayshaun Prince,11148760,SF,2011,DET
Monta Ellis,11000000,SG,2011,GSW
Andrew Bogut,11000000,C,2011,MIL
Danny Granger,10973202,SF,2011,IND
David Lee,10800000,PF,2011,GSW
Jamal Crawford,10800000,SG,2011,ATL
Ben Gordon,10800000,SG,2011,DET
Kevin Martin,10600005,SG,2011,HOU
Mike Dunleavy,10561984,SG,2011,IND
Caron Butler,10561960,SF,2011,DAL
Gerald Wallace,10500000,SF,2011,POR
Steve Nash,10310938,PG,2011,PHO
Hedo Turkoglu,10215850,SF,2011,ORL
Ray Allen,10000000,SG,2011,BOS
Mehmet Okur,9945000,C,2011,UTA
Jason Terry,9873000,SG,2011,DAL
Corey Maggette,9600000,SF,2011,MIL
Mo Williams,9300000,PG,2011,LAC
Kirk Hinrich,9100000,SG,2011,ATL
Rajon Rondo,9090911,PG,2011,BOS
Andris Biedrins,9000000,C,2011,GSW
Boris Diaw,9000000,PF,2011,CHA
Jose Calderon,9000000,PG,2011,TOR
Devin Harris,8981000,PG,2011,UTA
Jason Kidd,8610500,PG,2011,DAL
Andrea Bargnani,8500000,C,2011,TOR
T.J. Ford,8500000,PG,2011,IND
Stephen Jackson,8453250,SG,2011,CHA
Richard Jefferson,8400000,SF,2011,SAS
David West,8287500,PF,2011,NOH
Lamar Odom,8200000,PF,2011,LAL
John Salmons,8000000,SG,2011,MIL
Jameer Nelson,7800000,PG,2011,ORL
Luis Scola,7775378,PF,2011,HOU
Joel Przybilla,7725470,C,2011,CHA
Paul Millsap,7600000,PF,2011,UTA
Shane Battier,7354500,SF,2011,MEM
Anderson Varejao,7281818,C,2011,CLE
Andre Miller,7269264,PG,2011,POR
Marvin Williams,7262500,SF,2011,ATL
Dan Gadzuric,7248325,C,2011,NJN
James Posey,7148800,SF,2011,IND
Leandro Barbosa,7100000,SG,2011,TOR
Shawn Marion,7055500,SF,2011,DAL
Charlie Villanueva,7020000,PF,2011,DET
Raymond Felton,7000000,PG,2011,DEN
Travis Outlaw,7000000,SF,2011,NJN
Brendan Haywood,6900000,C,2011,DAL
Nazr Mohammed,6883800,C,2011,OKC
Vladimir Radmanovic,6883800,PF,2011,GSW
Andres Nocioni,6850000,SF,2011,PHI
Kendrick Perkins,6696720,C,2011,OKC
Morris Peterson,6665000,SG,2011,OKC
Jeff Foster,6655000,C,2011,IND
Jason Kapono,6641440,SF,2011,PHI
Tyrus Thomas,6611570,C,2011,CHA
Josh Childress,6500000,SG,2011,PHO
Beno Udrih,6478600,PG,2011,SAC
DeSagana Diop,6478600,C,2011,CHA
Metta World Peace,6322320,SF,2011,LAL
Marcin Gortat,6322320,C,2011,PHO
Kevin Durant,6053663,SF,2011,OKC
Andray Blatche,5904152,PF,2011,WAS
Drew Gooden,5765000,PF,2011,MIL
Al Harrington,5765000,PF,2011,DEN
Wesley Matthews,5765000,SG,2011,POR
Jermaine O'Neal,5765000,C,2011,BOS
Kyle Lowry,5750000,PG,2011,HOU
Derrick Rose,5546160,PG,2011,CHI
Nenad Krstic,5543116,C,2011,BOS
Francisco Garcia,5500000,SF,2011,SAC
Sasha Vujacic,5475113,SG,2011,NJN
Al Horford,5444857,C,2011,ATL
Blake Griffin,5357280,PF,2011,LAC
Mickael Pietrus,5300000,SG,2011,PHO
Luke Walton,5260000,SF,2011,LAL
Channing Frye,5200000,PF,2011,PHO
John Wall,5144280,PG,2011,WAS
Reggie Evans,5080000,PF,2011,TOR
Jason Maxiell,5000000,PF,2011,DET
Amir Johnson,5000000,PF,2011,TOR
Kyle Korver,5000000,SG,2011,CHI
Lou Williams,5000000,SG,2011,PHI
Mike Miller,5000000,SG,2011,MIA
Linas Kleiza,4995000,SF,2011,TOR
Michael Beasley,4962240,SF,2011,MIN
Mike Conley,4913077,PG,2011,MEM
Antonio McDyess,4860000,PF,2011,SAS
Marcus Banks,4847586,PG,2011,TOR
Darius Songaila,4818000,C,2011,PHI
Martell Webster,4800000,SF,2011,MIN
Hasheem Thabeet,4793280,C,2011,HOU
Ronnie Brewer,4790000,SG,2011,CHI
Evan Turner,4602720,SG,2011,PHI
Jarrett Jack,4600000,SG,2011,NOH
Chris Andersen,4533300,C,2011,DEN
O.J. Mayo,4456200,SG,2011,MEM
Jeff Green,4455988,PF,2011,BOS
Charlie Bell,4447792,SG,2011,GSW
Brad Miller,4400000,C,2011,HOU
Darko Milicic,4325000,C,2011,MIN
James Harden,4304520,SG,2011,OKC
Matt Carroll,4300000,SG,2011,CHA
Nikola Pekovic,4275000,C,2011,MIN
Zaza Pachulia,4251250,C,2011,ATL
Hakim Warrick,4250000,PF,2011,PHO
Randy Foye,4250000,SG,2011,LAC
Nate Robinson,4200000,PG,2011,OKC
DeShawn Stevenson,4151786,SG,2011,DAL
Derrick Favors,4133280,PF,2011,UTA
Yi Jianlian,4050499,PF,2011,WAS
Russell Westbrook,4017720,PG,2011,OKC
Daniel Gibson,4015334,SG,2011,CLE
Luke Ridnour,4000000,PG,2011,MIN
Anthony Morrow,4000000,SG,2011,NJN
Ronny Turiaf,4000000,C,2011,NYK
Brandon Bass,4000000,PF,2011,ORL
Steve Blake,4000000,PG,2011,LAL
Ryan Gomes,4000000,SF,2011,LAC
Willie Green,3976000,SG,2011,NOH
Ramon Sessions,3964320,PG,2011,CLE
Tyreke Evans,3880920,SG,2011,SAC
Corey Brewer,3875000,SF,2011,DAL
Jordan Farmar,3750000,PG,2011,NJN
Wesley Johnson,3726600,SG,2011,MIN
C.J. Miles,3700000,SF,2011,UTA
Derek Fisher,3700000,PG,2011,LAL
Kevin Love,3638280,PF,2011,MIN
C.J. Watson,3600000,PG,2011,CHI
Marc Gasol,3573333,C,2011,MEM
Timofey Mozgov,3567096,C,2011,DEN
Dorell Wright,3540000,SF,2011,GSW
Udonis Haslem,3500000,PF,2011,MIA
Chris Duhon,3500000,PG,2011,ORL
Carlos Delfino,3500000,SF,2011,MIL
Shaun Livingston,3500000,PG,2011,CHA
Tiago Splitter,3400000,C,2011,SAS
Brandan Wright,3398072,PF,2011,NJN
DeMarcus Cousins,3374640,C,2011,SAC
Danilo Gallinari,3304560,PF,2011,DEN
Joel Anthony,3300000,C,2011,MIA
Thabo Sefolosha,3250000,SG,2011,OKC
Will Bynum,3250000,PG,2011,DET
Johan Petro,3250000,C,2011,NJN
Grant Hill,3240000,SF,2011,PHO
Kris Humphries,3200000,PF,2011,NJN
Jonny Flynn,3192000,PG,2011,MIN
Joakim Noah,3128536,C,2011,CHI
Ekpe Udoh,3065040,C,2011,GSW
Matt Bonner,3050000,PF,2011,SAS
Eric Gordon,3016680,SG,2011,LAC
Glen Davis,3000004,C,2011,BOS
Jamario Moon,3000000,SF,2011,LAC
Eduardo Najera,3000000,PF,2011,CHA
Raja Bell,3000000,SG,2011,UTA
Josh Howard,3000000,SF,2011,WAS
Carl Landry,3000000,PF,2011,NOH
Tony Allen,3000000,SG,2011,MEM
Chris Wilcox,3000000,PF,2011,DET
Spencer Hawes,2974320,C,2011,PHI
Stephen Curry,2913840,PG,2011,GSW
Thaddeus Young,2901241,PF,2011,PHI
Julian Wright,2858057,SF,2011,TOR
Anthony Parker,2855769,SF,2011,CLE
Greg Monroe,2798040,C,2011,DET
Rodney Stuckey,2767126,PG,2011,DET
Sebastian Telfair,2700000,PG,2011,MIN
Jordan Hill,2669520,C,2011,HOU
Nick Young,2630503,SG,2011,WAS
Al-Farouq Aminu,2563320,SF,2011,LAC
D.J. Augustin,2540000,PG,2011,CHA
Maurice Evans,2500000,SF,2011,WAS
Dahntay Jones,2500000,SG,2011,IND
David Andersen,2500000,PF,2011,NOH
DeMar DeRozan,2453880,SG,2011,TOR
Brook Lopez,2413320,C,2011,NJN
Marquis Daniels,2388000,SF,2011,BOS
Marco Belinelli,2380270,SG,2011,NOH
Gordon Hayward,2356320,SF,2011,UTA
Ryan Hollins,2333333,C,2011,CLE
Brandon Jennings,2331120,PG,2011,MIL
Ersan Ilyasova,2320500,PF,2011,MIL
Craig Smith,2300000,PF,2011,LAC
Jerryd Bayless,2292600,PG,2011,TOR
Quentin Richardson,2265000,SF,2011,ORL
Paul George,2238360,SG,2011,IND
Lou Amundson,2225000,PF,2011,GSW
Terrence Williams,2214480,SG,2011,HOU
Anthony Tolliver,2200000,SF,2011,MIN
Jason Smith,2187913,C,2011,NOH
Jason Thompson,2178000,PF,2011,SAC
Daequan Cook,2169857,SG,2011,OKC
Jared Dudley,2151068,SF,2011,PHO
Shannon Brown,2149200,SG,2011,LAL
Wilson Chandler,2130482,SF,2011,DEN
Cole Aldrich,2126520,C,2011,OKC
Gerald Henderson,2103840,SG,2011,CHA
Keyon Dooling,2080000,PG,2011,MIL
Ben Wallace,2080000,C,2011,DET
Brandon Rush,2069040,SG,2011,IND
Xavier Henry,2020200,SG,2011,MEM
Aaron Brooks,2016692,PG,2011,PHO
Tyler Hansbrough,1998600,PF,2011,IND
Chuck Hayes,1972500,C,2011,HOU
Goran Dragic,1972000,PG,2011,HOU
Anthony Randolph,1965720,C,2011,MIN
Arron Afflalo,1959577,SG,2011,DEN
Ed Davis,1919160,PF,2011,TOR
Earl Clark,1898760,SF,2011,ORL
Robin Lopez,1867320,C,2011,PHO
Patrick Patterson,1823280,PF,2011,HOU
J.J. Barea,1815000,PG,2011,DAL
Austin Daye,1803720,SF,2011,DET
Kurt Thomas,1800000,PF,2011,CHI
Marreese Speights,1773960,C,2011,PHI
Matt Barnes,1765000,SF,2011,LAL
Larry Sanders,1731960,C,2011,MIL
James Johnson,1713600,SF,2011,TOR
Roy Hibbert,1685280,C,2011,IND
Renaldo Balkman,1675000,SF,2011,NYK
Luke Babbitt,1645440,SF,2011,POR
Jrue Holiday,1627920,PG,2011,PHI
JaVale McGee,1601040,C,2011,WAS
Hamed Haddadi,1600000,C,2011,MEM
Keith Bogans,1600000,SG,2011,CHI
Kevin Seraphin,1563120,PF,2011,WAS
Ty Lawson,1546560,PG,2011,DEN
Solomon Jones,1500000,C,2011,IND
Eric Bledsoe,1485000,PG,2011,LAC
Jeff Teague,1476840,PG,2011,ATL
Alexis Ajinca,1467840,C,2011,TOR
Avery Bradley,1418160,PG,2011,BOS
Eric Maynor,1417800,PG,2011,OKC
Ryan Anderson,1409040,PF,2011,ORL
Ronnie Price,1381250,SG,2011,UTA
James Anderson,1361400,SF,2011,SAS
Darren Collison,1361040,PG,2011,IND
Courtney Lee,1352640,SG,2011,HOU
Zydrunas Ilgauskas,1352181,C,2011,MIA
Eddie House,1352181,SG,2011,MIA
Shaquille O'Neal,1352181,C,2011,BOS
Craig Brackins,1306920,PF,2011,PHI
Kosta Koufos,1298640,C,2011,DEN
Omri Casspi,1254480,SF,2011,SAC
Rudy Fernandez,1246680,SG,2011,POR
Trevor Booker,1204560,PF,2011,WAS
Serge Ibaka,1204200,PF,2011,OKC
Byron Mullens,1204200,PF,2011,OKC
Royal Ivey,1200000,SG,2011,OKC
Nicolas Batum,1196760,SF,2011,POR
Damion James,1156320,SF,2011,NJN
Rodrigue Beaubois,1156080,PG,2011,DAL
Brian Cook,1146337,PF,2011,LAC
James Jones,1146337,SF,2011,MIA
Darrell Arthur,1123680,PF,2011,MEM
Taj Gibson,1117680,PF,2011,CHI
Dominique Jones,1110120,SG,2011,DAL
D.J. White,1108680,C,2011,CHA
Kyrylo Fesenko,1087500,C,2011,UTA
DeMarre Carroll,1085400,PF,2011,HOU
Wayne Ellington,1078800,SG,2011,MIN
Quincy Pondexter,1073280,SF,2011,NOH
Toney Douglas,1071000,SG,2011,NYK
Jordan Crawford,1042320,SG,2011,WAS
Greivis Vasquez,1035960,PG,2011,MEM
Quinton Ross,1033342,SF,2011,NJN
Jawad Williams,1029389,SF,2011,CLE
Aaron Gray,1028840,C,2011,NOH
Christian Eyenga,1020960,SF,2011,CLE
Lazar Hayward,1020960,SF,2011,MIN
Jon Brockman,1000000,C,2011,MIL
Stephen Graham,992680,SG,2011,NJN
Joey Graham,992680,SF,2011,CLE
Patty Mills,937195,PG,2011,POR
Donte Greene,930700,SF,2011,SAC
DeJuan Blair,918000,PF,2011,SAS
Sam Young,886000,SF,2011,MEM
Ian Mahinmi,885120,C,2011,DAL
Pops Mensah-Bonsu,885120,PF,2011,NOH
Josh McRoberts,885120,PF,2011,IND
Kyle Weaver,854389,SG,2011,UTA
Mario Chalmers,854389,PG,2011,MIA
Jamaal Magloire,854389,C,2011,MIA
Melvin Ely,854389,C,2011,DEN
Mike Harris,854389,PF,2011,HOU
Tracy McGrady,854389,SG,2011,DET
Antoine Wright,854389,SG,2011,SAC
Luther Head,854389,PG,2011,SAC
Fabricio Oberto,854389,C,2011,POR
Earl Watson,854389,PG,2011,UTA
Sonny Weems,854389,SF,2011,TOR
Kwame Brown,854389,C,2011,CHA
Francisco Elson,854389,C,2011,UTA
Tony Battie,854389,C,2011,PHI
Von Wafer,854389,SG,2011,BOS
Malik Allen,854389,PF,2011,ORL
DeAndre Jordan,854389,C,2011,LAC
Jason Collins,854389,C,2011,ATL
Jerry Stackhouse,854389,SG,2011,MIA
Shelden Williams,854389,PF,2011,NYK
Shawne Williams,854389,PF,2011,NYK
Maurice Ager,854389,SG,2011,MIN
George Hill,854389,PG,2011,SAS
Josh Powell,854389,PF,2011,ATL
Henry Walker,854389,SG,2011,NYK
Juwan Howard,854389,PF,2011,MIA
Joe Smith,854389,PF,2011,LAL
Theo Ratliff,854389,C,2011,LAL
Bobby Simmons,854389,SF,2011,SAS
Darnell Jackson,854389,PF,2011,SAC
Luc Mbah a Moute,854389,PF,2011,MIL
Earl Boykins,854389,PG,2011,MIL
Hilton Armstrong,854389,C,2011,ATL
Cartier Martin,854389,SF,2011,WAS
Joey Dorsey,854389,C,2011,TOR
Anthony Carter,854389,PG,2011,NYK
Delonte West,854389,PG,2011,BOS
Brian Cardinal,854389,SF,2011,DAL
Brian Scalabrine,854389,PF,2011,CHI
Chris Douglas-Roberts,854389,SF,2011,MIL
Etan Thomas,854389,C,2011,ATL
Chris Quinn,804131,PG,2011,SAS
Sean Marks,799105,C,2011,POR
Chase Budinger,780871,SF,2011,HOU
Jermaine Taylor,780871,SG,2011,SAC
Jodie Meeks,762195,SG,2011,PHI
Dante Cunningham,762195,PF,2011,CHA
Derrick Brown,762195,SF,2011,NYK
A.J. Price,762195,PG,2011,IND
DaJuan Summers,762195,SF,2011,DET
Marcus Thornton,762195,SG,2011,SAC
Reggie Williams,762195,SF,2011,GSW
Lance Stephenson,750000,SG,2011,IND
Hassan Whiteside,730437,C,2011,SAC
Erick Dampier,713666,C,2011,MIA
Ime Udoka,708640,SF,2011,SAS
Solomon Alabi,670000,C,2011,TOR
Brian Skinner,668434,C,2011,MIL
Alonzo Gee,641141,SG,2011,CLE
Acie Law,633253,PG,2011,GSW
Andy Rautins,600000,SG,2011,NYK
Ike Diogu,567917,PF,2011,LAC
Gary Neal,525000,SG,2011,SAS
Jason Williams,524964,PG,2011,MEM
Lester Hudson,515603,PG,2011,WAS
Willie Warren,500000,PG,2011,LAC
Samardo Samuels,500000,PF,2011,CLE
Damien Wilkins,482478,SF,2011,ATL
Sherron Collins,473604,PG,2011,CHA
Jeremy Lin,473604,PG,2011,GSW
Landry Fields,473604,SG,2011,NYK
Ish Smith,473604,PG,2011,MEM
Garret Siler,473604,C,2011,PHO
Gani Lawal,473604,PF,2011,PHO
Armon Johnson,473604,PG,2011,POR
Derrick Caracter,473604,C,2011,LAL
Gary Forbes,473604,SF,2011,DEN
Ben Uzoh,473604,PG,2011,NJN
Manny Harris,473604,SG,2011,CLE
Devin Ebanks,473604,SG,2011,LAL
Luke Harangody,473604,PF,2011,CLE
Semih Erden,473604,C,2011,CLE
Jeremy Evans,473604,SF,2011,UTA
Pape Sy,473604,SF,2011,ATL
Dexter Pittman,473604,C,2011,MIA
Peja Stojakovic,402065,SF,2011,DAL
Steve Novak,306575,SF,2011,SAS
Mustafa Shakur,226162,PG,2011,WAS
Jared Jeffries,221136,PF,2011,NYK
Mike Bibby,216110,PG,2011,MIA
Troy Murphy,216110,PF,2011,BOS
Dominic McGuire,211084,SF,2011,CHA
Sasha Pavlovic,211084,SG,2011,BOS
Rasual Butler,211084,SG,2011,CHI
Al Thornton,211084,SF,2011,GSW
Leon Powe,201033,C,2011,MEM
Carlos Arroyo,196007,PG,2011,MIA
Zabian Dowdell,186656,PG,2011,PHO
Jeff Adrien,133723,PF,2011,GSW
John Lucas III,130165,PG,2011,CHI
Danny Green,130022,SG,2011,SAS
Sundiata Gaines,112088,PG,2011,NJN
Chris Johnson,88363,C,2011,BOS
Garrett Temple,80703,PG,2011,CHA
Othyus Jeffers,35868,SG,2011,WAS
Marcus Cousin,25000,C,2011,UTA
Larry Owens,22287,SF,2011,WAS
Mario West,20103,SG,2011,NJN
Earl Barron,11679,C,2011,POR
Trey Johnson,8967,SG,2011,LAL
Kobe Bryant,25244493,SG,2012,LAL
Kevin Garnett,21247044,C,2012,BOS
Tim Duncan,21164619,C,2012,SAS
Rashard Lewis,21136631,SF,2012,WAS
Dirk Nowitzki,19092873,PF,2012,DAL
Pau Gasol,18714150,PF,2012,LAL
Carmelo Anthony,18518574,SF,2012,NYK
Amar'e Stoudemire,18217705,PF,2012,NYK
Elton Brand,18160355,C,2012,PHI
Dwight Howard,18091770,C,2012,ORL
Joe Johnson,18038573,SG,2012,ATL
Chris Bosh,17545000,PF,2012,MIA
LeBron James,17545000,SF,2012,MIA
Chris Paul,16359805,PG,2012,LAC
Deron Williams,16359805,PG,2012,NJN
Dwyane Wade,15691000,SG,2012,MIA
Kevin Durant,15506632,SF,2012,OKC
Paul Pierce,15333334,SF,2012,BOS
Zach Randolph,15200000,PF,2012,MEM
Antawn Jamison,15076715,PF,2012,CLE
Rudy Gay,15032144,SF,2012,MEM
Al Jefferson,15000000,C,2012,UTA
Andrew Bynum,14900000,C,2012,LAL
Andre Iguodala,14718250,SF,2012,PHI
Manu Ginobili,14107492,SG,2012,SAS
Chris Kaman,14030000,C,2012,NOH
LaMarcus Aldridge,14000000,PF,2012,POR
Carlos Boozer,13500000,PF,2012,CHI
Tyson Chandler,13107837,C,2012,NYK
Marc Gasol,12922194,C,2012,MEM
Emeka Okafor,12642500,C,2012,NOH
Tony Parker,12500000,PG,2012,SAS
Al Horford,12498483,C,2012,ATL
Josh Smith,12400000,PF,2012,ATL
Luol Deng,12325000,SF,2012,CHI
Danny Granger,12015904,SF,2012,IND
Joakim Noah,12000000,C,2012,CHI
Andrew Bogut,12000000,C,2012,MIL
Steve Nash,11689062,PG,2012,PHO
David Lee,11610000,PF,2012,GSW
Ben Gordon,11600000,SG,2012,DET
Kevin Martin,11519840,SG,2012,HOU
Marcus Camby,11227250,C,2012,HOU
Jason Terry,11158000,SG,2012,DAL
Hedo Turkoglu,11015850,SF,2012,ORL
Monta Ellis,11000000,SG,2012,MIL
Mehmet Okur,10890000,C,2012,NJN
Jose Calderon,10561982,PG,2012,TOR
Corey Maggette,10262069,SF,2012,CHA
Jason Kidd,10121000,PG,2012,DAL
DeAndre Jordan,10079404,C,2012,LAC
Rajon Rondo,10045454,PG,2012,BOS
Andrea Bargnani,10000000,C,2012,TOR
Ray Allen,10000000,SG,2012,BOS
David West,10000000,PF,2012,IND
Gerald Wallace,9500000,SF,2012,NJN
Devin Harris,9319000,PG,2012,UTA
Richard Jefferson,9282000,SF,2012,GSW
Andris Biedrins,9000000,C,2012,GSW
Lamar Odom,8900000,SF,2012,DAL
Paul Millsap,8603633,PF,2012,UTA
Jameer Nelson,8600000,PG,2012,ORL
Luis Scola,8591793,PF,2012,HOU
Carl Landry,8500000,PF,2012,NOH
Rodney Stuckey,8500000,SG,2012,DET
Mo Williams,8500000,SG,2012,LAC
John Salmons,8083000,SF,2012,SAC
Thaddeus Young,8039130,PF,2012,PHI
Shawn Marion,8022449,SF,2012,DAL
Caron Butler,8000000,SF,2012,LAC
Kris Humphries,8000000,PF,2012,NJN
Kirk Hinrich,8000000,SG,2012,ATL
Andre Miller,7807728,SG,2012,DEN
Arron Afflalo,7750000,SG,2012,DEN
Anderson Varejao,7700000,C,2012,CLE
Brendan Haywood,7624500,C,2012,DAL
Raymond Felton,7560000,PG,2012,POR
Charlie Villanueva,7540000,PF,2012,DET
Marcus Thornton,7525000,SG,2012,SAC
Marvin Williams,7500000,SF,2012,ATL
Tyrus Thomas,7305785,PF,2012,CHA
Marcin Gortat,7258960,C,2012,PHO
Kendrick Perkins,7123626,C,2012,OKC
Samuel Dalembert,7000000,C,2012,HOU
Derrick Rose,6993708,PG,2012,CHI
Beno Udrih,6925400,SG,2012,MIL
DeSagana Diop,6925400,C,2012,CHA
Trevor Ariza,6790640,SF,2012,NOH
Metta World Peace,6790640,SF,2012,LAL
Kwame Brown,6750000,C,2012,GSW
Andres Nocioni,6650000,SF,2012,PHI
Mike Conley,6611571,PG,2012,MEM
Wesley Matthews,6505320,SG,2012,POR
Grant Hill,6500000,SF,2012,PHO
Josh Childress,6500000,SF,2012,PHO
Andray Blatche,6442083,PF,2012,WAS
Glen Davis,6300000,PF,2012,ORL
Tayshaun Prince,6292135,SF,2012,DET
Michael Beasley,6262347,SF,2012,MIN
Drew Gooden,6226200,C,2012,MIL
Al Harrington,6226200,PF,2012,DEN
Jermaine O'Neal,6226200,C,2012,BOS
Francisco Garcia,6100000,SF,2012,SAC
Amir Johnson,6000000,PF,2012,TOR
Channing Frye,6000000,PF,2012,PHO
Luke Walton,5971363,PF,2012,CLE
Kyle Lowry,5750000,PG,2012,HOU
Blake Griffin,5731080,PF,2012,LAC
O.J. Mayo,5632637,SG,2012,MEM
John Wall,5530080,PG,2012,WAS
Wilson Chandler,5516664,SF,2012,DEN
Chuck Hayes,5486250,C,2012,SAC
Mike Miller,5400000,SG,2012,MIA
Jason Richardson,5395000,SG,2012,ORL
Evan Turner,5293080,SF,2012,PHI
Martell Webster,5256000,SF,2012,MIN
Tyreke Evans,5251825,SG,2012,SAC
Lou Williams,5176000,PG,2012,PHI
Kyrie Irving,5144280,PG,2012,CLE
Hasheem Thabeet,5127720,C,2012,POR
Russell Westbrook,5082416,PG,2012,OKC
Jason Maxiell,5000000,PF,2012,DET
Jamal Crawford,5000000,PG,2012,POR
Kyle Korver,5000000,SG,2012,CHI
Luc Mbah a Moute,5000000,PF,2012,MIL
Richard Hamilton,5000000,SG,2012,CHI
Jarrett Jack,5000000,PG,2012,NOH
Darko Milicic,4776500,C,2012,MIN
Derrick Favors,4753320,PF,2012,UTA
Brad Miller,4752000,C,2012,MIN
Zaza Pachulia,4750000,C,2012,ATL
Ronnie Brewer,4710000,SG,2012,CHI
Kevin Love,4609701,PF,2012,MIN
James Harden,4604760,SG,2012,OKC
Derrick Williams,4602720,PF,2012,MIN
Linas Kleiza,4600000,SF,2012,TOR
Nikola Pekovic,4503600,C,2012,MIN
Jonas Jerebko,4500000,PF,2012,DET
Daniel Gibson,4403834,SG,2012,CLE
J.J. Barea,4300000,PG,2012,MIN
Ramon Sessions,4257973,PG,2012,LAL
Randy Foye,4250000,SG,2012,LAC
Jared Dudley,4250000,SG,2012,PHO
Brandon Bass,4250000,PF,2012,BOS
Chris Andersen,4234000,C,2012,DEN
Danilo Gallinari,4190182,SF,2012,DEN
Udonis Haslem,4060000,PF,2012,MIA
Spencer Hawes,4051024,C,2012,PHI
Wesley Johnson,4006080,SF,2012,MIN
Mario Chalmers,4000000,PG,2012,MIA
Jordan Farmar,4000000,PG,2012,NJN
Anthony Morrow,4000000,SG,2012,NJN
Hakim Warrick,4000000,PF,2012,PHO
Steve Blake,4000000,PG,2012,LAL
Ryan Gomes,4000000,SF,2012,LAC
Tiago Splitter,3944000,C,2012,SAS
Matt Carroll,3900000,SG,2012,CHA
DeMarcus Cousins,3880800,C,2012,SAC
Eric Gordon,3831184,SG,2012,NOH
Dorell Wright,3823000,SF,2012,GSW
Nazr Mohammed,3750000,C,2012,OKC
Mike Dunleavy,3750000,SF,2012,MIL
Tristan Thompson,3726600,PF,2012,CLE
C.J. Miles,3700000,SG,2012,UTA
Joel Anthony,3700000,C,2012,MIA
Nick Young,3695857,SG,2012,LAC
Luke Ridnour,3680000,SG,2012,MIN
Matt Bonner,3630000,PF,2012,SAS
Shannon Brown,3500000,SG,2012,PHO
Carlos Delfino,3500000,SF,2012,MIL
Shaun Livingston,3500000,SG,2012,MIL
Ricky Rubio,3480120,PG,2012,MIN
Raja Bell,3480000,SG,2012,UTA
Jonny Flynn,3414720,PG,2012,POR
C.J. Watson,3400000,PG,2012,CHI
Marco Belinelli,3377604,SG,2012,NOH
DeMar DeRozan,3344250,SG,2012,TOR
Timofey Mozgov,3343896,C,2012,DEN
Daequan Cook,3341558,SG,2012,OKC
Thabo Sefolosha,3300000,SG,2012,OKC
Ekpe Udoh,3294960,C,2012,MIL
Nick Collison,3272997,PF,2012,OKC
Chris Duhon,3250000,PG,2012,ORL
Will Bynum,3250000,PG,2012,DET
Johan Petro,3250000,C,2012,NJN
Tony Allen,3150000,SG,2012,MEM
Shawne Williams,3135000,SF,2012,NJN
Shane Battier,3135000,SF,2012,MIA
Stephen Curry,3117120,PG,2012,GSW
Brook Lopez,3076983,C,2012,NJN
Jan Vesely,3065040,PF,2012,WAS
Corey Brewer,3059000,SF,2012,DEN
Jerryd Bayless,3042280,PG,2012,TOR
Greg Monroe,3007920,C,2012,DET
Jason Thompson,3001284,PF,2012,SAC
Travis Outlaw,3000000,SF,2012,SAC
Jeff Foster,3000000,C,2012,IND
Josh McRoberts,3000000,PF,2012,LAL
Chris Wilcox,3000000,C,2012,BOS
Vince Carter,3000000,SG,2012,DAL
Brandon Rush,2956658,SF,2012,GSW
Anthony Randolph,2911231,PF,2012,MIN
Robin Lopez,2862602,C,2012,PHO
Jordan Hill,2855760,C,2012,LAL
James Johnson,2812006,SF,2012,TOR
Bismack Biyombo,2798040,C,2012,CHA
Lou Amundson,2763450,PF,2012,IND
Al-Farouq Aminu,2755560,SF,2012,NOH
Eduardo Najera,2750000,PF,2012,CHA
Marreese Speights,2721255,PF,2012,MEM
Gordon Hayward,2709720,SF,2012,UTA
Dahntay Jones,2700000,SF,2012,IND
Jrue Holiday,2674852,PG,2012,PHI
Roy Hibbert,2588590,C,2012,IND
Brandon Knight,2563320,PG,2012,DET
Ersan Ilyasova,2541000,PF,2012,MIL
Kenyon Martin,2500000,PF,2012,LAC
Aaron Gray,2500000,C,2012,TOR
Reggie Williams,2500000,SF,2012,CHA
Jason Smith,2500000,PF,2012,NOH
DeShawn Stevenson,2500000,SF,2012,NJN
Brandon Jennings,2493720,PG,2012,MIL
JaVale McGee,2462400,C,2012,DEN
Quentin Richardson,2446200,SF,2012,ORL
Paul George,2406240,SG,2012,IND
Kemba Walker,2356320,PG,2012,CHA
Jimmer Fredette,2339040,PG,2012,SAC
Derek Fisher,2329545,PG,2012,OKC
Cole Aldrich,2286000,C,2012,OKC
Gerald Henderson,2250600,SG,2012,CHA
Anthony Parker,2250000,SF,2012,CLE
Keyon Dooling,2246400,SG,2012,BOS
Ben Wallace,2246400,C,2012,DET
Ryan Anderson,2244601,PF,2012,ORL
Courtney Lee,2225093,SG,2012,HOU
Ed Davis,2207040,PF,2012,TOR
Kosta Koufos,2203792,C,2012,DEN
Rudy Fernandez,2180443,SG,2012,DEN
Xavier Henry,2171640,SG,2012,NOH
Nicolas Batum,2155365,SF,2012,POR
Josh Howard,2150000,SF,2012,UTA
Tyler Hansbrough,2138040,PF,2012,IND
Klay Thompson,2126520,SG,2012,GSW
Alec Burks,2111160,SG,2012,UTA
Goran Dragic,2108000,PG,2012,HOU
Anthony Tolliver,2050000,SF,2012,MIN
Markieff Morris,2005560,PF,2012,PHO
D.J. White,2001167,PF,2012,CHA
Chauncey Billups,2000032,SG,2012,LAC
Dante Cunningham,2000000,PF,2012,MEM
Earl Watson,2000000,PG,2012,UTA
Patrick Patterson,1959960,PF,2012,HOU
Austin Daye,1929600,SF,2012,DET
Matt Barnes,1906200,SF,2012,LAL
Larry Sanders,1861920,PF,2012,MIL
Kawhi Leonard,1809840,SF,2012,SAS
Keith Bogans,1728000,SF,2012,NJN
Nikola Vucevic,1719480,C,2012,PHI
Kevin Seraphin,1680360,C,2012,WAS
Donte Greene,1679914,PF,2012,SAC
Ty Lawson,1654440,PG,2012,DEN
Eric Bledsoe,1596360,PG,2012,LAC
Jeff Teague,1579920,PG,2012,ATL
Sebastian Telfair,1567500,PG,2012,PHO
Gustavo Ayon,1567500,PF,2012,NOH
Iman Shumpert,1563120,PG,2012,NYK
George Hill,1540493,PG,2012,IND
Avery Bradley,1524480,PG,2012,BOS
Eric Maynor,1516680,PG,2012,OKC
Gary Forbes,1500000,SG,2012,TOR
James Jones,1500000,SG,2012,MIA
Chris Singleton,1485000,SF,2012,WAS
Darren Collison,1455960,PG,2012,IND
Elliot Williams,1442880,SG,2012,POR
Tobias Harris,1418160,SF,2012,MIL
Craig Brackins,1404960,PF,2012,PHI
James Anderson,1402540,SG,2012,SAS
Nolan Smith,1365720,PG,2012,POR
Jamaal Tinsley,1352181,PG,2012,UTA
Kurt Thomas,1352181,C,2012,POR
Omri Casspi,1341960,SF,2012,CLE
Hamed Haddadi,1300000,C,2012,MEM
Trevor Booker,1294920,PF,2012,WAS
Serge Ibaka,1288200,PF,2012,OKC
Byron Mullens,1288200,C,2012,CHA
Kenneth Faried,1254720,PF,2012,DEN
Damion James,1243080,SF,2012,NJN
Rodrigue Beaubois,1236720,PG,2012,DAL
Brian Cook,1223166,PF,2012,WAS
Royal Ivey,1200000,SG,2012,OKC
Taj Gibson,1195680,PF,2012,CHI
Dominique Jones,1193280,SG,2012,DAL
Sam Young,1184750,SF,2012,PHI
Earl Clark,1160000,PF,2012,ORL
Reggie Jackson,1156320,PG,2012,OKC
Wayne Ellington,1154040,SG,2012,MIN
Quincy Pondexter,1153800,SF,2012,MEM
Toney Douglas,1145640,PG,2012,NYK
Jordan Hamilton,1121520,SF,2012,DEN
Jordan Crawford,1120440,SG,2012,WAS
Greivis Vasquez,1113600,PG,2012,NOH
Daniel Orton,1105560,PF,2012,ORL
Christian Eyenga,1097520,SF,2012,LAL
Lazar Hayward,1097520,SF,2012,OKC
Norris Cole,1082520,PG,2012,MIA
Cory Joseph,1074720,PG,2012,SAS
Von Wafer,1069509,SG,2012,ORL
MarShon Brooks,1063865,SG,2012,NJN
Stephen Jackson,1059750,SF,2012,SAS
DeJuan Blair,1054000,PF,2012,SAS
JaJuan Johnson,1042320,PF,2012,BOS
Jimmy Butler,1020960,SG,2012,CHI
Jon Brockman,1000000,PF,2012,MIL
Jeremy Pargo,1000000,PG,2012,MEM
Ian Mahinmi,915852,C,2012,DAL
John Lucas III,915852,PG,2012,CHI
Brandan Wright,915852,C,2012,DAL
Henry Walker,885120,SG,2012,NYK
DeMarre Carroll,885120,SF,2012,UTA
Jannero Pargo,854389,PG,2012,ATL
Derrick Byars,854389,PF,2012,SAS
Josh Davis,854389,PF,2012,MEM
Jodie Meeks,854389,SG,2012,PHI
Mickael Pietrus,854389,SG,2012,BOS
Jamaal Magloire,854389,C,2012,TOR
Maurice Evans,854389,SF,2012,WAS
Dominic McGuire,854389,PF,2012,GSW
Derrick Brown,854389,SF,2012,CHA
Tracy McGrady,854389,SF,2012,ATL
Trey Johnson,854389,SG,2012,NOH
Reggie Evans,854389,PF,2012,LAC
Hassan Whiteside,854389,C,2012,SAC
Craig Smith,854389,PF,2012,POR
Sasha Pavlovic,854389,SF,2012,BOS
Jared Jeffries,854389,PF,2012,NYK
A.J. Price,854389,PG,2012,IND
Ronnie Price,854389,PG,2012,PHO
Francisco Elson,854389,C,2012,PHI
Tony Battie,854389,C,2012,PHI
Willie Green,854389,SG,2012,ATL
Larry Hughes,854389,PG,2012,ORL
DaJuan Summers,854389,SF,2012,NOH
Baron Davis,854389,PG,2012,NYK
Mike Bibby,854389,PG,2012,NYK
Chase Budinger,854389,SF,2012,HOU
Jason Collins,854389,C,2012,ATL
Jerry Stackhouse,854389,SF,2012,ATL
Shelden Williams,854389,C,2012,NJN
Rasual Butler,854389,SF,2012,TOR
Steve Novak,854389,PF,2012,NYK
Marquis Daniels,854389,SG,2012,BOS
Juwan Howard,854389,PF,2012,MIA
Danny Green,854389,SG,2012,SAS
Sundiata Gaines,854389,SG,2012,NJN
Damien Wilkins,854389,SF,2012,DET
Jason Kapono,854389,SG,2012,LAL
T.J. Ford,854389,PG,2012,SAS
Alonzo Gee,854389,SG,2012,CLE
Anthony Carter,854389,PG,2012,TOR
Delonte West,854389,PG,2012,DAL
Troy Murphy,854389,PF,2012,LAL
Eddy Curry,854389,C,2012,MIA
Brian Cardinal,854389,SF,2012,DAL
Brian Scalabrine,854389,PF,2012,CHI
Vladimir Radmanovic,854389,SF,2012,ATL
Gary Neal,854389,SG,2012,SAS
Chandler Parsons,850000,SF,2012,HOU
Solomon Alabi,830000,C,2012,TOR
Michael Redd,826828,SG,2012,PHO
Lance Stephenson,810000,SG,2012,IND
Tyler Honeycutt,809875,SF,2012,SAC
Ike Diogu,792377,PF,2012,SAS
Solomon Jones,792377,C,2012,NOH
Nate Robinson,785487,PG,2012,GSW
Yi Jianlian,771706,PF,2012,DAL
Jeremy Lin,762195,PG,2012,NYK
Landry Fields,762195,SG,2012,NYK
Greg Stiemsma,762195,C,2012,BOS
Darington Hobson,762195,SG,2012,MIL
Isaiah Thomas,762195,PG,2012,SAC
Devin Ebanks,762195,SG,2012,LAL
Chris Johnson,762195,C,2012,NOH
Samardo Samuels,762195,C,2012,CLE
Luke Harangody,762195,PF,2012,CLE
Semih Erden,762195,C,2012,CLE
Jeff Adrien,762195,PF,2012,HOU
Jeremy Evans,762195,SF,2012,UTA
Dexter Pittman,762195,C,2012,MIA
Brian Skinner,668434,C,2012,MEM
Jeremy Tyler,650000,C,2012,GSW
Josh Selby,550000,PG,2012,MEM
Trey Thompkins,535000,C,2012,LAC
Erick Dampier,530547,C,2012,ATL
Ish Smith,522472,PG,2012,ORL
Travis Leslie,500000,SG,2012,LAC
Malcolm Lee,500000,SG,2012,MIN
Ryan Reid,475000,PF,2012,OKC
Cory Higgins,473604,PG,2012,CHA
Shelvin Mack,473604,PG,2012,WAS
Josh Harrellson,473604,PF,2012,NYK
Lavoy Allen,473604,PF,2012,PHI
Chris Wright,473604,SF,2012,GSW
Terrel Harris,473604,SG,2012,MIA
Charles Jenkins,473604,PG,2012,GSW
Justin Harper,473604,PF,2012,ORL
Mychel Thompson,473604,SG,2012,CLE
Dennis Horner,473604,PF,2012,NJN
Jordan Williams,473604,C,2012,NJN
Greg Smith,473604,C,2012,HOU
Jon Leuer,473604,PF,2012,MIL
DeAndre Liggins,473604,SF,2012,ORL
Andrew Goudelock,473604,SG,2012,LAL
Ivan Johnson,473604,PF,2012,ATL
Julyan Stone,473604,SG,2012,DEN
Darius Morris,473604,PG,2012,LAL
E'Twaun Moore,473604,PG,2012,BOS
Vernon Macklin,473604,C,2012,DET
Jerome Jordan,473604,C,2012,NYK
Carldell Johnson,473604,PG,2012,NOH
Kyrylo Fesenko,435000,C,2012,IND
Joel Przybilla,420304,C,2012,POR
Gerald Green,413413,SF,2012,NJN
Ronny Turiaf,319128,C,2012,MIA
Lance Thomas,305551,PF,2012,NOH
Gilbert Arenas,261829,PG,2012,MEM
Terrence Williams,254938,SG,2012,SAC
Manny Harris,252016,SG,2012,CLE
Ryan Hollins,248048,C,2012,BOS
Boris Diaw,241158,PF,2012,SAS
Bobby Simmons,234268,SF,2012,LAC
Earl Boykins,220487,PG,2012,HOU
Mike James,220487,PG,2012,CHI
Alan Anderson,213597,SF,2012,TOR
Patty Mills,213517,PG,2012,SAS
Cartier Martin,199816,SF,2012,WAS
Ben Uzoh,190548,PG,2012,TOR
Donald Sloan,160414,PG,2012,CLE
Courtney Fortson,156595,PG,2012,HOU
James Singleton,151585,PF,2012,WAS
Mickell Gladness,137498,PF,2012,GSW
Blake Ahearn,117134,PG,2012,UTA
Armon Johnson,104494,PG,2012,NJN
Jamario Moon,96017,SF,2012,CHA
Morris Almond,75793,SG,2012,WAS
Mikki Moore,75793,C,2012,GSW
Dan Gadzuric,69393,C,2012,NYK
Jerome Dyson,64930,PG,2012,NOH
Darryl Watkins,55321,C,2012,NOH
Sean Williams,49966,C,2012,BOS
Lester Hudson,48232,PG,2012,MEM
Jeff Foote,38194,C,2012,NOH
D.J. Kennedy,22916,SF,2012,CLE
Larry Owens,22287,SF,2012,NJN
Xavier Silas,11458,SG,2012,PHI
Kobe Bryant,30453805,SG,2013,LAL
Dirk Nowitzki,20907128,PF,2013,DAL
Amar'e Stoudemire,19948799,PF,2013,NYK
Joe Johnson,19752645,SG,2013,BRK
Pau Gasol,19285850,PF,2013,LAL
Chris Bosh,19067500,C,2013,MIA
LeBron James,19067500,PF,2013,MIA
Dwyane Wade,18673000,SG,2013,MIA
Chris Paul,18668431,PG,2013,LAC
Kevin Durant,17832626,SF,2013,OKC
Deron Williams,17177795,PG,2013,BRK
Paul Pierce,16790345,SF,2013,BOS
Zach Randolph,16500000,PF,2013,MEM
Rudy Gay,16460538,SF,2013,TOR
Carlos Boozer,15300000,PF,2013,CHI
Andre Iguodala,14968250,SG,2013,DEN
Russell Westbrook,14693906,PG,2013,OKC
Emeka Okafor,14487500,C,2013,WAS
Luol Deng,14275000,SF,2013,CHI
Manu Ginobili,14107492,SG,2013,SAS
Marc Gasol,13891359,C,2013,MEM
Blake Griffin,13701250,PF,2013,LAC
Brook Lopez,13668750,C,2013,BRK
Eric Gordon,13668750,SG,2013,NOH
Roy Hibbert,13668750,C,2013,IND
Kevin Love,13668750,PF,2013,MIN
Tyson Chandler,13604188,C,2013,NYK
LaMarcus Aldridge,13500000,PF,2013,POR
Al Jefferson,13500000,C,2013,UTA
Ben Gordon,13200000,SG,2013,CHA
Josh Smith,13200000,PF,2013,ATL
Danny Granger,13058606,SF,2013,IND
Andrew Bogut,13000000,C,2013,GSW
David Lee,12744000,PF,2013,GSW
Tony Parker,12500000,PG,2013,SAS
Kevin Martin,12439675,SG,2013,OKC
Serge Ibaka,12350000,PF,2013,OKC
Al Horford,12000000,C,2013,ATL
Kris Humphries,12000000,PF,2013,BRK
Hedo Turkoglu,12000000,SF,2013,ORL
Kevin Garnett,11566265,C,2013,BOS
Joakim Noah,11100000,C,2013,CHI
Jose Calderon,11046591,PG,2013,DET
Rajon Rondo,11000000,PG,2013,BOS
Monta Ellis,11000000,SG,2013,MIL
DeAndre Jordan,10986550,C,2013,LAC
Corey Maggette,10924138,SF,2013,DET
Nicolas Batum,10850000,SF,2013,POR
Richard Jefferson,10164000,SF,2013,GSW
Stephen Jackson,10059750,SF,2013,SAS
Andrea Bargnani,10000000,PF,2013,TOR
JaVale McGee,10000000,C,2013,DEN
David West,10000000,PF,2013,IND
Andrei Kirilenko,9779349,SF,2013,MIN
Gerald Wallace,9682435,SF,2013,BRK
Tim Duncan,9638554,C,2013,SAS
Danilo Gallinari,9439000,SF,2013,DEN
Steve Nash,9300500,PG,2013,LAL
Andris Biedrins,9000000,C,2013,GSW
Ryan Anderson,8700000,PF,2013,NOH
Shawn Marion,8646364,PF,2013,DAL
Paul Millsap,8603633,PF,2013,UTA
Jameer Nelson,8600000,PG,2013,ORL
Rodney Stuckey,8500000,SG,2013,DET
Mo Williams,8500000,PG,2013,UTA
Devin Harris,8500000,SG,2013,ATL
Kendrick Perkins,8477437,C,2013,OKC
Jeff Green,8385000,PF,2013,BOS
Jeremy Lin,8374646,PG,2013,HOU
Anderson Varejao,8368182,C,2013,CLE
Thaddeus Young,8289130,PF,2013,PHI
Marvin Williams,8287500,SF,2013,UTA
John Salmons,8083000,SF,2013,SAC
Charlie Villanueva,8060000,PF,2013,DET
Tyrus Thomas,8000000,PF,2013,CHA
Caron Butler,8000000,SF,2013,LAC
Chris Kaman,8000000,C,2013,DAL
George Hill,8000000,PG,2013,IND
Ersan Ilyasova,7900000,PF,2013,MIL
Arron Afflalo,7750000,SF,2013,ORL
Metta World Peace,7727500,SF,2013,LAL
Marcin Gortat,7727280,C,2013,PHO
Marcus Thornton,7525000,SG,2013,SAC
Mike Conley,7505786,PG,2013,MEM
Goran Dragic,7500000,PG,2013,PHO
John Wall,7459925,PG,2013,WAS
Taj Gibson,7415730,PF,2013,CHI
Beno Udrih,7372000,SG,2013,ORL
Al Harrington,7148600,C,2013,ORL
Tayshaun Prince,6764045,SF,2013,MEM
Samuel Dalembert,6698565,C,2013,MIL
Drew Gooden,6687400,C,2013,MIL
Wesley Matthews,6505320,SG,2013,POR
Spencer Hawes,6500000,C,2013,PHI
Glen Davis,6400000,PF,2013,ORL
Landry Fields,6250000,SF,2013,TOR
Mike Miller,6200000,SF,2013,MIA
Francisco Garcia,6100000,SG,2013,HOU
Luke Walton,6091363,PF,2013,CLE
Amir Johnson,6050000,PF,2013,TOR
Michael Beasley,6000000,SF,2013,PHO
Brandon Bass,6000000,PF,2013,BOS
Wilson Chandler,5930414,PF,2013,DEN
James Harden,5820417,SG,2013,HOU
Jason Richardson,5799625,SG,2013,PHI
Kyle Lowry,5750000,PG,2013,TOR
Nick Young,5600000,SG,2013,PHI
Chuck Hayes,5486250,C,2013,SAC
Jarrett Jack,5400000,SG,2013,GSW
Kyrie Irving,5375760,PG,2013,CLE
Evan Turner,5293080,SF,2013,PHI
Tyreke Evans,5250825,SG,2013,SAC
Jason Thompson,5250000,PF,2013,SAC
Zaza Pachulia,5248750,C,2013,ATL
Jamal Crawford,5225000,SG,2013,LAC
Martell Webster,5150000,SF,2013,WAS
Anthony Davis,5144280,PF,2013,NOH
Brandon Roy,5100000,SG,2013,MIN
Jason Maxiell,5000000,PF,2013,DET
Ramon Sessions,5000000,SG,2013,CHA
Andre Miller,5000000,PG,2013,DEN
Kyle Korver,5000000,SF,2013,ATL
Jason Terry,5000000,SG,2013,BOS
Lou Williams,5000000,SG,2013,ATL
Courtney Lee,5000000,SG,2013,BOS
Richard Hamilton,5000000,SG,2013,CHI
Robin Lopez,4899293,C,2013,NOH
Nikola Pekovic,4837200,C,2013,MIN
Derrick Williams,4809840,PF,2013,MIN
Michael Kidd-Gilchrist,4809840,SF,2013,CHA
Luc Mbah a Moute,4794192,SF,2013,MIL
Daniel Gibson,4792332,PG,2013,CLE
Derrick Favors,4753320,PF,2013,UTA
Linas Kleiza,4600000,SF,2013,TOR
Marcus Camby,4590338,PF,2013,NYK
Luis Scola,4508504,PF,2013,PHO
Boris Diaw,4500000,PF,2013,SAS
Jonas Jerebko,4500000,PF,2013,DET
J.J. Barea,4493500,PG,2013,MIN
Udonis Haslem,4340000,PF,2013,MIA
Bradley Beal,4319280,SG,2013,WAS
Wesley Johnson,4285560,SF,2013,PHO
Jared Dudley,4250000,SF,2013,PHO
Marreese Speights,4200000,C,2013,CLE
Dorell Wright,4106000,SF,2013,PHI
Kirk Hinrich,4059000,PG,2013,CHI
Steve Novak,4054055,SF,2013,NYK
O.J. Mayo,4020000,SG,2013,DAL
Mario Chalmers,4000000,PG,2013,MIA
Luke Ridnour,4000000,SG,2013,MIN
Ian Mahinmi,4000000,C,2013,IND
Anthony Morrow,4000000,SG,2013,DAL
Brandon Rush,4000000,SF,2013,GSW
Carl Landry,4000000,PF,2013,GSW
Hakim Warrick,4000000,PF,2013,CHA
Steve Blake,4000000,PG,2013,LAL
Stephen Curry,3958742,PG,2013,GSW
Tiago Splitter,3944000,PF,2013,SAS
Thabo Sefolosha,3900000,SG,2013,OKC
Tristan Thompson,3894240,PF,2013,CLE
DeMarcus Cousins,3880800,C,2013,SAC
Joel Anthony,3800000,C,2013,MIA
Ricky Rubio,3741120,PG,2013,MIN
Dion Waiters,3726600,SG,2013,CLE
Matt Bonner,3630000,PF,2013,SAS
Jordan Hill,3563600,PF,2013,LAL
Ekpe Udoh,3524880,C,2013,MIL
Shannon Brown,3500000,SG,2013,PHO
Danny Green,3500000,SG,2013,SAS
Chris Duhon,3500000,PG,2013,LAL
Alonzo Gee,3500000,SF,2013,CLE
Gerald Green,3500000,SF,2013,IND
Matt Carroll,3500000,SG,2013,CHA
Johan Petro,3500000,C,2013,ATL
Raymond Felton,3480453,PG,2013,NYK
Jonas Valanciunas,3374640,C,2013,TOR
Thomas Robinson,3374640,PF,2013,HOU
DeMar DeRozan,3344250,SG,2013,TOR
Jan Vesely,3340920,PF,2013,WAS
Tony Allen,3300000,SG,2013,MEM
Shane Battier,3270000,SF,2013,MIA
Matt Barnes,3250000,SF,2013,LAC
Will Bynum,3250000,PG,2013,DET
Corey Brewer,3243000,SF,2013,DEN
Ray Allen,3229050,SG,2013,MIA
Greg Monroe,3217680,C,2013,DET
Mike Dunleavy,3183000,SF,2013,MIL
Brandon Jennings,3179493,PG,2013,MIL
Timofey Mozgov,3140429,C,2013,DEN
Jason Kidd,3090000,SG,2013,NYK
Mirza Teletovic,3090000,PF,2013,BRK
Vince Carter,3090000,SF,2013,DAL
Damian Lillard,3065040,PG,2013,POR
Tyler Hansbrough,3055259,PF,2013,IND
Bismack Biyombo,3049920,C,2013,CHA
Joel Freeland,3013512,PF,2013,POR
Lavoy Allen,3000000,C,2013,PHI
Kosta Koufos,3000000,C,2013,DEN
Travis Outlaw,3000000,SF,2013,SAC
Jerryd Bayless,3000000,PG,2013,MEM
Carlos Delfino,3000000,SF,2013,HOU
Austin Daye,2958077,SF,2013,MEM
Al-Farouq Aminu,2947800,SF,2013,NOH
Alexey Shved,2934610,SG,2013,MIN
Dahntay Jones,2900000,SF,2013,ATL
Kwame Brown,2819044,C,2013,PHI
James Johnson,2812006,SF,2013,SAC
Harrison Barnes,2798040,SF,2013,GSW
Kevin Seraphin,2761114,C,2013,WAS
Gordon Hayward,2709720,SF,2013,UTA
Brandon Knight,2678640,PG,2013,DET
Jrue Holiday,2674852,PG,2013,PHI
Josh McRoberts,2652000,PF,2013,CHA
Quentin Richardson,2627400,SF,2013,NYK
Eric Bledsoe,2626473,PG,2013,LAC
Nick Collison,2585668,C,2013,OKC
Greg Stiemsma,2575000,C,2013,MIN
Aaron Gray,2575000,C,2013,TOR
Paul George,2574120,SF,2013,IND
Kemba Walker,2568360,PG,2013,CHA
Terrence Ross,2563320,SG,2013,TOR
Ty Lawson,2544529,PG,2013,DEN
Randy Foye,2500000,SG,2013,UTA
Jason Smith,2500000,C,2013,NOH
Cole Aldrich,2445480,C,2013,SAC
Jeff Teague,2433077,PG,2013,ATL
Aaron Brooks,2400000,PG,2013,HOU
Andre Drummond,2356320,C,2013,DET
Trevor Booker,2350820,PF,2013,WAS
Jimmer Fredette,2339040,SG,2013,SAC
Xavier Henry,2323200,SF,2013,NOH
Earl Watson,2300000,PG,2013,UTA
Omri Casspi,2277306,SF,2013,CLE
DeShawn Stevenson,2240450,SG,2013,ATL
Austin Rivers,2238360,SG,2013,NOH
Rodrigue Beaubois,2227333,PG,2013,DAL
C.J. Miles,2225000,SF,2013,CLE
Klay Thompson,2222160,SG,2013,GSW
Ed Davis,2207040,C,2013,MEM
Meyers Leonard,2126520,C,2013,POR
Alec Burks,2111160,SG,2013,UTA
Jeremy Lamb,2111160,SF,2013,OKC
Elton Brand,2100500,C,2013,DAL
Patrick Patterson,2096760,PF,2013,SAC
Markieff Morris,2091840,PF,2013,PHO
Dante Cunningham,2090000,PF,2013,MIN
Wayne Ellington,2083042,SG,2013,CLE
Toney Douglas,2067880,PG,2013,SAC
Brendan Haywood,2050000,C,2013,CHA
Eric Maynor,2016000,PG,2013,POR
Kendall Marshall,2005560,PG,2013,PHO
Larry Sanders,1991760,C,2013,MIL
Grant Hill,1975000,SF,2013,LAC
Marco Belinelli,1957000,SG,2013,CHI
Darren Collison,1900000,PG,2013,DAL
Luke Babbitt,1892280,PF,2013,POR
John Henson,1823280,PF,2013,MIL
Maurice Harkless,1809840,SF,2013,ORL
Kawhi Leonard,1809840,SF,2013,SAS
Jeremy Evans,1794872,PF,2013,UTA
Nikola Vucevic,1793520,C,2013,ORL
Chris Andersen,1679408,C,2013,MIA
Anthony Randolph,1674641,PF,2013,DEN
Iman Shumpert,1633440,SG,2013,NYK
Avery Bradley,1630800,PG,2013,BOS
Reggie Evans,1622617,PF,2013,BRK
Chris Singleton,1618680,PF,2013,WAS
Sebastian Telfair,1567500,PG,2013,TOR
Tyler Zeller,1563120,C,2013,CLE
Jodie Meeks,1550000,SG,2013,LAL
Tobias Harris,1545840,SF,2013,ORL
John Lucas III,1500000,PG,2013,TOR
Jeff Ayres,1500000,PF,2013,IND
James Jones,1500000,SF,2013,MIA
Gustavo Ayon,1500000,C,2013,MIL
Terrence Jones,1485000,PF,2013,HOU
Andrew Nicholson,1482000,PF,2013,ORL
Jared Jeffries,1475106,PF,2013,POR
Nando De Colo,1400000,SG,2013,SAS
Willie Green,1399507,SG,2013,LAC
Rashard Lewis,1399507,PF,2013,MIA
Nolan Smith,1365720,PG,2013,POR
Donatas Motiejunas,1361400,PF,2013,HOU
Evan Fournier,1361400,SG,2013,DEN
Jamaal Tinsley,1352181,PG,2013,UTA
Kurt Thomas,1352181,PF,2013,NYK
Kenneth Faried,1311240,PF,2013,DEN
Jared Sullinger,1306920,PF,2013,BOS
Hamed Haddadi,1300000,C,2013,PHO
Victor Claver,1300000,SF,2013,POR
Dominique Jones,1276560,PG,2013,DAL
Reggie Jackson,1260360,PG,2013,OKC
Fab Melo,1254720,C,2013,BOS
Quincy Pondexter,1234320,SF,2013,MEM
Sasha Pavlovic,1232713,SG,2013,POR
John Jenkins,1204560,SG,2013,ATL
Hasheem Thabeet,1200000,C,2013,OKC
Jordan Crawford,1198680,SG,2013,BOS
Greivis Vasquez,1191240,PG,2013,NOH
MarShon Brooks,1160040,SG,2013,BRK
Jared Cunningham,1156320,SG,2013,DAL
Ronnie Price,1146337,PG,2013,POR
Norris Cole,1129200,PG,2013,MIA
Jordan Hamilton,1121520,SF,2013,DEN
Jimmy Butler,1112880,SF,2013,CHI
Tony Wroten,1110120,SG,2013,MEM
Patty Mills,1085120,PG,2013,SAS
Perry Jones,1082520,SF,2013,OKC
Marquis Teague,1074720,PG,2013,CHI
Cory Joseph,1074720,PG,2013,SAS
Miles Plumlee,1073280,C,2013,IND
DeJuan Blair,1054000,PF,2013,SAS
Arnett Moultrie,1042320,PF,2013,PHI
Festus Ezeli,1020960,C,2013,GSW
Kyle Singler,1000000,SF,2013,DET
C.J. Watson,992680,PG,2013,BRK
Brandan Wright,992680,C,2013,DAL
Ivan Johnson,962195,PF,2013,ATL
Daniel Orton,916099,C,2013,OKC
Jeff Adrien,916099,PF,2013,CHA
Ish Smith,910941,PG,2013,MIL
Chandler Parsons,888250,SF,2013,HOU
Chase Budinger,885120,SF,2013,MIN
DeMarre Carroll,885120,SF,2013,UTA
Ryan Hollins,884293,C,2013,LAC
Nazr Mohammed,884293,C,2013,CHI
Malcolm Thomas,884293,PF,2013,CHI
Malcolm Lee,884293,SG,2013,MIN
Garrett Temple,884293,SG,2013,WAS
DeAndre Liggins,884293,SG,2013,OKC
P.J. Tucker,884293,SG,2013,PHO
E'Twaun Moore,884293,SG,2013,ORL
Lance Stephenson,870000,SG,2013,IND
Anthony Tolliver,854389,SF,2013,ATL
Royal Ivey,854389,SG,2013,PHI
A.J. Price,854389,PG,2013,WAS
Keith Bogans,854389,SG,2013,BRK
James White,854389,SF,2013,NYK
Rasheed Wallace,854389,C,2013,NYK
Andray Blatche,854389,C,2013,BRK
Jason Collins,854389,C,2013,WAS
Jerry Stackhouse,854389,SF,2013,BRK
Marquis Daniels,854389,SF,2013,MIL
Joel Przybilla,854389,C,2013,MIL
Alan Anderson,854389,SF,2013,TOR
Damien Wilkins,854389,SG,2013,PHI
Jermaine O'Neal,854389,C,2013,PHO
Cartier Martin,854389,SF,2013,WAS
Josh Childress,854389,SF,2013,BRK
Eddy Curry,854389,C,2013,DAL
Samardo Samuels,854389,C,2013,CLE
Ronnie Brewer,854389,SF,2013,OKC
Vladimir Radmanovic,854389,PF,2013,CHI
Nate Robinson,854389,PG,2013,CHI
Darko Milicic,854389,C,2013,BOS
Chris Wilcox,854389,C,2013,BOS
Gary Neal,854389,SG,2013,SAS
Dexter Pittman,854389,C,2013,MEM
Earl Barron,854389,C,2013,NYK
Draymond Green,850000,SF,2013,GSW
Troy Murphy,839312,PF,2013,DAL
Tyler Honeycutt,809875,SF,2013,SAC
Solomon Jones,792377,PF,2013,NYK
Kyle O'Quinn,788872,C,2013,ORL
Jarvis Varnado,788872,PF,2013,MIA
Maalik Wayns,788872,PG,2013,LAC
Doron Lamb,788872,SG,2013,ORL
Robert Sacre,788872,C,2013,LAL
Josh Howard,773976,SF,2013,MIN
Shaun Livingston,773976,PG,2013,CLE
Cory Higgins,762195,SG,2013,CHA
Charles Jenkins,762195,SG,2013,PHI
Lance Thomas,762195,SF,2013,NOH
Greg Smith,762195,C,2013,HOU
Jon Leuer,762195,PF,2013,MEM
Isaiah Thomas,762195,PG,2013,SAC
Jeremy Tyler,762195,C,2013,ATL
Josh Selby,762195,PG,2013,MEM
Julyan Stone,762195,PG,2013,DEN
Mickael Pietrus,698589,SF,2013,TOR
Quincy Acy,665000,PF,2013,TOR
Jae Crowder,600491,SF,2013,DAL
Chris Douglas-Roberts,582995,SG,2013,DAL
Orlando Johnson,550000,SG,2013,IND
Will Barton,550000,SG,2013,POR
Lazar Hayward,542788,SF,2013,MIN
James Anderson,532737,SG,2013,SAS
Daequan Cook,512633,SG,2013,CHI
Mike James,502581,PG,2013,DAL
Brian Roberts,473604,PG,2013,NOH
Josh Akognon,473604,PG,2013,DAL
Kent Bazemore,473604,SG,2013,GSW
Diante Garrett,473604,PG,2013,PHO
Luke Zeller,473604,C,2013,PHO
Mike Scott,473604,PF,2013,ATL
Kevin Murphy,473604,SG,2013,UTA
Quincy Miller,473604,PF,2013,DEN
Darius Johnson-Odom,473604,SG,2013,LAL
Khris Middleton,473604,SG,2013,DET
Scott Machado,473604,PG,2013,HOU
DeQuan Jones,473604,SF,2013,ORL
Pablo Prigioni,473604,PG,2013,NYK
Bernard James,473604,C,2013,DAL
Ben Hansbrough,473604,PG,2013,IND
Tornike Shengelia,473604,SF,2013,BRK
Kim English,473604,SG,2013,DET
Chris Copeland,473604,PF,2013,NYK
Tyshawn Taylor,473604,PG,2013,BRK
Darius Miller,473604,SF,2013,NOH
Sam Young,402065,SG,2013,IND
Kevin Jones,390027,PF,2013,CLE
Mickael Gelabale,346781,SF,2013,MIN
Patrick Beverley,281376,PG,2013,HOU
Jeremy Pargo,264527,PG,2013,PHI
Derek Fisher,261343,SG,2013,OKC
Terrence Williams,244710,SF,2013,BOS
Aron Baynes,239588,C,2013,SAS
Lou Amundson,185955,PF,2013,NOH
Kenyon Martin,170878,C,2013,NYK
Chris Quinn,169340,SG,2013,CLE
Shavlik Randolph,163500,PF,2013,BOS
D.J. White,156234,PF,2013,BOS
Tim Ohlbrecht,144867,C,2013,HOU
Juwan Howard,135697,PF,2013,MIA
Shelvin Mack,103121,PG,2013,ATL
Terrel Harris,94154,SG,2013,NOH
Keyon Dooling,75387,PG,2013,MEM
DaJuan Summers,72892,PF,2013,LAC
Damion James,68902,SF,2013,BRK
Dominic McGuire,68902,SF,2013,IND
Josh Harrellson,61467,C,2013,MIA
Donald Sloan,61467,SG,2013,NOH
Chris Johnson,55718,SF,2013,MEM
Chris Johnson,55718,C,2013,MIN
Justin Holiday,47360,SG,2013,PHI
Henry Sims,27859,C,2013,NOH
Kris Joseph,27859,SF,2013,BRK
Chris Wright,27859,SG,2013,DAL
Kobe Bryant,30453805,SG,2014,LAL
Dirk Nowitzki,22721381,PF,2014,DAL
Amar'e Stoudemire,21679893,C,2014,NYK
Joe Johnson,21466718,SG,2014,BRK
Dwight Howard,20513178,C,2014,HOU
Pau Gasol,19285850,C,2014,LAL
Chris Bosh,19067500,C,2014,MIA
LeBron James,19067500,PF,2014,MIA
Dwyane Wade,18673000,SG,2014,MIA
Chris Paul,18668431,PG,2014,LAC
Deron Williams,18466130,PG,2014,BRK
Zach Randolph,18238333,PF,2014,MEM
Rudy Gay,17888932,SF,2014,SAC
Kevin Durant,17832627,SF,2014,OKC
Derrick Rose,17632688,PG,2014,CHI
Blake Griffin,16441500,PF,2014,LAC
Paul Pierce,15333334,SF,2014,BRK
Carlos Boozer,15300000,PF,2014,CHI
LaMarcus Aldridge,14878000,PF,2014,POR
Marc Gasol,14860523,C,2014,MEM
Brook Lopez,14693906,C,2014,BRK
Russell Westbrook,14693906,PG,2014,OKC
Kevin Love,14693906,PF,2014,MIN
Eric Gordon,14283844,SG,2014,NOP
Roy Hibbert,14283844,C,2014,IND
Luol Deng,14275000,SF,2014,CLE
Tyson Chandler,14100538,C,2014,NYK
Andrew Bogut,14000000,C,2014,GSW
David Lee,13878000,PF,2014,GSW
James Harden,13701250,SG,2014,HOU
Al Jefferson,13500000,C,2014,CHA
Josh Smith,13500000,SF,2014,DET
Andre Iguodala,12868632,SF,2014,GSW
Tony Parker,12500000,PG,2014,SAS
Kevin Garnett,12433735,C,2014,BRK
Serge Ibaka,12350000,PF,2014,OKC
Nikola Pekovic,12100000,C,2014,MIN
Al Horford,12000000,C,2014,ATL
Kris Humphries,12000000,PF,2014,BOS
David West,12000000,PF,2014,IND
Rajon Rondo,11954545,PG,2014,BOS
Andrea Bargnani,11862500,C,2014,NYK
Tyreke Evans,11796247,SF,2014,NOP
Nicolas Batum,11295250,SF,2014,POR
Joakim Noah,11100000,C,2014,CHI
Richard Jefferson,11046000,SF,2014,UTA
DeAndre Jordan,10986550,C,2014,LAC
Ty Lawson,10786517,PG,2014,DEN
JaVale McGee,10750000,C,2014,DEN
Tim Duncan,10361446,C,2014,SAS
Gerald Wallace,10105855,SF,2014,BOS
Tiago Splitter,10000000,C,2014,SAS
Stephen Curry,9887642,PG,2014,GSW
Jrue Holiday,9713484,PG,2014,NOP
DeMar DeRozan,9500000,SG,2014,TOR
Paul Millsap,9500000,PF,2014,ATL
Shawn Marion,9316796,SF,2014,DAL
Steve Nash,9300500,PG,2014,LAL
Anderson Varejao,9036364,C,2014,CLE
Thaddeus Young,8850000,PF,2014,PHI
Kendrick Perkins,8727437,C,2014,OKC
Jeff Green,8700000,SF,2014,BOS
Mike Conley,8600001,PG,2014,MEM
Charlie Villanueva,8580000,PF,2014,DET
Rodney Stuckey,8500000,SG,2014,DET
Jeremy Lin,8374646,PG,2014,HOU
Ryan Anderson,8308500,PF,2014,NOP
Marcus Thornton,8050000,SG,2014,BRK
O.J. Mayo,8000000,SG,2014,MIL
George Hill,8000000,PG,2014,IND
Monta Ellis,8000000,SG,2014,DAL
Jeff Teague,8000000,PG,2014,ATL
Ersan Ilyasova,7900000,PF,2014,MIL
Trevor Ariza,7727280,SF,2014,WAS
Marcin Gortat,7727280,C,2014,WAS
Brandon Jennings,7655503,PG,2014,DET
John Salmons,7583000,SG,2014,TOR
Taj Gibson,7550000,PF,2014,CHI
Manu Ginobili,7500000,SG,2014,SAS
Arron Afflalo,7500000,SG,2014,ORL
Marvin Williams,7500000,PF,2014,UTA
Goran Dragic,7500000,SG,2014,PHO
John Wall,7459925,PG,2014,WAS
Tayshaun Prince,7235955,SF,2014,MEM
Wesley Matthews,6875480,SG,2014,POR
Jose Calderon,6791570,PG,2014,DAL
Kyle Korver,6760563,SG,2014,ATL
Evan Turner,6679867,SF,2014,IND
Kevin Martin,6500000,SG,2014,MIN
Carl Landry,6500000,PF,2014,SAC
Amir Johnson,6500000,PF,2014,TOR
Spencer Hawes,6500000,C,2014,CLE
Brandon Bass,6450000,PF,2014,BOS
Channing Frye,6400000,PF,2014,PHO
Wilson Chandler,6344164,SF,2014,DEN
Jarrett Jack,6300000,PG,2014,CLE
Landry Fields,6250000,SF,2014,TOR
Kyle Lowry,6210000,PG,2014,TOR
Derrick Favors,6008196,PF,2014,UTA
Gerald Henderson,6000000,SG,2014,CHA
Robin Lopez,5904261,C,2014,POR
Chuck Hayes,5722500,C,2014,TOR
Jason Thompson,5643750,PF,2014,SAC
Jason Terry,5625313,PG,2014,BRK
Kyrie Irving,5607240,PG,2014,CLE
Anthony Davis,5375760,PF,2014,NOP
Anthony Bennett,5324280,PF,2014,CLE
Jamal Crawford,5225000,SG,2014,LAC
Lou Williams,5225000,PG,2014,ATL
Courtney Lee,5225000,SG,2014,MEM
Zaza Pachulia,5200000,C,2014,MIL
Martell Webster,5150000,SF,2014,WAS
Keith Bogans,5058198,SG,2014,BOS
Derrick Williams,5016960,SF,2014,SAC
Ramon Sessions,5000000,PG,2014,MIL
Andre Miller,5000000,SG,2014,WAS
Corey Brewer,5000000,SF,2014,MIN
Chase Budinger,5000000,SF,2014,MIN
Brandan Wright,5000000,C,2014,DAL
DeMarcus Cousins,4916974,C,2014,SAC
Michael Kidd-Gilchrist,4809840,SF,2014,CHA
Victor Oladipo,4763760,PG,2014,ORL
Boris Diaw,4702500,PF,2014,SAS
J.J. Barea,4687000,PG,2014,MIN
Luc Mbah a Moute,4588384,PF,2014,MIN
Luis Scola,4508504,PF,2014,IND
Jonas Jerebko,4500000,PF,2014,DET
Tony Allen,4494383,SG,2014,MEM
Ekpe Udoh,4469548,PF,2014,MIL
Luke Ridnour,4420000,PG,2014,CHA
Timofey Mozgov,4400000,C,2014,DEN
Udonis Haslem,4340000,PF,2014,MIA
Bradley Beal,4319280,SG,2014,WAS
Otto Porter Jr.,4278000,SF,2014,WAS
Jared Dudley,4250000,SF,2014,LAC
Greg Monroe,4086454,PF,2014,DET
Tristan Thompson,4062000,PF,2014,CLE
Kirk Hinrich,4059000,PG,2014,CHI
Mario Chalmers,4000000,PG,2014,MIA
Ian Mahinmi,4000000,C,2014,IND
Brandon Rush,4000000,SG,2014,UTA
Elton Brand,4000000,C,2014,ATL
Steve Blake,4000000,PG,2014,GSW
Matt Bonner,3945000,PF,2014,SAS
Thabo Sefolosha,3900000,SG,2014,OKC
Dion Waiters,3894240,SG,2014,CLE
Cody Zeller,3857040,C,2014,CHA
Danny Green,3762500,SG,2014,SAS
Steve Novak,3750000,PF,2014,TOR
Al-Farouq Aminu,3749602,SF,2014,NOP
Samuel Dalembert,3700748,C,2014,DAL
Ricky Rubio,3678358,PG,2014,MIN
Raymond Felton,3637073,PG,2014,NYK
Jonas Valanciunas,3526440,C,2014,TOR
Thomas Robinson,3526440,PF,2014,POR
Marreese Speights,3500000,C,2014,GSW
Jordan Hill,3500000,PF,2014,LAL
Gerald Green,3500000,SG,2014,PHO
Alex Len,3492720,C,2014,PHO
Gordon Hayward,3452183,SF,2014,UTA
Jan Vesely,3340920,PF,2014,DEN
Paul George,3282003,SF,2014,IND
Shane Battier,3270000,SF,2014,MIA
Matt Barnes,3250000,SF,2014,LAC
Alonzo Gee,3250000,SF,2014,CLE
Gary Neal,3250000,SG,2014,CHA
Darrell Arthur,3231683,SF,2014,DEN
Mirza Teletovic,3229050,SF,2014,BRK
Ray Allen,3229050,SG,2014,MIA
Damian Lillard,3202920,PG,2014,POR
Tyler Hansbrough,3183000,PF,2014,TOR
Chris Kaman,3183000,C,2014,LAL
Andrei Kirilenko,3183000,PF,2014,BRK
Mike Dunleavy,3183000,SF,2014,CHI
Vince Carter,3180000,SG,2014,DAL
Ed Davis,3153860,PF,2014,MEM
Alexey Shved,3150000,SG,2014,MIN
Jerryd Bayless,3135000,PG,2014,BOS
Patrick Patterson,3105302,PF,2014,TOR
Lavoy Allen,3060000,PF,2014,IND
Larry Sanders,3053368,C,2014,MIL
Bismack Biyombo,3049920,C,2014,CHA
Kosta Koufos,3000000,C,2014,MEM
Travis Outlaw,3000000,SF,2014,SAC
Randy Foye,3000000,SG,2014,DEN
Dorell Wright,3000000,SF,2014,POR
Chris Copeland,3000000,SF,2014,IND
Harrison Barnes,2923920,SF,2014,GSW
Joel Freeland,2897976,C,2014,POR
Ben McLemore,2895960,SG,2014,SAC
Brandon Knight,2793960,PG,2014,MIL
Will Bynum,2790343,PG,2014,DET
Kevin Seraphin,2761114,C,2014,WAS
Marco Belinelli,2750000,SF,2014,SAS
Aaron Gray,2690875,C,2014,SAC
Terrence Ross,2678640,SG,2014,TOR
Kentavious Caldwell-Pope,2653080,SG,2014,DET
Wayne Ellington,2652000,SG,2014,DAL
Mo Williams,2652000,PG,2014,POR
Eric Bledsoe,2626474,PG,2014,PHO
Nick Collison,2585668,PF,2014,OKC
Kemba Walker,2568360,PG,2014,CHA
DeMarre Carroll,2557545,SF,2014,ATL
Avery Bradley,2511432,SG,2014,BOS
Chauncey Billups,2500000,SG,2014,DET
Jason Smith,2500000,PF,2014,NOP
Andre Drummond,2465400,C,2014,DET
Trey Burke,2438760,PG,2014,UTA
Trevor Booker,2350820,PF,2014,WAS
Austin Rivers,2339040,PG,2014,NOP
Klay Thompson,2317920,SG,2014,GSW
CJ McCollum,2316720,SG,2014,POR
Quincy Pondexter,2225479,SG,2014,MEM
C.J. Miles,2225000,SG,2014,CLE
Meyers Leonard,2222160,C,2014,POR
Alec Burks,2202000,SG,2014,UTA
Michael Carter-Williams,2200920,PG,2014,PHI
Dante Cunningham,2180000,PF,2014,MIN
Jordan Crawford,2162419,SG,2014,GSW
Greivis Vasquez,2150188,PG,2014,TOR
Jeremy Lamb,2111160,SG,2014,OKC
Markieff Morris,2091840,PF,2014,PHO
Steven Adams,2090880,C,2014,OKC
C.J. Watson,2016000,PG,2014,IND
Nate Robinson,2016000,PG,2014,DEN
Jermaine O'Neal,2000000,PF,2014,GSW
Kelly Olynyk,1986360,C,2014,BOS
John Henson,1905360,PF,2014,MIL
Darren Collison,1900000,PG,2014,LAC
Kawhi Leonard,1887840,SF,2014,SAS
Shabazz Muhammad,1887120,SG,2014,MIN
Maurice Harkless,1809840,SF,2014,ORL
Nikola Vucevic,1793520,C,2014,ORL
Anthony Randolph,1750000,PF,2014,DEN
Jeff Ayres,1750000,PF,2014,SAS
Iman Shumpert,1703760,SG,2014,NYK
Reggie Evans,1695635,PF,2014,SAC
Jeremy Evans,1660257,SF,2014,UTA
Tyler Zeller,1633440,C,2014,CLE
Chris Singleton,1618680,SF,2014,WAS
Toney Douglas,1600000,PG,2014,MIA
John Lucas III,1600000,PG,2014,UTA
Pablo Prigioni,1591350,PG,2014,NYK
Terrence Jones,1551840,PF,2014,HOU
Jodie Meeks,1550000,SG,2014,LAL
Tobias Harris,1545840,PF,2014,ORL
Shane Larkin,1536960,PG,2014,DAL
Ronny Turiaf,1500000,C,2014,MIN
Miroslav Raduljica,1500000,C,2014,MIL
James Jones,1500000,SF,2014,MIA
Gustavo Ayon,1500000,C,2014,ATL
Andrew Nicholson,1482000,PF,2014,ORL
Sergey Karasev,1467840,SF,2014,CLE
Nando De Colo,1463000,SF,2014,TOR
Donatas Motiejunas,1422720,PF,2014,HOU
Evan Fournier,1422720,SG,2014,DEN
Tony Snell,1409040,SG,2014,CHI
Willie Green,1399507,SG,2014,LAC
Rashard Lewis,1399507,SF,2014,MIA
Scotty Hopson,1388400,SG,2014,CLE
Andray Blatche,1375604,PF,2014,BRK
Kenneth Faried,1367640,PF,2014,DEN
Jared Sullinger,1365720,PF,2014,BOS
Gorgui Dieng,1352640,C,2014,MIN
Dennis Schroder,1348200,PG,2014,ATL
Victor Claver,1330000,SF,2014,POR
Mason Plumlee,1298640,C,2014,BRK
Francisco Garcia,1265977,SF,2014,HOU
Reggie Jackson,1260360,PG,2014,OKC
John Jenkins,1258800,SG,2014,ATL
Solomon Hill,1246680,SF,2014,IND
MarShon Brooks,1210080,SG,2014,LAL
Hasheem Thabeet,1200000,C,2014,OKC
Tim Hardaway Jr.,1196760,SG,2014,NYK
Jordan Hamilton,1169880,SF,2014,HOU
Tony Wroten,1160040,PG,2014,PHI
Reggie Bullock,1149000,SF,2014,LAC
Patty Mills,1133950,PG,2014,SAS
Norris Cole,1129200,PG,2014,MIA
Miles Plumlee,1121520,C,2014,PHO
Cory Joseph,1120920,SG,2014,SAS
Jimmy Butler,1112880,SG,2014,CHI
Nick Young,1106942,SG,2014,LAL
Arnett Moultrie,1089240,PF,2014,PHI
Perry Jones,1082520,PF,2014,OKC
Rudy Gobert,1078800,C,2014,UTA
Marquis Teague,1074720,SG,2014,BRK
Archie Goodwin,1064400,SG,2014,PHO
Nemanja Nedovic,1056720,SG,2014,GSW
Kyle Singler,1045000,SF,2014,DET
Anthony Morrow,1027424,SG,2014,NOP
Lance Stephenson,1005000,SG,2014,IND
Andrew Bynum,1000000,C,2014,IND
Ish Smith,951463,PG,2014,PHO
Omri Casspi,947907,PF,2014,HOU
Byron Mullens,947907,C,2014,PHI
Alan Anderson,947907,SF,2014,BRK
Austin Daye,947907,SF,2014,SAS
Chandler Parsons,926500,SF,2014,HOU
Jeff Adrien,916099,PF,2014,MIL
Jon Leuer,900000,PF,2014,MEM
Shelvin Mack,884293,PG,2014,ATL
Jannero Pargo,884293,PG,2014,CHA
Anthony Tolliver,884293,PF,2014,CHA
Ryan Hollins,884293,PF,2014,LAC
Josh Harrellson,884293,C,2014,DET
Wesley Johnson,884293,SF,2014,LAL
Nazr Mohammed,884293,C,2014,CHI
Jordan Farmar,884293,PG,2014,LAL
Earl Watson,884293,PG,2014,POR
DeJuan Blair,884293,PF,2014,DAL
Garrett Temple,884293,SG,2014,WAS
Aaron Brooks,884293,PG,2014,DEN
Rasual Butler,884293,SG,2014,IND
Xavier Henry,884293,SF,2014,LAL
Kenyon Martin,884293,PF,2014,NYK
Greg Oden,884293,C,2014,MIA
Isaiah Thomas,884293,PG,2014,SAC
P.J. Tucker,884293,SF,2014,PHO
Shaun Livingston,884293,PG,2014,BRK
Beno Udrih,884293,SG,2014,MEM
Donald Sloan,884293,SG,2014,IND
Mike Miller,884293,SF,2014,MEM
Devin Harris,884293,PG,2014,DAL
Julyan Stone,884293,SG,2014,TOR
E'Twaun Moore,884293,SG,2014,ORL
Cole Aldrich,884293,C,2014,NYK
Draymond Green,875500,SF,2014,GSW
Allen Crabbe,825000,SG,2014,POR
Elliot Williams,797545,SG,2014,PHI
Brian Roberts,788872,PG,2014,NOP
Henry Sims,788872,C,2014,PHI
Kent Bazemore,788872,SG,2014,LAL
Aron Baynes,788872,C,2014,SAS
Quincy Acy,788872,SF,2014,SAC
Mike Scott,788872,PF,2014,ATL
Kyle O'Quinn,788872,C,2014,ORL
Quincy Miller,788872,PF,2014,DEN
Khris Middleton,788872,SF,2014,MIL
Jae Crowder,788872,SF,2014,DAL
Patrick Beverley,788872,PG,2014,HOU
Will Barton,788872,SG,2014,POR
Bernard James,788872,C,2014,DAL
Robert Sacre,788872,C,2014,LAL
Darius Miller,788872,SF,2014,NOP
Andre Roberson,740560,SG,2014,OKC
Diante Garrett,719266,PG,2014,UTA
Malcolm Thomas,702233,PF,2014,UTA
Dwight Buycks,700000,PG,2014,TOR
Hilton Armstrong,660619,C,2014,GSW
Chris Douglas-Roberts,660619,SF,2014,CHA
D.J. Augustin,650215,PG,2014,CHI
Alexis Ajinca,635880,C,2014,NOP
James Johnson,634610,SF,2014,MEM
Isaiah Canaan,570515,PG,2014,HOU
Jeremy Tyler,556584,C,2014,NYK
Kendall Marshall,547570,PG,2014,LAL
Ricky Ledo,544000,SG,2014,DAL
Jamaal Franklin,535000,SG,2014,MEM
Ray McCallum,524616,PG,2014,SAC
Carrick Felix,510000,SG,2014,CLE
Nate Wolters,500000,PG,2014,MIL
Tony Mitchell,500000,PF,2014,DET
Tony Mitchell,500000,SF,2014,MIL
Nick Calathes,490180,SG,2014,MEM
Glen Rice Jr.,490180,SG,2014,WAS
James Southerland,490180,SF,2014,NOP
Peyton Siva,490180,SG,2014,DET
Brandon Davies,490180,PF,2014,PHI
Toure' Murry,490180,PG,2014,NYK
Robert Covington,490180,SF,2014,HOU
Ryan Kelly,490180,PF,2014,LAL
Phil Pressey,490180,PG,2014,BOS
Ognjen Kuzmic,490180,C,2014,GSW
Robbie Hummel,490180,SF,2014,MIN
Jeff Withey,490180,C,2014,NOP
Matthew Dellavedova,490180,SG,2014,CLE
Dionte Christmas,490180,SF,2014,PHO
Ian Clark,490180,SG,2014,UTA
Gal Mekel,490180,PG,2014,DAL
Hollis Thompson,473604,SF,2014,PHI
Hedo Turkoglu,473357,SF,2014,LAC
Leandro Barbosa,410936,PG,2014,PHO
Luke Babbitt,387995,PF,2014,NOP
Chris Johnson,320189,SF,2014,BOS
Shavlik Randolph,306037,PF,2014,PHO
Dewayne Dedmon,300000,C,2014,ORL
Jason Collins,275691,C,2014,BRK
Danny Granger,249683,SF,2014,LAC
Caron Butler,244489,SF,2014,OKC
Jimmer Fredette,239279,SG,2014,CHI
Shannon Brown,188438,SG,2014,NYK
Jarvis Varnado,171696,PF,2014,PHI
Troy Daniels,158588,SG,2014,HOU
Mike Muscala,138404,PF,2014,ATL
Cartier Martin,104034,SF,2014,CHI
D.J. White,104028,PF,2014,CHA
Justin Hamilton,98036,C,2014,MIA
Chris Babb,77852,SG,2014,BOS
Ronnie Brewer,69792,SF,2014,CHI
Damion James,68902,SF,2014,SAS
Mike James,57627,PG,2014,CHI
Jorge Gutierrez,54785,PG,2014,BRK
Drew Gooden,52017,C,2014,WAS
Othyus Jeffers,52017,SG,2014,MIN
Lou Amundson,48854,PF,2014,CHI
Jared Cunningham,46404,SG,2014,SAC
Melvin Ely,29788,C,2014,NOP
Greg Smith,15605,C,2014,HOU
Josh Powell,13958,PF,2014,HOU
Chris Wright,9281,SF,2014,MIL
Kobe Bryant,23500000,SG,2015,LAL
Joe Johnson,23180790,SG,2015,BRK
Dwight Howard,21436271,C,2015,HOU
Chris Bosh,20644400,C,2015,MIA
LeBron James,20644400,SF,2015,CLE
Chris Paul,20068563,PG,2015,LAC
Deron Williams,19754465,PG,2015,BRK
Rudy Gay,19317326,SF,2015,SAC
Kevin Durant,18995624,SF,2015,OKC
Derrick Rose,18862876,PG,2015,CHI
Blake Griffin,17674613,PF,2015,LAC
Zach Randolph,16500000,PF,2015,MEM
LaMarcus Aldridge,16006000,PF,2015,POR
Paul George,15937290,SF,2015,IND
Marc Gasol,15829688,C,2015,MEM
Kevin Love,15719063,PF,2015,CLE
Brook Lopez,15719062,C,2015,BRK
Russell Westbrook,15719062,PG,2015,OKC
David Lee,15012000,PF,2015,GSW
Dwyane Wade,15000000,SG,2015,MIA
Eric Gordon,14898938,SG,2015,NOP
Roy Hibbert,14898938,C,2015,IND
Tyson Chandler,14846888,C,2015,DAL
John Wall,14746000,PG,2015,WAS
DeMarcus Cousins,14746000,C,2015,SAC
Gordon Hayward,14746000,SF,2015,UTA
James Harden,14728844,SG,2015,HOU
Chandler Parsons,14700000,SF,2015,DAL
Al Jefferson,13500000,C,2015,CHO
Eric Bledsoe,13000000,PG,2015,PHO
Andrew Bogut,12972973,C,2015,GSW
Derrick Favors,12950000,PF,2015,UTA
Rajon Rondo,12909090,PG,2015,DAL
Joakim Noah,12700000,C,2015,CHI
Tony Parker,12500000,PG,2015,SAS
Serge Ibaka,12350000,PF,2015,OKC
Andre Iguodala,12289544,SF,2015,GSW
Nikola Pekovic,12100000,C,2015,MIN
Kyle Lowry,12000000,PG,2015,TOR
Al Horford,12000000,C,2015,ATL
Kevin Garnett,12000000,PF,2015,MIN
David West,12000000,PF,2015,IND
Nicolas Batum,11765500,SF,2015,POR
Ty Lawson,11595506,PG,2015,DEN
Andrea Bargnani,11500000,C,2015,NYK
DeAndre Jordan,11440123,C,2015,LAC
Tyreke Evans,11265416,SG,2015,NOP
JaVale McGee,11250000,C,2015,PHI
Larry Sanders,11000000,C,2015,MIL
Danilo Gallinari,10854850,SF,2015,DEN
Stephen Curry,10629213,PG,2015,GSW
Marcin Gortat,10434782,C,2015,WAS
Tim Duncan,10361446,C,2015,SAS
Gerald Wallace,10105855,SF,2015,BOS
DeMar DeRozan,10100000,SG,2015,TOR
Jrue Holiday,9904495,PG,2015,NOP
Luol Deng,9714461,SF,2015,MIA
Anderson Varejao,9704545,C,2015,CLE
Paul Millsap,9500000,PF,2015,ATL
Thaddeus Young,9410869,PF,2015,BRK
Tiago Splitter,9250000,C,2015,SAS
Jeff Green,9200000,SF,2015,MEM
Jordan Hill,9000000,C,2015,LAL
Lance Stephenson,9000000,SG,2015,CHO
Mike Conley,8694216,PG,2015,MEM
Channing Frye,8579088,PF,2015,ORL
Marcus Thornton,8575000,SG,2015,PHO
Jeremy Lin,8374646,PG,2015,LAL
Monta Ellis,8360000,SG,2015,DAL
Taj Gibson,8000000,PF,2015,CHI
Brandon Jennings,8000000,PG,2015,DET
O.J. Mayo,8000000,SG,2015,MIL
George Hill,8000000,PG,2015,IND
Jeff Teague,8000000,PG,2015,ATL
Dirk Nowitzki,7974482,PF,2015,DAL
Ersan Ilyasova,7900000,PF,2015,MIL
Tayshaun Prince,7707865,SF,2015,DET
Boris Diaw,7500000,PF,2015,SAS
Arron Afflalo,7500000,SG,2015,POR
Goran Dragic,7500000,SG,2015,MIA
Wesley Matthews,7245640,SG,2015,POR
Isaiah Thomas,7238606,PG,2015,BOS
Avery Bradley,7191011,SG,2015,BOS
Pau Gasol,7128000,PF,2015,CHI
Jose Calderon,7097191,PG,2015,NYK
Kyrie Irving,7070730,PG,2015,CLE
Manu Ginobili,7000000,SG,2015,SAS
Amir Johnson,7000000,PF,2015,TOR
Marvin Williams,7000000,PF,2015,CHO
Brandon Bass,6900000,PF,2015,BOS
Kevin Martin,6792500,SG,2015,MIN
Wilson Chandler,6757913,SF,2015,DEN
Jason Richardson,6601125,SG,2015,PHI
Carl Landry,6500000,PF,2015,SAC
Greivis Vasquez,6400000,PG,2015,TOR
Derrick Williams,6331404,PF,2015,SAC
Jarrett Jack,6300000,PG,2015,BRK
Kyle Korver,6253521,SG,2015,ATL
Landry Fields,6250000,SF,2015,TOR
Robin Lopez,6124729,C,2015,POR
Jason Thompson,6037500,PF,2015,SAC
Jodie Meeks,6000000,SG,2015,DET
Gerald Henderson,6000000,SG,2015,CHO
Chuck Hayes,5958750,C,2015,TOR
Jason Terry,5850313,SG,2015,HOU
Patrick Patterson,5831326,PF,2015,TOR
P.J. Tucker,5700000,SF,2015,PHO
Anthony Davis,5607240,PF,2015,NOP
Anthony Bennett,5563920,PF,2015,MIN
Andrew Wiggins,5510640,SF,2015,MIN
Greg Monroe,5479934,PF,2015,DET
Jamal Crawford,5450000,SG,2015,LAC
Lou Williams,5450000,SG,2015,TOR
Courtney Lee,5450000,SG,2015,MEM
Martell Webster,5381750,SF,2015,WAS
Chris Andersen,5375000,C,2015,MIA
Nikola Mirotic,5305000,PF,2015,CHI
Spencer Hawes,5305000,PF,2015,LAC
Paul Pierce,5305000,SF,2015,WAS
Shaun Livingston,5305000,PG,2015,GSW
Josh McRoberts,5305000,PF,2015,MIA
Zaza Pachulia,5200000,C,2015,MIL
Tristan Thompson,5138430,PF,2015,CLE
Michael Kidd-Gilchrist,5016960,SF,2015,CHO
Chase Budinger,5000000,SF,2015,MIN
Trevor Booker,5000000,PF,2015,UTA
Brandan Wright,5000000,PF,2015,PHO
Nick Young,4994420,SG,2015,LAL
Victor Oladipo,4978200,SG,2015,ORL
Jabari Parker,4930560,PF,2015,MIL
Luis Scola,4868499,PF,2015,IND
Tony Allen,4831461,SG,2015,MEM
Chris Kaman,4800000,C,2015,POR
Darren Collison,4797664,PG,2015,SAC
Kostas Papanikolaou,4797664,SF,2015,HOU
Corey Brewer,4702500,SF,2015,HOU
Ricky Rubio,4660479,PG,2015,MIN
Andre Miller,4650000,PG,2015,SAC
Timofey Mozgov,4650000,C,2015,CLE
Bradley Beal,4505280,SG,2015,WAS
Caron Butler,4500000,SF,2015,DET
Jonas Jerebko,4500000,PF,2015,BOS
Ben Gordon,4500000,SG,2015,ORL
Otto Porter Jr.,4470480,SF,2015,WAS
Luc Mbah a Moute,4382576,PF,2015,PHI
Kris Humphries,4250000,PF,2015,WAS
Jared Dudley,4250000,SG,2015,MIL
C.J. Miles,4205000,SG,2015,IND
Thabo Sefolosha,4150000,SF,2015,ATL
Dion Waiters,4062000,SG,2015,OKC
Samuel Dalembert,4051527,C,2015,NYK
Cody Zeller,4030560,C,2015,CHO
Danny Green,4025000,SG,2015,SAS
Mario Chalmers,4000000,PG,2015,MIA
Ian Mahinmi,4000000,C,2015,IND
Aaron Gordon,3992040,PF,2015,ORL
Mo Williams,3965074,PG,2015,CHO
Vince Carter,3911981,SG,2015,MEM
Kevin Seraphin,3898692,C,2015,WAS
Devin Harris,3878896,PG,2015,DAL
Bismack Biyombo,3873398,C,2015,CHO
Patty Mills,3842105,PG,2015,SAS
Joel Anthony,3800000,C,2015,DET
Raymond Felton,3793693,PG,2015,DAL
Jonas Valanciunas,3678360,C,2015,TOR
Thomas Robinson,3678360,PF,2015,PHI
Marreese Speights,3657500,C,2015,GSW
Alex Len,3649920,C,2015,PHO
Dante Exum,3615000,PG,2015,UTA
Brandon Knight,3553917,PG,2015,PHO
Gerald Green,3500000,SG,2015,PHO
Steve Novak,3445947,SF,2015,OKC
Matt Barnes,3396250,SF,2015,LAC
Mirza Teletovic,3368100,PF,2015,BRK
Damian Lillard,3340920,PG,2015,POR
Mike Scott,3333333,PF,2015,ATL
Tyler Hansbrough,3326235,PF,2015,TOR
Andrei Kirilenko,3326235,SF,2015,BRK
Mike Dunleavy,3326235,SF,2015,CHI
Nerlens Noel,3315120,C,2015,PHI
Marcus Smart,3283320,PG,2015,BOS
Alexey Shved,3282056,SG,2015,NYK
Bojan Bogdanovic,3278000,SF,2015,BRK
Evan Turner,3278000,SG,2015,BOS
Jason Smith,3278000,C,2015,NYK
Kemba Walker,3272091,PG,2015,CHO
Carlos Boozer,3251000,PF,2015,LAL
Gary Neal,3250000,SG,2015,MIN
Anthony Morrow,3200000,SG,2015,OKC
Dorell Wright,3150000,SF,2015,POR
Quincy Pondexter,3146068,SF,2015,NOP
Chris Copeland,3135000,SF,2015,IND
Klay Thompson,3075880,SG,2015,GSW
Harrison Barnes,3049920,SF,2015,GSW
Alec Burks,3034356,SG,2015,UTA
Ben McLemore,3026280,SG,2015,SAC
Joel Freeland,3013512,C,2015,POR
Anthony Tolliver,3000000,PF,2015,DET
Kosta Koufos,3000000,C,2015,MEM
D.J. Augustin,3000000,PG,2015,OKC
Randy Foye,3000000,SG,2015,DEN
Jerryd Bayless,3000000,PG,2015,MIL
Julius Randle,2997360,PF,2015,LAL
Markieff Morris,2989239,PF,2015,PHO
Furkan Aldemir,2963232,PF,2015,PHI
Will Bynum,2915908,SG,2015,WAS
Kawhi Leonard,2894059,SF,2015,SAS
Marco Belinelli,2873750,SG,2015,SAS
Terrence Ross,2793960,SF,2015,TOR
Kentavious Caldwell-Pope,2772480,SG,2015,DET
Nikola Vucevic,2751260,C,2015,ORL
Luke Ridnour,2750000,PG,2015,ORL
Nik Stauskas,2745840,SG,2015,SAC
Brian Roberts,2732000,PG,2015,CHO
Udonis Haslem,2732000,PF,2015,MIA
Jameer Nelson,2732000,PG,2015,DEN
Mike Miller,2732000,SF,2015,CLE
Kirk Hinrich,2732000,SG,2015,CHI
Iman Shumpert,2616975,SG,2015,CLE
Andre Drummond,2568360,C,2015,DET
Trey Burke,2548560,PG,2015,UTA
Noah Vonleh,2524200,PF,2015,CHO
James Johnson,2500000,PF,2015,TOR
DeMarre Carroll,2442455,SF,2015,ATL
Austin Rivers,2439840,PG,2015,LAC
Shelvin Mack,2433333,PG,2015,ATL
CJ McCollum,2421000,SG,2015,POR
Elfrid Payton,2397840,PG,2015,ORL
Tobias Harris,2380594,SF,2015,ORL
Meyers Leonard,2317920,C,2015,POR
Michael Carter-Williams,2300040,PG,2015,MIL
Doug McDermott,2277960,SF,2015,CHI
Kenneth Faried,2249768,PF,2015,DEN
Nick Collison,2242003,PF,2015,OKC
Brendan Haywood,2213668,C,2015,CLE
Reggie Jackson,2204369,PG,2015,DET
Jeremy Lamb,2202000,SG,2015,OKC
Steven Adams,2184960,C,2015,OKC
Ramon Sessions,2077000,PG,2015,WAS
Jordan Farmar,2077000,PG,2015,LAC
Aron Baynes,2077000,C,2015,SAS
C.J. Watson,2077000,PG,2015,IND
Danny Granger,2077000,SF,2015,MIA
Beno Udrih,2077000,PG,2015,MEM
Steve Blake,2077000,PG,2015,POR
Josh Smith,2077000,PF,2015,HOU
Kelly Olynyk,2075760,C,2015,BOS
Zach LaVine,2055840,PG,2015,MIN
Norris Cole,2038206,PG,2015,NOP
Cory Joseph,2023261,PG,2015,SAS
Jimmy Butler,2008748,SG,2015,CHI
Kent Bazemore,2000000,SG,2015,ATL
DeJuan Blair,2000000,PF,2015,WAS
John Salmons,2000000,SF,2015,NOP
Elton Brand,2000000,C,2015,ATL
John Henson,1987320,C,2015,MIL
Shabazz Muhammad,1971960,SG,2015,MIN
T.J. Warren,1953120,SF,2015,PHO
Maurice Harkless,1887840,SF,2015,ORL
Giannis Antetokounmpo,1873200,SG,2015,MIL
Adreian Payne,1855320,PF,2015,MIN
Jeff Ayres,1828750,PF,2015,SAS
Jeremy Evans,1794871,SF,2015,UTA
Joffrey Lauvergne,1790281,C,2015,DEN
Reggie Evans,1768653,PF,2015,SAC
Lucas Nogueira,1762680,C,2015,TOR
Jusuf Nurkic,1762680,C,2015,DEN
Zoran Dragic,1706225,SG,2015,MIA
Tyler Zeller,1703760,C,2015,BOS
Dennis Schroder,1690680,PG,2015,ATL
James Young,1674480,SG,2015,BOS
Pablo Prigioni,1662961,PG,2015,HOU
Ryan Kelly,1650000,PF,2015,LAL
Terrence Jones,1618680,PF,2015,HOU
Shane Larkin,1606080,PG,2015,NYK
Tyler Ennis,1590720,PG,2015,MIL
Andrew Nicholson,1545840,PF,2015,ORL
Sergey Karasev,1533840,SG,2015,BRK
Gary Harris,1519200,SG,2015,DEN
Ronny Turiaf,1500000,C,2015,MIN
Miroslav Raduljica,1500000,C,2015,MIN
Donatas Motiejunas,1483920,PF,2015,HOU
Evan Fournier,1483920,SG,2015,ORL
Tony Snell,1472400,SF,2015,CHI
Bruno Caboclo,1458360,SF,2015,TOR
Willie Green,1448490,SG,2015,ORL
Jared Sullinger,1424520,PF,2015,BOS
Gorgui Dieng,1413480,C,2015,MIN
Mitch McGary,1400040,PF,2015,OKC
Victor Claver,1370000,SF,2015,POR
Mason Plumlee,1357080,C,2015,BRK
Jordan Adams,1344120,SG,2015,MEM
John Jenkins,1312920,SG,2015,ATL
Solomon Hill,1302840,SF,2015,IND
Rodney Hood,1290360,SG,2015,UTA
Alan Anderson,1276061,SG,2015,BRK
Tim Hardaway Jr.,1250640,SG,2015,NYK
Shabazz Napier,1238640,PG,2015,MIA
Shawne Williams,1227985,SF,2015,DET
Shavlik Randolph,1227985,PF,2015,BOS
Tony Wroten,1210080,PG,2015,PHI
Reggie Bullock,1200720,SF,2015,PHO
Clint Capela,1189200,C,2015,HOU
Miles Plumlee,1169880,C,2015,MIL
Andre Roberson,1160880,SG,2015,OKC
P.J. Hairston,1149720,SG,2015,CHO
Brandon Rush,1145685,SG,2015,GSW
Cartier Martin,1145685,SF,2015,DET
Perry Jones,1129200,SF,2015,OKC
Rudy Gobert,1127400,C,2015,UTA
Festus Ezeli,1112880,C,2015,GSW
Archie Goodwin,1112280,SG,2015,PHO
Damjan Rudez,1100000,SF,2015,IND
Kyle Anderson,1093680,SF,2015,SAS
Kyle Singler,1090000,SF,2015,OKC
Xavier Henry,1082000,SF,2015,LAL
Robert Covington,1000000,SF,2015,PHI
Ed Davis,981084,PF,2015,LAL
Al-Farouq Aminu,981084,SF,2015,DAL
Garrett Temple,981084,SG,2015,WAS
Luke Babbitt,981084,SF,2015,NOP
Alexis Ajinca,981084,C,2015,NOP
Jon Leuer,967500,PF,2015,MEM
Greg Smith,948163,PF,2015,DAL
Donald Sloan,948163,PG,2015,IND
Joey Dorsey,948163,PF,2015,HOU
E'Twaun Moore,948163,SG,2015,CHI
Jason Maxiell,915243,PF,2015,CHO
Jannero Pargo,915243,PG,2015,CHO
Omri Casspi,915243,SF,2015,SAC
Ryan Hollins,915243,C,2015,SAC
Lavoy Allen,915243,C,2015,IND
Wesley Johnson,915243,SF,2015,LAL
Drew Gooden,915243,PF,2015,WAS
Henry Sims,915243,C,2015,PHI
Ekpe Udoh,915243,PF,2015,LAC
Sebastian Telfair,915243,PG,2015,OKC
Nazr Mohammed,915243,C,2015,CHI
Matt Bonner,915243,PF,2015,SAS
Greg Stiemsma,915243,C,2015,TOR
Quincy Acy,915243,PF,2015,NYK
Jimmer Fredette,915243,PG,2015,NOP
Ronnie Price,915243,PG,2015,LAL
Leandro Barbosa,915243,SG,2015,GSW
Kyle O'Quinn,915243,PF,2015,ORL
Wayne Ellington,915243,SG,2015,LAL
Aaron Brooks,915243,PG,2015,CHI
Rasual Butler,915243,SF,2015,WAS
Khris Middleton,915243,SF,2015,MIL
Kendall Marshall,915243,PG,2015,MIL
Jared Cunningham,915243,SG,2015,LAC
Jae Crowder,915243,SF,2015,BOS
Shannon Brown,915243,SG,2015,MIA
Patrick Beverley,915243,PG,2015,HOU
Glen Davis,915243,PF,2015,LAC
Hedo Turkoglu,915243,SF,2015,LAC
Rodney Stuckey,915243,PG,2015,IND
Francisco Garcia,915243,SF,2015,HOU
Draymond Green,915243,PF,2015,GSW
Will Barton,915243,SG,2015,DEN
Alonzo Gee,915243,SF,2015,POR
Richard Jefferson,915243,SF,2015,DAL
Charlie Villanueva,915243,PF,2015,DAL
James Jones,915243,SF,2015,CLE
Shawn Marion,915243,SF,2015,CLE
Robert Sacre,915243,C,2015,LAL
Darius Miller,915243,SF,2015,NOP
Chris Douglas-Roberts,915243,SG,2015,LAC
Cole Aldrich,915243,C,2015,NYK
J.J. Barea,909859,PG,2015,DAL
Joe Harris,884879,SG,2015,CLE
Devyn Marble,884879,SG,2015,ORL
Jerami Grant,884879,SF,2015,PHI
Robbie Hummel,880000,SF,2015,MIN
Allen Crabbe,862000,SG,2015,POR
Ish Smith,861405,PG,2015,PHI
Isaiah Canaan,816842,PG,2015,PHI
Ray McCallum,816482,PG,2015,SAC
Nick Calathes,816482,SG,2015,MEM
Justin Hamilton,816482,C,2015,MIN
Glen Rice Jr.,816482,SG,2015,WAS
Nate Wolters,816482,PG,2015,NOP
Mike Muscala,816482,PF,2015,ATL
Hollis Thompson,816482,SG,2015,PHI
Grant Jerrett,816482,PF,2015,UTA
Brandon Davies,816482,PF,2015,BRK
Justin Holiday,816482,SG,2015,GSW
Phil Pressey,816482,PG,2015,BOS
Ognjen Kuzmic,816482,C,2015,GSW
Dwight Buycks,816482,PG,2015,LAL
Jamaal Franklin,816482,SG,2015,DEN
Troy Daniels,816482,SG,2015,CHO
Jeff Withey,816482,C,2015,NOP
Matthew Dellavedova,816482,SG,2015,CLE
Ian Clark,816482,SG,2015,DEN
Jerome Jordan,816482,C,2015,BRK
Dewayne Dedmon,816482,C,2015,ORL
Hassan Whiteside,769881,C,2015,MIA
Jeff Adrien,742962,PF,2015,MIN
Jarnell Stokes,725000,PF,2015,MEM
Dante Cunningham,716043,PF,2015,NOP
Malcolm Lee,710659,SG,2015,PHI
Darius Morris,702756,PG,2015,BRK
Spencer Dinwiddie,700000,PG,2015,DET
Malcolm Thomas,635827,PF,2015,PHI
Gal Mekel,633974,PG,2015,NOP
Russ Smith,507336,PG,2015,MEM
Joe Ingles,507336,SF,2015,UTA
Jordan Clarkson,507336,PG,2015,LAL
Erick Green,507336,PG,2015,DEN
Eric Moreland,507336,PF,2015,SAC
Markel Brown,507336,SG,2015,BRK
Nick Johnson,507336,SG,2015,HOU
Sim Bhullar,507336,C,2015,SAC
Glenn Robinson III,507336,SG,2015,PHI
Cory Jefferson,507336,PF,2015,BRK
James Ennis III,507336,SF,2015,MIA
Cleanthony Early,507336,SF,2015,NYK
Alex Kirk,507336,C,2015,CLE
Travis Wear,507336,SF,2015,NYK
JaKarr Sampson,507336,SF,2015,PHI
Shayne Whittington,507336,PF,2015,IND
Tarik Black,507336,C,2015,LAL
Dwight Powell,507336,PF,2015,DAL
Will Cherry,495399,PG,2015,CLE
Kalin Lucas,486446,PG,2015,MEM
Drew Gordon,468540,PF,2015,PHI
Kenyon Martin,414551,PF,2015,MIL
Lou Amundson,409167,PF,2015,NYK
Lance Thomas,403784,PF,2015,NYK
Dahntay Jones,387632,SF,2015,LAC
Patrick Christopher,379010,SG,2015,UTA
Reggie Williams,344036,SF,2015,SAS
Amar'e Stoudemire,306876,PF,2015,DAL
Lorenzo Brown,283367,PG,2015,MIN
Kendrick Perkins,274573,C,2015,CLE
John Lucas III,269189,PG,2015,DET
Elijah Millsap,241731,SG,2015,UTA
Bernard James,236886,C,2015,DAL
Langston Galloway,235762,PG,2015,NYK
Tyler Johnson,199950,SG,2015,MIA
Henry Walker,196217,SF,2015,MIA
Michael Beasley,195440,PF,2015,MIA
Quincy Miller,183049,PF,2015,DET
Earl Barron,183049,C,2015,PHO
James Michael McAdoo,167122,PF,2015,GSW
Jordan Hamilton,150591,SF,2015,LAC
JaMychal Green,134295,PF,2015,MEM
Toney Douglas,107676,SG,2015,NOP
Chris Johnson,107676,SF,2015,MIL
Elliot Williams,107676,SG,2015,NOP
Nate Robinson,107676,PG,2015,LAC
Toure' Murry,96056,SG,2015,WAS
Jorge Gutierrez,96056,PG,2015,MIL
Bryce Cotton,92514,PG,2015,UTA
Jack Cooley,59686,C,2015,UTA
Jabari Brown,59686,SG,2015,LAL
Tim Frazier,59686,PG,2015,POR
Tyrus Thomas,53838,PF,2015,MEM
A.J. Price,53838,PG,2015,PHO
Austin Daye,53838,SF,2015,ATL
Ricky Ledo,48028,SG,2015,NYK
Seth Curry,48028,PG,2015,PHO
Andre Dawkins,29843,SG,2015,MIA
David Stockton,29483,PG,2015,SAC
Kobe Bryant,25000000,SF,2016,LAL
LeBron James,22970500,SF,2016,CLE
Carmelo Anthony,22875000,SF,2016,NYK
Dwight Howard,22359364,C,2016,HOU
Chris Bosh,22192730,PF,2016,MIA
Chris Paul,21468695,PG,2016,LAC
Kevin Durant,20158622,SF,2016,OKC
Derrick Rose,20093064,PG,2016,CHI
Dwyane Wade,20000000,SG,2016,MIA
LaMarcus Aldridge,19689000,PF,2016,SAS
DeAndre Jordan,19689000,C,2016,LAC
Brook Lopez,19689000,C,2016,BRK
Kevin Love,19689000,PF,2016,CLE
Marc Gasol,19688000,C,2016,MEM
Blake Griffin,18907726,PF,2016,LAC
Paul Millsap,18671659,PF,2016,ATL
Paul George,17120106,SF,2016,IND
Russell Westbrook,16744218,PG,2016,OKC
Kyrie Irving,16407501,PG,2016,CLE
Greg Monroe,16407500,C,2016,MIL
Wesley Matthews,16407500,SF,2016,DAL
Jimmy Butler,16407500,SG,2016,CHI
Kawhi Leonard,16407500,SF,2016,SAS
Tobias Harris,16000000,PF,2016,DET
John Wall,15851950,PG,2016,WAS
DeMarcus Cousins,15851950,C,2016,SAC
James Harden,15756438,SG,2016,HOU
Roy Hibbert,15592217,C,2016,LAL
Eric Gordon,15514031,SG,2016,NOP
Klay Thompson,15501000,SG,2016,GSW
Gordon Hayward,15409570,SF,2016,UTA
Chandler Parsons,15361500,SF,2016,DAL
Goran Dragic,14783000,PG,2016,MIA
Khris Middleton,14700000,SG,2016,MIL
Draymond Green,14260870,PF,2016,GSW
Tristan Thompson,14260870,PF,2016,CLE
Danilo Gallinari,14000000,SF,2016,DEN
Reggie Jackson,13913044,PG,2016,DET
Andrew Bogut,13800000,C,2016,GSW
DeMarre Carroll,13600000,SF,2016,TOR
Eric Bledsoe,13500000,PG,2016,PHO
Al Jefferson,13500000,C,2016,CHO
Brandon Knight,13500000,SG,2016,PHO
Tony Parker,13437500,PG,2016,SAS
Joakim Noah,13400000,C,2016,CHI
Nicolas Batum,13125306,SF,2016,CHO
Tyson Chandler,13000000,C,2016,PHO
Ricky Rubio,12700000,PG,2016,MIN
Robin Lopez,12650000,C,2016,NYK
Rudy Gay,12403101,SF,2016,SAC
Serge Ibaka,12250000,PF,2016,OKC
Nikola Pekovic,12100000,C,2016,MIN
Kyle Lowry,12000000,PG,2016,TOR
Al Horford,12000000,C,2016,ATL
Amir Johnson,12000000,PF,2016,BOS
Derrick Favors,12000000,PF,2016,UTA
Kemba Walker,12000000,PG,2016,CHO
Andre Iguodala,11710456,SF,2016,GSW
Stephen Curry,11370786,PG,2016,GSW
Nikola Vucevic,11250000,C,2016,ORL
Kenneth Faried,11235955,PF,2016,DEN
Thaddeus Young,11235955,PF,2016,BRK
Marcin Gortat,11217391,C,2016,WAS
Tyreke Evans,10734586,SG,2016,NOP
Jrue Holiday,10595507,PG,2016,NOP
Monta Ellis,10300000,SG,2016,IND
Luol Deng,10151612,PF,2016,MIA
DeMar DeRozan,10050000,SG,2016,TOR
Danny Green,10000000,SG,2016,SAS
Tiago Splitter,9756250,C,2016,ATL
Jeff Green,9650000,SF,2016,LAC
Zach Randolph,9638555,PF,2016,MEM
Mike Conley,9588426,PG,2016,MEM
Rajon Rondo,9500000,PG,2016,SAC
Alec Burks,9463484,SG,2016,UTA
Lance Stephenson,9000000,SF,2016,MEM
Iman Shumpert,8988765,SG,2016,CLE
Taj Gibson,8500000,PF,2016,CHI
Kevin Garnett,8500000,PF,2016,MIN
Ryan Anderson,8500000,PF,2016,NOP
Brandon Jennings,8344497,PG,2016,ORL
Dirk Nowitzki,8333334,PF,2016,DAL
Corey Brewer,8229375,SF,2016,HOU
Channing Frye,8193029,PF,2016,CLE
Al-Farouq Aminu,8042895,SF,2016,POR
Arron Afflalo,8000000,SG,2016,NYK
O.J. Mayo,8000000,SG,2016,MIL
George Hill,8000000,PG,2016,IND
Markieff Morris,8000000,PF,2016,WAS
Jeff Teague,8000000,PG,2016,ATL
Ersan Ilyasova,7900000,PF,2016,ORL
Avery Bradley,7730337,SG,2016,BOS
Kosta Koufos,7700000,C,2016,SAC
Boris Diaw,7500000,PF,2016,SAS
Pau Gasol,7448760,C,2016,CHI
Jose Calderon,7402812,PG,2016,NYK
Anthony Davis,7070730,C,2016,NOP
Cory Joseph,7000000,SG,2016,TOR
Marvin Williams,7000000,PF,2016,CHO
Lou Williams,7000000,SG,2016,LAL
Rodney Stuckey,7000000,PG,2016,IND
Ed Davis,6980802,PF,2016,POR
Isaiah Thomas,6912869,PG,2016,BOS
Jae Crowder,6796117,SF,2016,BOS
Greivis Vasquez,6600000,PG,2016,MIL
Aron Baynes,6500000,C,2016,DET
Carl Landry,6500000,PF,2016,PHI
Patrick Beverley,6486486,PG,2016,HOU
Michael Kidd-Gilchrist,6331404,SF,2016,CHO
Jarrett Jack,6300000,PG,2016,BRK
Jodie Meeks,6270000,SG,2016,DET
Patrick Patterson,6268675,PF,2016,TOR
Spencer Hawes,6110034,PF,2016,CHO
Marco Belinelli,6060606,SG,2016,SAC
Gerald Henderson,6000000,SG,2016,POR
Andrew Wiggins,5758680,SF,2016,MIN
Kyle Korver,5746479,SG,2016,ATL
Karl-Anthony Towns,5703600,C,2016,MIN
Bradley Beal,5694674,SG,2016,WAS
Jamal Crawford,5675000,SG,2016,LAC
Courtney Lee,5675000,SG,2016,CHO
Nikola Mirotic,5543725,PF,2016,CHI
Shaun Livingston,5543725,PG,2016,GSW
Josh McRoberts,5543725,PF,2016,MIA
Mirza Teletovic,5500000,PF,2016,PHO
P.J. Tucker,5500000,SF,2016,PHO
Brandan Wright,5464000,PF,2016,MEM
Deron Williams,5378974,PG,2016,DAL
Tim Duncan,5250000,C,2016,SAS
Nick Young,5219169,SG,2016,LAL
Zaza Pachulia,5200000,C,2016,DAL
Victor Oladipo,5192520,SG,2016,ORL
Tony Allen,5158539,SG,2016,MEM
Jabari Parker,5152440,PF,2016,MIL
Dion Waiters,5138430,SG,2016,OKC
D'Angelo Russell,5103120,PG,2016,LAL
Chris Kaman,5016000,C,2016,POR
Darren Collison,5013559,PG,2016,SAC
C.J. Watson,5000000,PG,2016,ORL
Jonas Jerebko,5000000,PF,2016,BOS
Chris Andersen,5000000,C,2016,MEM
Timofey Mozgov,4950000,C,2016,CLE
Trevor Booker,4775000,PF,2016,UTA
Otto Porter Jr.,4662960,SF,2016,WAS
Jonas Valanciunas,4660482,C,2016,TOR
Jahlil Okafor,4582680,C,2016,PHI
Kyle Singler,4500000,SF,2016,OKC
Mike Dunleavy,4500000,SF,2016,CHI
C.J. Miles,4394225,SF,2016,IND
Alexis Ajinca,4389607,C,2016,NOP
Jared Dudley,4375000,PF,2016,WAS
Jameer Nelson,4345000,PG,2016,DEN
Mario Chalmers,4300000,PG,2016,MEM
Jason Smith,4300000,C,2016,ORL
J.J. Barea,4290000,PG,2016,DAL
Damian Lillard,4236287,PG,2016,POR
Cody Zeller,4204200,C,2016,CHO
Aaron Gordon,4171680,PF,2016,ORL
Kristaps Porzingis,4131720,PF,2016,NYK
Vince Carter,4088019,SG,2016,MEM
Devin Harris,4053446,PG,2016,DAL
Lavoy Allen,4050000,PF,2016,IND
Ian Mahinmi,4000000,C,2016,IND
Jordan Hill,4000000,C,2016,IND
Derrick Williams,4000000,SF,2016,NYK
Alan Anderson,4000000,SG,2016,WAS
Thabo Sefolosha,4000000,SF,2016,ATL
Raymond Felton,3950313,PG,2016,DAL
Nemanja Bjelica,3950001,PF,2016,MIN
Harrison Barnes,3873398,SF,2016,GSW
Marreese Speights,3815000,C,2016,GSW
Alex Len,3807120,C,2016,PHO
Nick Collison,3750000,PF,2016,OKC
Kyle O'Quinn,3750000,PF,2016,NYK
Mario Hezonja,3741480,SF,2016,ORL
Patty Mills,3578947,PG,2016,SAS
Terrence Ross,3553917,SF,2016,TOR
Matt Barnes,3542500,SF,2016,MEM
Will Barton,3533333,SG,2016,DEN
Nerlens Noel,3457800,C,2016,PHI
Marcus Smart,3431040,PG,2016,BOS
Bojan Bogdanovic,3425510,SF,2016,BRK
Evan Turner,3425510,SG,2016,BOS
Willie Cauley-Stein,3398280,C,2016,SAC
Paul Pierce,3376000,SF,2016,LAC
Anthony Morrow,3344000,SG,2016,OKC
Mike Scott,3333333,PF,2016,ATL
Drew Gooden,3300000,PF,2016,WAS
Andre Drummond,3272091,C,2016,DET
Ben McLemore,3156600,SG,2016,SAC
Randy Foye,3135000,SG,2016,OKC
Julius Randle,3132240,PF,2016,LAL
Austin Rivers,3110796,SG,2016,LAC
Emmanuel Mudiay,3102240,PG,2016,DEN
Meyers Leonard,3075880,PF,2016,POR
Norris Cole,3036927,PG,2016,NOP
Jeremy Lamb,3034356,SG,2016,CHO
Anthony Tolliver,3000000,PF,2016,DET
D.J. Augustin,3000000,PG,2016,DEN
Jerryd Bayless,3000000,SG,2016,MIL
Brandon Bass,3000000,PF,2016,LAL
John Henson,2943221,C,2016,MIL
Luis Scola,2900000,PF,2016,TOR
Maurice Harkless,2894059,SF,2016,POR
Kentavious Caldwell-Pope,2891760,SG,2016,DET
Nik Stauskas,2869440,SG,2016,PHI
Brian Roberts,2854940,PG,2016,POR
Udonis Haslem,2854940,PF,2016,MIA
Kirk Hinrich,2854940,PG,2016,ATL
Dante Cunningham,2850000,SF,2016,NOP
Stanley Johnson,2841960,SF,2016,DET
Omri Casspi,2836186,PF,2016,SAC
Bismack Biyombo,2814000,C,2016,TOR
Manu Ginobili,2814000,SG,2016,SAS
Sonny Weems,2814000,SG,2016,PHI
Kevin Seraphin,2814000,C,2016,NYK
Trey Burke,2658240,PG,2016,UTA
Noah Vonleh,2637720,PF,2016,POR
Tyler Zeller,2616975,C,2016,BOS
Frank Kaminsky,2612520,C,2016,CHO
Jared Sullinger,2569260,PF,2016,BOS
CJ McCollum,2525160,SG,2016,POR
Elfrid Payton,2505720,PG,2016,ORL
Leandro Barbosa,2500000,SG,2016,GSW
James Johnson,2500000,PF,2016,TOR
Terrence Jones,2489530,PF,2016,HOU
Justise Winslow,2481720,SF,2016,MIA
Shelvin Mack,2433333,PG,2016,UTA
Michael Carter-Williams,2399040,PG,2016,MIL
Andrew Nicholson,2380593,PF,2016,ORL
Doug McDermott,2380440,SF,2016,CHI
Myles Turner,2357760,C,2016,IND
Donatas Motiejunas,2288205,PF,2016,HOU
Evan Fournier,2288205,SF,2016,ORL
Steven Adams,2279040,C,2016,OKC
Aaron Brooks,2250000,PG,2016,CHI
Trey Lyles,2239800,PF,2016,UTA
Ramon Sessions,2170465,PG,2016,WAS
Beno Udrih,2170465,PG,2016,MIA
Steve Blake,2170465,PG,2016,DET
Kelly Olynyk,2165160,C,2016,BOS
Zach LaVine,2148360,SG,2016,MIN
Kendall Marshall,2144772,PG,2016,PHI
Jeremy Lin,2139000,SG,2016,CHO
Gary Neal,2139000,SG,2016,WAS
Devin Booker,2127840,SG,2016,PHO
Miles Plumlee,2109294,C,2016,MIL
Mo Williams,2100000,PG,2016,CLE
David Lee,2085671,PF,2016,DAL
Shabazz Muhammad,2056920,SF,2016,MIN
Joe Ingles,2050000,SF,2016,UTA
T.J. Warren,2041080,SF,2016,PHO
Cameron Payne,2021520,PG,2016,OKC
Festus Ezeli,2008748,C,2016,GSW
Kent Bazemore,2000000,SF,2016,ATL
DeJuan Blair,2000000,C,2016,WAS
Adreian Payne,1938840,PF,2016,MIN
Kelly Oubre Jr.,1920240,SF,2016,WAS
Lucas Nogueira,1842000,C,2016,TOR
Jusuf Nurkic,1842000,C,2016,DEN
Terry Rozier,1824360,PG,2016,BOS
Dennis Schroder,1763400,PG,2016,ATL
James Young,1749840,SG,2016,BOS
Rashad Vaughn,1733040,SG,2016,MIL
Ryan Kelly,1724250,PF,2016,LAL
Joffrey Lauvergne,1709719,C,2016,DEN
Tyler Ennis,1662360,PG,2016,MIL
Sam Dekker,1646400,PF,2016,HOU
Lance Thomas,1636842,PF,2016,NYK
Lou Amundson,1635476,PF,2016,NYK
Sergey Karasev,1599840,SF,2016,BRK
Gary Harris,1584480,SG,2016,DEN
Jerian Grant,1572360,PG,2016,NYK
Tony Snell,1535880,SF,2016,CHI
Bruno Caboclo,1524000,SF,2016,TOR
Delon Wright,1509360,PG,2016,TOR
Wayne Ellington,1500000,SG,2016,BRK
Shane Larkin,1500000,PG,2016,BRK
David West,1499187,PF,2016,SAS
Gorgui Dieng,1474440,C,2016,MIN
Mitch McGary,1463040,PF,2016,OKC
Caron Butler,1449187,SF,2016,SAC
Justin Anderson,1449000,SF,2016,DAL
Mason Plumlee,1415520,C,2016,POR
Jordan Adams,1404600,SG,2016,MEM
Bobby Portis,1391160,PF,2016,CHI
Andrea Bargnani,1362897,C,2016,BRK
Solomon Hill,1358880,SF,2016,IND
Rodney Hood,1348440,SG,2016,UTA
Rondae Hollis-Jefferson,1335480,SF,2016,BRK
Alonzo Gee,1320000,SF,2016,NOP
Tim Hardaway Jr.,1304520,SG,2016,ATL
Nikola Jokic,1300000,C,2016,DEN
Shabazz Napier,1294440,PG,2016,ORL
Tyus Jones,1282080,PG,2016,MIN
Sasha Kaun,1276000,C,2016,CLE
Brandon Rush,1270964,SG,2016,GSW
JaVale McGee,1270964,C,2016,DAL
Reggie Bullock,1252440,SF,2016,DET
Clint Capela,1242720,C,2016,HOU
Jarell Martin,1230840,PF,2016,MEM
Andre Roberson,1210800,SG,2016,OKC
P.J. Hairston,1201440,SF,2016,MEM
Boban Marjanovic,1200000,C,2016,SAS
Rudy Gobert,1175880,C,2016,UTA
Jordan Mickey,1170960,PF,2016,BOS
Toney Douglas,1164858,PG,2016,NOP
Archie Goodwin,1160160,PG,2016,PHO
Larry Nance Jr.,1155600,PF,2016,LAL
Chris Copeland,1150000,PF,2016,MIL
Damjan Rudez,1149500,SF,2016,MIN
Matthew Dellavedova,1147276,PG,2016,CLE
Kyle Anderson,1142880,SF,2016,SAS
Josh Huestis,1140240,PF,2016,OKC
Chris McCullough,1140240,PF,2016,BRK
Kevon Looney,1131960,PF,2016,GSW
Wesley Johnson,1100602,SF,2016,LAC
Garrett Temple,1100602,SF,2016,WAS
Luke Babbitt,1100602,SF,2016,NOP
Jeremy Evans,1100602,SF,2016,DAL
Cole Aldrich,1100602,C,2016,LAC
Glenn Robinson III,1100000,SF,2016,IND
Richaun Holmes,1074169,PF,2016,PHI
Jon Leuer,1035000,PF,2016,PHO
James Anderson,1015421,SG,2016,SAC
E'Twaun Moore,1015421,SG,2016,CHI
Jordan Hamilton,1015421,SF,2016,NOP
Rakeem Christmas,1007026,PF,2016,IND
Joe Young,1007026,PG,2016,IND
Kris Humphries,1000000,PF,2016,ATL
Montrezl Harrell,1000000,PF,2016,HOU
Robert Covington,1000000,SF,2016,PHI
Edy Tavares,1000000,C,2016,ATL
Hassan Whiteside,981348,C,2016,MIA
Quincy Acy,981348,PF,2016,SAC
John Jenkins,981348,SG,2016,PHO
Chris Johnson,981348,SF,2016,UTA
Robert Sacre,981348,C,2016,LAL
Thomas Robinson,981348,PF,2016,BRK
Pablo Prigioni,947726,PG,2016,LAC
Tyler Hansbrough,947276,PF,2016,CHO
Ish Smith,947276,PG,2016,PHI
Henry Sims,947276,C,2016,BRK
Mike Muscala,947276,C,2016,ATL
Matt Bonner,947276,C,2016,SAS
Hollis Thompson,947276,SG,2016,PHI
Ronnie Price,947276,PG,2016,PHO
Sasha Vujacic,947276,SG,2016,NYK
Allen Crabbe,947276,SG,2016,POR
Rasual Butler,947276,SF,2016,SAS
Tayshaun Prince,947276,SF,2016,MIN
Isaiah Canaan,947276,SG,2016,PHI
Jared Cunningham,947276,SG,2016,MIL
Jason Terry,947276,SG,2016,HOU
Amar'e Stoudemire,947276,C,2016,MIA
Metta World Peace,947276,SF,2016,LAL
Justin Holiday,947276,SG,2016,CHI
Anthony Bennett,947276,PF,2016,TOR
Luc Mbah a Moute,947276,PF,2016,LAC
Chuck Hayes,947276,C,2016,HOU
Troy Daniels,947276,SG,2016,CHO
Donald Sloan,947276,PG,2016,BRK
Gerald Green,947276,SG,2016,MIA
Richard Jefferson,947276,SF,2016,CLE
Mike Miller,947276,SF,2016,DEN
Jeff Withey,947276,C,2016,UTA
Seth Curry,947276,PG,2016,SAC
Charlie Villanueva,947276,PF,2016,DAL
Kendrick Perkins,947276,C,2016,NOP
James Jones,947276,SF,2016,CLE
Willie Reed,947276,C,2016,BRK
Ian Clark,947276,SG,2016,GSW
Nate Robinson,947276,PG,2016,NOP
Josh Smith,947276,PF,2016,HOU
Dewayne Dedmon,947276,C,2016,ORL
Raul Neto,900000,PG,2016,UTA
Jimmer Fredette,874837,SG,2016,NYK
Damien Inglis,855000,SF,2016,MIL
Jarnell Stokes,845059,C,2016,MIA
Russ Smith,845059,PG,2016,MEM
Jordan Clarkson,845059,SG,2016,LAL
Eric Moreland,845059,PF,2016,SAC
Markel Brown,845059,SG,2016,BRK
James Michael McAdoo,845059,PF,2016,GSW
James Ennis III,845059,SF,2016,NOP
Cleanthony Early,845059,SF,2016,NYK
Spencer Dinwiddie,845059,PG,2016,DET
Tyler Johnson,845059,SG,2016,MIA
Joe Harris,845059,SG,2016,CLE
JaMychal Green,845059,PF,2016,MEM
Shayne Whittington,845059,PF,2016,IND
Tarik Black,845059,C,2016,LAL
Devyn Marble,845059,SG,2016,ORL
Langston Galloway,845059,PG,2016,NYK
Tim Frazier,845059,PG,2016,NOP
Jerami Grant,845059,PF,2016,PHI
Elijah Millsap,845059,SG,2016,UTA
Dwight Powell,845059,PF,2016,DAL
Kostas Papanikolaou,800321,SF,2016,DEN
Bryce Cotton,700902,PG,2016,MEM
Anthony Brown,700000,SF,2016,LAL
Norman Powell,650000,SG,2016,TOR
Pat Connaughton,625093,SG,2016,POR
Darrun Hilliard,600000,SG,2016,DET
Jarell Eddie,561716,SF,2016,WAS
Jonathon Simmons,525093,SG,2016,SAS
Duje Dukan,525093,SF,2016,SAC
Josh Richardson,525093,SG,2016,MIA
Branden Dawson,525093,PF,2016,LAC
J.J. O'Brien,525093,SF,2016,UTA
T.J. McConnell,525093,PG,2016,PHI
Luis Montero,525093,SG,2016,POR
Christian Wood,525093,PF,2016,PHI
Aaron Harrison,525093,SG,2016,CHO
Salah Mejri,525093,C,2016,DAL
Cristiano Felicio,525093,C,2016,CHI
Cliff Alexander,525093,PF,2016,POR
Lamar Patterson,525093,SG,2016,ATL
Michael Beasley,306527,PF,2016,HOU
Steve Novak,295327,PF,2016,MIL
Anderson Varejao,289755,C,2016,GSW
Joe Johnson,261894,SF,2016,MIA
JaKarr Sampson,258489,SF,2016,DEN
Andre Miller,250750,PG,2016,SAS
Jason Thompson,245177,C,2016,TOR
Ryan Hollins,239605,C,2016,MEM
Nazr Mohammed,222888,C,2016,OKC
Ty Lawson,211744,PG,2016,IND
Chase Budinger,206192,SF,2016,PHO
Kevin Martin,200600,SG,2016,SAS
Marcus Thornton,200600,SG,2016,WAS
Andrew Goudelock,200600,PG,2016,HOU
Jorge Gutierrez,189455,PG,2016,CHO
Bryce Dejean-Jones,169883,SG,2016,NOP
Tony Wroten,167406,PG,2016,PHI
Sean Kilpatrick,134215,SG,2016,BRK
Lorenzo Brown,111444,PG,2016,PHO
Jeff Ayres,111444,C,2016,LAC
Jordan McRae,111196,PG,2016,CLE
Erick Green,99418,PG,2016,UTA
Alan Williams,83397,PF,2016,PHO
Orlando Johnson,55722,SG,2016,NOP
Phil Pressey,55722,PG,2016,PHO
Elliot Williams,55722,PG,2016,MEM
Cory Jefferson,49709,PF,2016,PHO
Thanasis Antetokounmpo,30888,SF,2016,NYK
LeBron James,30963450,SF,2017,CLE
Mike Conley,26540100,PG,2017,MEM
DeMar DeRozan,26540100,SG,2017,TOR
Al Horford,26540100,C,2017,BOS
Kevin Durant,26540100,PF,2017,GSW
James Harden,26540100,PG,2017,HOU
Russell Westbrook,26540100,PG,2017,OKC
Dirk Nowitzki,25000000,PF,2017,DAL
Damian Lillard,24328425,PG,2017,POR
Dwyane Wade,23200000,SG,2017,CHI
Dwight Howard,23180275,C,2017,ATL
Chris Paul,22868827,PG,2017,LAC
Bradley Beal,22116750,SG,2017,WAS
Harrison Barnes,22116750,PF,2017,DAL
Hassan Whiteside,22116750,C,2017,MIA
Anthony Davis,22116750,C,2017,NOP
Andre Drummond,22116750,C,2017,DET
Chandler Parsons,22116750,SF,2017,MEM
Derrick Rose,21323252,PG,2017,NYK
Marc Gasol,21165675,C,2017,MEM
DeAndre Jordan,21165675,C,2017,LAC
Brook Lopez,21165675,C,2017,BRK
Kevin Love,21165675,PF,2017,CLE
Nicolas Batum,20869566,SG,2017,CHO
LaMarcus Aldridge,20575005,PF,2017,SAS
Blake Griffin,20140839,PF,2017,LAC
Paul Millsap,20072033,PF,2017,ATL
Ryan Anderson,18735364,PF,2017,HOU
Allen Crabbe,18500000,SG,2017,POR
Paul George,18314532,SF,2017,IND
Luol Deng,18000000,SF,2017,LAL
Kyrie Irving,17638063,PG,2017,CLE
Kawhi Leonard,17638063,SF,2017,SAS
Jimmy Butler,17552209,SF,2017,CHI
Tobias Harris,17200000,PF,2017,DET
Greg Monroe,17145838,C,2017,MIL
Wesley Matthews,17145838,SG,2017,DAL
Bismack Biyombo,17000000,C,2017,ORL
Evan Fournier,17000000,SG,2017,ORL
Joakim Noah,17000000,C,2017,NYK
John Wall,16957900,PG,2017,WAS
DeMarcus Cousins,16957900,C,2017,NOP
Klay Thompson,16663575,SG,2017,GSW
Evan Turner,16393443,SF,2017,POR
Gordon Hayward,16073140,SF,2017,UTA
Timofey Mozgov,16000000,C,2017,LAL
Ian Mahinmi,15944154,C,2017,WAS
Goran Dragic,15891725,PG,2017,MIA
Kent Bazemore,15730338,SF,2017,ATL
Pau Gasol,15500000,C,2017,SAS
Draymond Green,15330435,PF,2017,GSW
Tristan Thompson,15330435,C,2017,CLE
Khris Middleton,15200000,SF,2017,MIL
Danilo Gallinari,15050000,SF,2017,DEN
Jeff Green,15000000,PF,2017,ORL
Reggie Jackson,14956522,PG,2017,DET
Tony Parker,14445313,PG,2017,SAS
Jonas Valanciunas,14382023,C,2017,TOR
DeMarre Carroll,14200000,SF,2017,TOR
Thaddeus Young,14153652,PF,2017,IND
Manu Ginobili,14000000,SG,2017,SAS
Eric Bledsoe,14000000,PG,2017,PHO
Rajon Rondo,14000000,PG,2017,CHI
Ricky Rubio,13550000,PG,2017,MIN
Rudy Gay,13333333,SF,2017,SAC
Jamal Crawford,13253012,SG,2017,LAC
Robin Lopez,13219250,C,2017,CHI
Michael Kidd-Gilchrist,13000000,SF,2017,CHO
Brandon Knight,12606250,SG,2017,PHO
John Henson,12517606,C,2017,MIL
Miles Plumlee,12500000,C,2017,CHO
Jordan Clarkson,12500000,SG,2017,LAL
Arron Afflalo,12500000,SG,2017,SAC
Tyson Chandler,12415000,C,2017,PHO
Eric Gordon,12385364,SG,2017,HOU
Serge Ibaka,12250000,PF,2017,TOR
Marvin Williams,12250000,PF,2017,CHO
Stephen Curry,12112359,PG,2017,GSW
Kenneth Faried,12078652,PF,2017,DEN
Kyle Lowry,12000000,PG,2017,TOR
Amir Johnson,12000000,PF,2017,BOS
Marcin Gortat,12000000,C,2017,WAS
Kemba Walker,12000000,PG,2017,CHO
Nikola Vucevic,11750000,C,2017,ORL
Jeremy Lin,11483254,PG,2017,BRK
Jrue Holiday,11286518,PG,2017,NOP
Courtney Lee,11242000,SG,2017,NYK
Solomon Hill,11241218,SF,2017,NOP
Wilson Chandler,11233146,SF,2017,DEN
Andre Iguodala,11131368,SF,2017,GSW
Derrick Favors,11050000,PF,2017,UTA
Austin Rivers,11000000,SG,2017,LAC
Joe Johnson,11000000,SF,2017,UTA
Jon Leuer,10991957,PF,2017,DET
Monta Ellis,10763500,SG,2017,IND
Mirza Teletovic,10500000,PF,2017,MIL
Jared Dudley,10470000,PF,2017,PHO
Zach Randolph,10361445,PF,2017,MEM
Al Jefferson,10314532,C,2017,IND
Tyreke Evans,10203755,SF,2017,SAC
Alec Burks,10154495,SG,2017,UTA
Terrence Ross,10000000,SF,2017,ORL
Danny Green,10000000,SG,2017,SAS
Iman Shumpert,9662922,SG,2017,CLE
Matthew Dellavedova,9607500,PG,2017,MIL
Jerryd Bayless,9424084,PG,2017,PHI
Trevor Booker,9250000,PF,2017,BRK
Meyers Leonard,9213483,PF,2017,POR
Gerald Henderson,9000000,SG,2017,PHI
Maurice Harkless,8988765,SF,2017,POR
Taj Gibson,8950000,PF,2017,OKC
Jeff Teague,8800000,PG,2017,IND
Tiago Splitter,8550000,C,2017,PHI
Ersan Ilyasova,8400000,PF,2017,ATL
Dwight Powell,8375000,C,2017,DAL
Avery Bradley,8269663,SG,2017,BOS
E'Twaun Moore,8081363,SG,2017,NOP
Darrell Arthur,8070175,PF,2017,DEN
Kosta Koufos,8046500,C,2017,SAC
Anthony Tolliver,8000000,PF,2017,SAC
Sergio Rodriguez,8000000,PG,2017,PHI
Garrett Temple,8000000,SG,2017,SAC
George Hill,8000000,PG,2017,UTA
Tyler Zeller,8000000,C,2017,BOS
Channing Frye,7806971,C,2017,CLE
Al-Farouq Aminu,7680965,PF,2017,POR
Cole Aldrich,7643979,C,2017,MIN
Corey Brewer,7612172,SF,2017,LAL
Markieff Morris,7400000,PF,2017,WAS
Cory Joseph,7315000,PG,2017,TOR
Boris Diaw,7000000,PF,2017,UTA
Lou Williams,7000000,SG,2017,HOU
Rodney Stuckey,7000000,PG,2017,IND
Boban Marjanovic,7000000,C,2017,DET
Ed Davis,6666667,PF,2017,POR
Isaiah Thomas,6587132,PG,2017,BOS
Victor Oladipo,6552961,SG,2017,OKC
Jodie Meeks,6540000,SG,2017,ORL
Jeremy Lamb,6511628,SG,2017,CHO
Aron Baynes,6500000,C,2017,DET
Spencer Hawes,6348759,PF,2017,MIL
Marco Belinelli,6333333,SG,2017,CHO
Jae Crowder,6286408,SF,2017,BOS
Lance Thomas,6191000,PF,2017,NYK
Tarik Black,6191000,C,2017,LAL
Andrew Nicholson,6088993,PF,2017,BRK
Patrick Patterson,6050000,PF,2017,TOR
Andrew Wiggins,6006600,SF,2017,MIN
Ish Smith,6000000,PG,2017,DET
Ramon Sessions,6000000,PG,2017,CHO
Wayne Ellington,6000000,SG,2017,MIA
Patrick Beverley,6000000,SG,2017,HOU
Alex Abrines,5994764,SG,2017,OKC
Karl-Anthony Towns,5960160,C,2017,MIN
Otto Porter Jr.,5893981,SF,2017,WAS
Nikola Mirotic,5782450,PF,2017,CHI
Shaun Livingston,5782450,PG,2017,GSW
Josh McRoberts,5782450,PF,2017,MIA
Brandan Wright,5709880,PF,2017,MEM
Wesley Johnson,5628000,SF,2017,LAC
Jared Sullinger,5628000,PF,2017,TOR
Tyler Johnson,5628000,PG,2017,MIA
Tony Allen,5505618,SG,2017,MEM
Luis Scola,5500000,PF,2017,BRK
Nick Young,5443918,SG,2017,LAL
Jabari Parker,5374320,PF,2017,MIL
D'Angelo Russell,5332800,PG,2017,LAL
Cody Zeller,5318313,C,2017,CHO
P.J. Tucker,5300000,SF,2017,TOR
Brandon Ingram,5281680,SF,2017,LAL
Kyle Korver,5239437,SG,2017,CLE
Darren Collison,5229454,PG,2017,SAC
Langston Galloway,5200000,PG,2017,SAC
C.J. Watson,5000000,PG,2017,ORL
Brandon Jennings,5000000,PG,2017,WAS
Jonas Jerebko,5000000,PF,2017,BOS
Roy Hibbert,5000000,C,2017,DEN
Jason Smith,5000000,C,2017,WAS
Kyle Singler,4837500,SF,2017,OKC
Mike Dunleavy,4837500,SF,2017,ATL
Joel Embiid,4826160,C,2017,PHI
Alex Len,4823621,C,2017,PHO
Jahlil Okafor,4788840,C,2017,PHI
Jaylen Brown,4743000,SF,2017,BOS
Alexis Ajinca,4638203,C,2017,NOP
C.J. Miles,4583450,SF,2017,IND
Jameer Nelson,4540525,PG,2017,DEN
Nerlens Noel,4384490,C,2017,DAL
Aaron Gordon,4351320,SF,2017,ORL
Greivis Vasquez,4347826,PG,2017,BRK
Kristaps Porzingis,4317720,PF,2017,NYK
Dragan Bender,4276320,PF,2017,PHO
Vince Carter,4264057,SF,2017,MEM
Devin Harris,4227996,PG,2017,DAL
J.J. Barea,4096950,PG,2017,DAL
Ben McLemore,4008882,SG,2017,SAC
Lavoy Allen,4000000,PF,2017,IND
Kris Humphries,4000000,PF,2017,ATL
James Johnson,4000000,PF,2017,MIA
Jordan Hill,4000000,C,2017,MIN
Udonis Haslem,4000000,C,2017,MIA
Lance Stephenson,4000000,SG,2017,IND
Dante Exum,3940320,PG,2017,UTA
Kyle O'Quinn,3918750,C,2017,NYK
Mario Hezonja,3909840,SF,2017,ORL
Kris Dunn,3872520,PG,2017,MIN
Thabo Sefolosha,3850000,SF,2017,ATL
Nemanja Bjelica,3800000,PF,2017,MIN
Nick Collison,3750000,PF,2017,OKC
Bojan Bogdanovic,3730653,SF,2017,WAS
Kentavious Caldwell-Pope,3678319,SG,2017,DET
Patty Mills,3578948,PG,2017,SAS
Marcus Smart,3578880,SG,2017,BOS
Willie Cauley-Stein,3551160,C,2017,SAC
Will Barton,3533333,SG,2017,DEN
Paul Pierce,3527920,SF,2017,LAC
Buddy Hield,3517200,SG,2017,SAC
Brandon Rush,3500000,SG,2017,MIN
Mike Miller,3500000,SF,2017,DEN
Anthony Morrow,3488000,SG,2017,CHI
Trey Burke,3386598,PG,2017,WAS
Mike Scott,3333334,PF,2017,ATL
Troy Daniels,3332940,SG,2017,MEM
Julius Randle,3267120,PF,2017,LAL
Emmanuel Mudiay,3241800,PG,2017,DEN
CJ McCollum,3219579,SG,2017,POR
Jamal Murray,3210840,SG,2017,DEN
Michael Carter-Williams,3183526,PG,2017,CHI
Steven Adams,3140517,C,2017,OKC
Kelly Olynyk,3094014,C,2017,BOS
Shabazz Muhammad,3046299,SF,2017,MIN
Justin Hamilton,3000000,C,2017,BRK
Giannis Antetokounmpo,2995421,SF,2017,MIL
Nik Stauskas,2993040,SG,2017,PHI
Dante Cunningham,2978250,PF,2017,NOP
Stanley Johnson,2969880,SF,2017,DET
Marquese Chriss,2941440,PF,2017,PHO
James Ennis III,2898000,SF,2017,MEM
Mindaugas Kuzminskas,2898000,SF,2017,NYK
Dion Waiters,2898000,SG,2017,MIA
Zaza Pachulia,2898000,C,2017,GSW
Seth Curry,2898000,PG,2017,DAL
Dewayne Dedmon,2898000,C,2017,SAS
Tomas Satoransky,2870813,SG,2017,WAS
Noah Vonleh,2751360,PF,2017,POR
Frank Kaminsky,2730000,C,2017,CHO
Dennis Schroder,2708582,PG,2017,ATL
Jakob Poeltl,2703960,C,2017,TOR
Aaron Brooks,2700000,PG,2017,IND
Elfrid Payton,2613600,PG,2017,ORL
Justise Winslow,2593440,SF,2017,MIA
Thon Maker,2568600,C,2017,MIL
Randy Foye,2500000,SG,2017,BRK
Richard Jefferson,2500000,SF,2017,CLE
Malcolm Delaney,2500000,PG,2017,ATL
Doug McDermott,2483040,SF,2017,OKC
Myles Turner,2463840,C,2017,IND
Domantas Sabonis,2440200,PF,2017,OKC
Shelvin Mack,2433334,PG,2017,UTA
Tony Snell,2368327,SG,2017,MIL
Gorgui Dieng,2348783,PF,2017,MIN
Trey Lyles,2340600,PF,2017,UTA
Mason Plumlee,2328530,C,2017,DEN
Dario Saric,2318280,PF,2017,PHI
Taurean Prince,2318280,SF,2017,ATL
Tim Hardaway Jr.,2281605,SG,2017,ATL
Reggie Bullock,2255644,SF,2017,DET
Zach LaVine,2240880,SG,2017,MIN
Devin Booker,2223600,SG,2017,PHO
Luc Mbah a Moute,2203000,SF,2017,LAC
Georgios Papagiannis,2202240,C,2017,SAC
Andre Roberson,2183072,SF,2017,OKC
Joe Ingles,2150000,SF,2017,UTA
T.J. Warren,2128920,SF,2017,PHO
Rudy Gobert,2121288,C,2017,UTA
Cameron Payne,2112480,PG,2017,CHI
Denzel Valentine,2092200,SG,2017,CHI
Tim Frazier,2090000,PG,2017,NOP
Adreian Payne,2022240,PF,2017,MIN
Kelly Oubre Jr.,2006640,SF,2017,WAS
Lucas Nogueira,1921320,C,2017,TOR
Jusuf Nurkic,1921320,C,2017,POR
Terry Rozier,1906440,PG,2017,BOS
James Young,1825200,SG,2017,BOS
Rashad Vaughn,1811040,SG,2017,MIL
Kevin Seraphin,1800000,PF,2017,IND
Quincy Acy,1790092,PF,2017,BRK
Tyler Ennis,1733880,PG,2017,LAL
Sam Dekker,1720560,PF,2017,HOU
Joffrey Lauvergne,1709719,PF,2017,CHI
Henry Ellenson,1704120,PF,2017,DET
Gary Harris,1655880,SG,2017,DEN
Jerian Grant,1643040,PG,2017,CHI
Malik Beasley,1627320,SG,2017,DEN
Bruno Caboclo,1589640,SF,2017,TOR
Delon Wright,1577280,PG,2017,TOR
Caris LeVert,1562280,SF,2017,BRK
David Lee,1551659,PF,2017,SAS
Justin Anderson,1514160,SF,2017,PHI
DeAndre' Bembry,1499760,SF,2017,ATL
Bobby Portis,1453680,PF,2017,CHI
Demetrius Jackson,1450000,PG,2017,BOS
Malachi Richardson,1439800,SG,2017,SAC
Rodney Hood,1406520,SG,2017,UTA
Marreese Speights,1403611,C,2017,LAC
Michael Beasley,1403611,PF,2017,MIL
JaVale McGee,1403611,C,2017,GSW
Rondae Hollis-Jefferson,1395600,SF,2017,BRK
Deyonta Davis,1369299,C,2017,MEM
Nikola Jokic,1358500,C,2017,DEN
Shabazz Napier,1350120,PG,2017,POR
Willy Hernangomez,1350000,C,2017,NYK
Tyus Jones,1339680,PG,2017,MIN
Timothe Luwawu-Cabarrot,1326960,SF,2017,PHI
Clint Capela,1296240,C,2017,HOU
Jarell Martin,1286160,PF,2017,MEM
Brice Johnson,1273920,PF,2017,LAC
Jordan Mickey,1223653,PF,2017,BOS
Larry Nance Jr.,1207680,PF,2017,LAL
Pascal Siakam,1196040,PF,2017,TOR
Kyle Anderson,1192080,SF,2017,SAS
Josh Huestis,1191480,PF,2017,OKC
Chris McCullough,1191480,PF,2017,WAS
Skal Labissiere,1188840,PF,2017,SAC
Kevon Looney,1182840,C,2017,GSW
Dejounte Murray,1180080,PG,2017,SAS
Damian Jones,1171560,C,2017,GSW
Isaiah Whitehead,1074145,PG,2017,BRK
Rakeem Christmas,1052342,PF,2017,IND
Joe Young,1052342,PG,2017,IND
John Jenkins,1050961,SG,2017,PHO
Glenn Robinson III,1050500,SF,2017,IND
Montrezl Harrell,1045000,C,2017,HOU
Ivica Zubac,1034956,C,2017,LAL
Richaun Holmes,1025831,C,2017,PHI
Mike Muscala,1015696,C,2017,ATL
Isaiah Canaan,1015696,SG,2017,CHI
DeAndre Liggins,1015696,SG,2017,DAL
Justin Holiday,1015696,SG,2017,NYK
Anthony Bennett,1015696,PF,2017,BRK
Robert Covington,1015696,SF,2017,PHI
Jeff Withey,1015696,C,2017,UTA
Willie Reed,1015696,C,2017,MIA
Edy Tavares,1000000,C,2017,CLE
Brian Roberts,980431,PG,2017,CHO
Jarnell Stokes,980431,C,2017,DEN
Ty Lawson,980431,PG,2017,SAC
Raymond Felton,980431,PG,2017,LAC
Jordan Farmar,980431,PG,2017,SAC
James Michael McAdoo,980431,PF,2017,GSW
Damjan Rudez,980431,SF,2017,ORL
Arinze Onuaku,980431,C,2017,ORL
Sasha Vujacic,980431,SG,2017,NYK
Joe Harris,980431,SG,2017,BRK
Marcus Thornton,980431,SG,2017,WAS
John Lucas III,980431,PG,2017,MIN
Steve Novak,980431,PF,2017,MIL
Jason Terry,980431,SG,2017,MIL
Metta World Peace,980431,SF,2017,LAL
JaMychal Green,980431,PF,2017,MEM
Alan Anderson,980431,SF,2017,LAC
Brandon Bass,980431,PF,2017,LAC
Terrence Jones,980431,PF,2017,MIL
Anderson Varejao,980431,C,2017,GSW
David West,980431,C,2017,GSW
Beno Udrih,980431,PG,2017,DET
Jerami Grant,980431,PF,2017,OKC
Gerald Green,980431,SF,2017,BOS
James Jones,980431,SF,2017,CLE
Chris Andersen,980431,C,2017,CLE
Sean Kilpatrick,980431,SG,2017,BRK
Ian Clark,980431,SG,2017,GSW
Thomas Robinson,980431,PF,2017,LAL
Stephen Zimmerman,950000,C,2017,ORL
Andrew Harrison,945000,PG,2017,MEM
Raul Neto,937800,PG,2017,UTA
Malcolm Brogdon,925000,SG,2017,MIL
Tyler Ulis,918369,PG,2017,PHO
Reggie Williams,895197,SF,2017,NOP
Norman Powell,874636,SG,2017,TOR
Jonathon Simmons,874636,SG,2017,SAS
Darrun Hilliard,874636,SG,2017,DET
Josh Richardson,874636,SG,2017,MIA
Alan Williams,874636,C,2017,PHO
Pat Connaughton,874636,SG,2017,POR
T.J. McConnell,874636,PG,2017,PHI
Christian Wood,874636,PF,2017,CHO
Jordan McRae,874636,SG,2017,CLE
Aaron Harrison,874636,SG,2017,CHO
Salah Mejri,874636,C,2017,DAL
Cristiano Felicio,874636,C,2017,CHI
Paul Zipser,750000,SF,2017,CHI
Spencer Dinwiddie,726672,PG,2017,BRK
Bobby Brown,680534,PG,2017,HOU
Georges Niang,650000,PF,2017,IND
Michael Gbinije,650000,SG,2017,DET
Jake Layman,600000,SF,2017,POR
Joel Bolomboy,600000,PF,2017,UTA
Donatas Motiejunas,576724,PF,2017,NOP
Patrick McCaw,543471,SG,2017,GSW
Kay Felder,543471,PG,2017,CLE
Fred VanVleet,543471,PG,2017,TOR
Kyle Wiltjer,543471,PF,2017,HOU
Daniel Ochefu,543471,C,2017,WAS
Davis Bertans,543471,PF,2017,SAS
Semaj Christon,543471,PG,2017,OKC
Bryn Forbes,543471,SG,2017,SAS
Nicolas Laprovittola,543471,PG,2017,SAS
Chinanu Onuaku,543471,C,2017,HOU
Cheick Diallo,543471,PF,2017,NOP
Maurice Ndour,543471,PF,2017,NYK
Marshall Plumlee,543471,C,2017,NYK
Derrick Jones Jr.,543471,SF,2017,PHO
Rodney McGruder,543471,SG,2017,MIA
Tim Quarterman,543471,SG,2017,POR
Danuel House Jr.,543471,SG,2017,WAS
Ben Bentil,543471,PF,2017,DAL
Dorian Finney-Smith,543471,PF,2017,DAL
Sheldon Mac,543471,SG,2017,WAS
Diamond Stone,543471,C,2017,LAC
Nicolas Brussino,543471,SG,2017,DAL
Treveon Graham,543471,SG,2017,CHO
Jonathan Gibson,469943,PG,2017,DAL
Toney Douglas,379159,PG,2017,MEM
Joel Anthony,346034,C,2017,SAS
Ryan Kelly,286785,PF,2017,ATL
Ronnie Price,276828,PG,2017,PHO
Deron Williams,259526,PG,2017,CLE
Isaiah Taylor,255000,PG,2017,HOU
Norris Cole,247991,PG,2017,OKC
Jose Calderon,247991,PG,2017,ATL
Lamar Patterson,246956,SG,2017,ATL
Andrew Bogut,242224,C,2017,CLE
Matt Barnes,242224,SF,2017,GSW
Okaro White,210995,PF,2017,MIA
Yogi Ferrell,207798,PG,2017,DAL
Larry Sanders,207722,C,2017,CLE
Jordan Crawford,173099,SG,2017,NOP
Chasson Randle,143860,PG,2017,NYK
Omri Casspi,138414,PF,2017,MIN
Briante Weber,128623,PG,2017,CHO
Hollis Thompson,115344,SG,2017,NOP
Derrick Williams,115344,PF,2017,CLE
Manny Harris,115344,SG,2017,DAL
Shawn Long,89513,C,2017,PHI
Wayne Selden,83119,SG,2017,MEM
Troy Williams,76725,SF,2017,HOU
Archie Goodwin,75000,SG,2017,BRK
David Nwaba,73528,SG,2017,LAL
Mike Tobey,67135,C,2017,CHO
Anthony Brown,57672,SF,2017,ORL
Justin Harper,57672,PF,2017,PHI
Alonzo Gee,57672,SF,2017,DEN
Jarell Eddie,57672,SF,2017,PHO
Jarrett Jack,57672,PG,2017,NOP
Jarrod Uthoff,47953,PF,2017,DAL
Alex Poythress,35166,PF,2017,PHI
Gary Payton II,35116,PG,2017,MIL
Patricio Garino,31969,SG,2017,ORL
Pierre Jackson,31969,PG,2017,DAL
Marcus Georges-Hunt,31969,SG,2017,ORL
Elijah Millsap,23069,SG,2017,PHO
Quinn Cook,15984,PG,2017,NOP
Axel Toupane,15435,SF,2017,NOP
Dahntay Jones,5767,SF,2017,CLE
Stephen Curry,37457154,PG,2018,GSW
Blake Griffin,32088932,PF,2018,DET
Paul Millsap,31269231,PF,2018,DEN
Kyle Lowry,31200000,PG,2018,TOR
Gordon Hayward,29727900,SF,2018,BOS
Mike Conley,28530608,PG,2018,MEM
Russell Westbrook,28530608,PG,2018,OKC
James Harden,28299399,SG,2018,HOU
DeMar DeRozan,27739975,SG,2018,TOR
Al Horford,27734406,C,2018,BOS
Carmelo Anthony,26243760,PF,2018,OKC
Damian Lillard,26153057,PG,2018,POR
Otto Porter Jr.,26011913,SF,2018,WAS
Jrue Holiday,25686667,SG,2018,NOP
Bradley Beal,25434263,SG,2018,WAS
Andre Drummond,25434263,C,2018,DET
Hassan Whiteside,25434262,C,2018,MIA
Joel Embiid,25250000,C,2018,PHI
Chris Paul,24599495,PG,2018,HOU
Giannis Antetokounmpo,24157303,PF,2018,MIL
Kevin Love,24119025,C,2018,CLE
Nicolas Batum,24000000,SG,2018,CHO
CJ McCollum,23962573,SG,2018,POR
Dwight Howard,23819725,C,2018,CHO
Anthony Davis,23775506,PF,2018,NOP
Harrison Barnes,23112004,PF,2018,DAL
Chandler Parsons,23112004,SF,2018,MEM
Brook Lopez,22642650,C,2018,LAL
Marc Gasol,22642350,C,2018,MEM
DeAndre Jordan,22642350,C,2018,LAC
Steven Adams,22471910,C,2018,OKC
Rudy Gobert,21924719,C,2018,UTA
Serge Ibaka,21666667,PF,2018,TOR
LaMarcus Aldridge,21461010,C,2018,SAS
Victor Oladipo,21000000,SG,2018,IND
Danilo Gallinari,20559599,SF,2018,LAC
Ryan Anderson,19578455,PF,2018,HOU
Paul George,19508958,SF,2018,OKC
Jimmy Butler,19301070,SG,2018,MIN
Tyler Johnson,19245370,PG,2018,MIA
John Wall,19169800,PG,2018,WAS
George Hill,19000000,PG,2018,CLE
Jeff Teague,19000000,PG,2018,MIN
Kyrie Irving,18868626,PG,2018,BOS
Kawhi Leonard,18868626,SF,2018,SAS
Joakim Noah,18530000,C,2018,NYK
Allen Crabbe,18500000,SG,2018,BRK
Goran Dragic,18109175,PG,2018,MIA
Kent Bazemore,18089887,SG,2018,ATL
DeMarcus Cousins,18063850,C,2018,NOP
Wesley Matthews,17884176,SF,2018,DAL
Klay Thompson,17826150,SG,2018,GSW
Kentavious Caldwell-Pope,17745894,SG,2018,LAL
Draymond Green,17469565,PF,2018,GSW
Tristan Thompson,17469565,C,2018,CLE
Tim Hardaway Jr.,17325000,SG,2018,NYK
Luol Deng,17190000,SF,2018,LAL
Evan Turner,17131148,SF,2018,POR
Reggie Jackson,17043478,PG,2018,DET
Bismack Biyombo,17000000,C,2018,ORL
Evan Fournier,17000000,SF,2018,ORL
Jonas Valanciunas,16539326,C,2018,TOR
Pau Gasol,16000000,C,2018,SAS
Tobias Harris,16000000,PF,2018,LAC
Timofey Mozgov,16000000,C,2018,BRK
Ian Mahinmi,15944154,C,2018,WAS
Dennis Schroder,15500000,PG,2018,ATL
Tony Parker,15453126,PG,2018,SAS
DeMarre Carroll,15400000,PF,2018,BRK
Eric Bledsoe,15000000,PG,2018,MIL
Andre Iguodala,14814815,SF,2018,GSW
James Johnson,14651700,PF,2018,MIA
Robin Lopez,14357750,C,2018,CHI
Ricky Rubio,14275000,PG,2018,UTA
Joe Ingles,14136364,SF,2018,UTA
Gorgui Dieng,14112360,C,2018,MIN
Marvin Williams,14087500,PF,2018,CHO
Mason Plumlee,14041096,C,2018,DEN
Taj Gibson,14000000,PF,2018,MIN
Thaddeus Young,13964045,PF,2018,IND
Cody Zeller,13528090,C,2018,CHO
Tyson Chandler,13000000,C,2018,PHO
Michael Kidd-Gilchrist,13000000,SF,2018,CHO
Eric Gordon,12943020,SG,2018,HOU
Kenneth Faried,12921348,PF,2018,DEN
Marcin Gortat,12782609,C,2018,WAS
Nikola Vucevic,12750000,C,2018,ORL
Austin Rivers,12650000,SG,2018,LAC
Kelly Olynyk,12537527,PF,2018,MIA
Jeremy Lin,12516746,PG,2018,BRK
Miles Plumlee,12500000,C,2018,ATL
Jordan Clarkson,12500000,SG,2018,CLE
Nikola Mirotic,12500000,PF,2018,NOP
Zach Randolph,12307692,PF,2018,SAC
Courtney Lee,12253780,SG,2018,NYK
Solomon Hill,12236535,SF,2018,NOP
Wilson Chandler,12016854,SF,2018,DEN
Derrick Favors,12000000,C,2018,UTA
Kemba Walker,12000000,PG,2018,CHO
Dion Waiters,11550000,SG,2018,MIA
John Henson,11327466,C,2018,MIL
Alec Burks,10845506,SG,2018,UTA
Patty Mills,10714286,PG,2018,SAS
Tony Snell,10607143,SG,2018,MIL
Bojan Bogdanovic,10500000,SF,2018,IND
Terrence Ross,10500000,SG,2018,ORL
Mirza Teletovic,10500000,PF,2018,MIL
Robert Covington,10464092,SF,2018,PHI
Iman Shumpert,10337079,SG,2018,CLE
Maurice Harkless,10162922,SF,2018,POR
Jon Leuer,10002681,PF,2018,DET
Danny Green,10000000,SG,2018,SAS
Jared Dudley,10000000,PF,2018,PHO
Darren Collison,10000000,PG,2018,IND
Al Jefferson,10000000,C,2018,IND
Meyers Leonard,9904495,C,2018,POR
Matthew Dellavedova,9607500,PG,2018,MIL
Bogdan Bogdanovic,9412280,SG,2018,SAC
Norman Powell,9367200,SG,2018,TOR
Josh Richardson,9367200,SF,2018,MIA
Andre Roberson,9259260,SG,2018,OKC
Dwight Powell,9003125,C,2018,DAL
Avery Bradley,8808989,SG,2018,LAC
Markieff Morris,8600000,PF,2018,WAS
Jerryd Bayless,8575916,SG,2018,PHI
JaMychal Green,8533333,PF,2018,MEM
Cristiano Felicio,8470980,C,2018,CHI
E'Twaun Moore,8445024,SG,2018,NOP
Rudy Gay,8406000,PF,2018,SAS
Kosta Koufos,8393000,C,2018,SAC
Markelle Fultz,8339880,SG,2018,PHI
Garrett Temple,8000000,SG,2018,SAC
Vince Carter,8000000,SF,2018,SAC
Cory Joseph,7945000,PG,2018,IND
C.J. Miles,7936509,SF,2018,TOR
Shaun Livingston,7692308,PG,2018,GSW
P.J. Tucker,7590035,PF,2018,HOU
Corey Brewer,7579366,SF,2018,OKC
Andrew Wiggins,7574323,SF,2018,MIN
Kyle Korver,7560000,SG,2018,CLE
Jeremy Lamb,7488372,SG,2018,CHO
Darrell Arthur,7464912,PF,2018,DEN
Trevor Ariza,7420912,SF,2018,HOU
Channing Frye,7420912,C,2018,LAL
Al-Farouq Aminu,7319035,PF,2018,POR
Cole Aldrich,7300000,C,2018,MIN
Dewayne Dedmon,7200000,C,2018,ATL
Lance Thomas,7119650,PF,2018,NYK
D'Angelo Russell,7019698,PG,2018,BRK
Lou Williams,7000000,SG,2018,LAC
Langston Galloway,7000000,SG,2018,DET
Boban Marjanovic,7000000,C,2018,LAC
Jae Crowder,6796117,SF,2018,UTA
Ben Simmons,6434520,PG,2018,PHI
Ed Davis,6352531,C,2018,POR
Lonzo Ball,6286560,PG,2018,LAL
Isaiah Thomas,6261395,PG,2018,LAL
Karl-Anthony Towns,6216840,C,2018,MIN
Josh McRoberts,6021175,PF,2018,DAL
Shelvin Mack,6000000,PG,2018,ORL
Jonathon Simmons,6000000,SG,2018,ORL
Ish Smith,6000000,PG,2018,DET
Alan Williams,6000000,PF,2018,PHO
Milos Teodosic,6000000,PG,2018,LAC
Wesley Johnson,5882260,SF,2018,LAC
Alex Abrines,5725000,SG,2018,OKC
Kristaps Porzingis,5697054,PF,2018,NYK
Jayson Tatum,5645400,SF,2018,BOS
Brandon Ingram,5519400,SF,2018,LAL
Patrick Beverley,5513514,SG,2018,LAC
Thabo Sefolosha,5500000,SF,2018,UTA
Jason Smith,5450000,C,2018,WAS
Ben McLemore,5200000,SG,2018,MEM
Patrick Patterson,5192000,PF,2018,OKC
Nick Young,5192000,SG,2018,GSW
Josh Jackson,5090040,SF,2018,PHO
Mike Muscala,5000000,C,2018,ATL
Dirk Nowitzki,5000000,C,2018,DAL
Dante Exum,4992385,PG,2018,UTA
Jonathan Isaac,4969080,PF,2018,ORL
Jaylen Brown,4956480,SG,2018,BOS
Kyle Singler,4666500,SF,2018,OKC
De'Aaron Fox,4609200,PG,2018,SAC
Ron Baker,4544000,SG,2018,NYK
Lauri Markkanen,4536120,PF,2018,CHI
Dragan Bender,4468800,PF,2018,PHO
Devin Harris,4402546,PG,2018,DEN
Justin Holiday,4384616,SG,2018,CHI
Jamal Crawford,4328000,SG,2018,MIN
Emmanuel Mudiay,4294480,PG,2018,NYK
Kris Dunn,4221000,PG,2018,CHI
Nerlens Noel,4187599,C,2018,DAL
Alex Len,4187599,C,2018,PHO
Frank Ntilikina,4155720,PG,2018,NYK
Julius Randle,4149242,C,2018,LAL
Jonas Jerebko,4000000,PF,2018,UTA
Nemanja Bjelica,3949999,PF,2018,MIN
Stanley Johnson,3940402,SF,2018,DET
Quincy Pondexter,3853931,SF,2018,CHI
Willie Cauley-Stein,3704160,C,2018,SAC
Buddy Hield,3675480,SG,2018,SAC
Frank Kaminsky,3627842,PF,2018,CHO
Will Barton,3533333,SG,2018,DEN
Zaza Pachulia,3477600,C,2018,GSW
Jodie Meeks,3454500,SG,2018,WAS
Justise Winslow,3448926,PF,2018,MIA
Malik Monk,3447480,SG,2018,CHO
Myles Turner,3410284,C,2018,IND
Troy Daniels,3408520,SG,2018,PHO
Jamal Murray,3355320,PG,2018,DEN
Elfrid Payton,3332340,PG,2018,PHO
Rajon Rondo,3300000,PG,2018,NOP
Doug McDermott,3294994,SF,2018,DAL
Anthony Tolliver,3290000,PF,2018,DET
Tyreke Evans,3290000,PG,2018,MEM
Tarik Black,3290000,C,2018,HOU
Luke Kennard,3275280,SG,2018,DET
Cameron Payne,3263294,PG,2018,CHI
Dennis Smith Jr.,3218280,PG,2018,DAL
Kelly Oubre Jr.,3208630,SF,2018,WAS
Ekpe Udoh,3200000,C,2018,UTA
T.J. Warren,3152931,SF,2018,PHO
Marquese Chriss,3073800,PF,2018,PHO
Zach Collins,3057240,C,2018,POR
Mindaugas Kuzminskas,3025035,SF,2018,NYK
Tomas Satoransky,3000000,SG,2018,WAS
Bam Adebayo,2955840,C,2018,MIA
Jakob Poeltl,2947320,C,2018,TOR
Jusuf Nurkic,2947305,C,2018,POR
Thon Maker,2799720,C,2018,MIL
Cedi Osman,2775000,SF,2018,CLE
Domantas Sabonis,2659800,C,2018,IND
Jerian Grant,2639314,PG,2018,CHI
Donovan Mitchell,2621280,SG,2018,UTA
Gary Harris,2550055,SG,2018,DEN
Delon Wright,2536898,PG,2018,TOR
D.J. Wilson,2534280,PF,2018,MIL
Dario Saric,2526840,PF,2018,PHI
Taurean Prince,2526840,SF,2018,ATL
Justin Anderson,2516048,SF,2018,PHI
Manu Ginobili,2500000,SG,2018,SAS
Reggie Bullock,2500000,SF,2018,DET
Bobby Portis,2494346,PF,2018,CHI
Rondae Hollis-Jefferson,2470357,SF,2018,BRK
Bruno Caboclo,2451225,SF,2018,SAC
Kendrick Perkins,2445085,C,2018,CLE
Trey Lyles,2441400,PF,2018,DEN
T.J. Leaf,2407560,PF,2018,IND
Justin Jackson,2365560,SF,2018,SAC
Shabazz Napier,2361360,PG,2018,POR
Clint Capela,2334528,C,2018,HOU
Devin Booker,2319360,SG,2018,PHO
John Collins,2299080,PF,2018,ATL
Denzel Valentine,2280600,SG,2018,CHI
Larry Nance Jr.,2272391,C,2018,CLE
Justin Patton,2247480,C,2018,MIN
Guerschon Yabusele,2247480,PF,2018,BOS
Brandon Jennings,2222803,PG,2018,MIL
Kyle Anderson,2151704,SF,2018,SAS
Darius Miller,2100000,SF,2018,NOP
Sean Kilpatrick,2054856,SG,2018,CHI
OG Anunoby,2034120,SF,2018,TOR
Jarrett Allen,2034120,C,2018,BRK
Terry Rozier,1988520,PG,2018,BOS
Ante Zizic,1952760,C,2018,CLE
Tyler Zeller,1933941,C,2018,MIL
Rashad Vaughn,1889040,SG,2018,ORL
Henry Ellenson,1857480,PF,2018,DET
Eric Moreland,1826300,PF,2018,DET
Sam Dekker,1794600,PF,2018,LAC
Terrance Ferguson,1785000,SG,2018,OKC
Furkan Korkmaz,1740000,SG,2018,PHI
Caris LeVert,1702800,SF,2018,BRK
Malik Beasley,1700640,SG,2018,DEN
Spencer Dinwiddie,1656092,PG,2018,BRK
Julyan Stone,1656092,SG,2018,CHO
DeAndre' Bembry,1634640,SF,2018,ATL
Richaun Holmes,1600520,C,2018,PHI
T.J. McConnell,1600520,PG,2018,PHI
Dwight Buycks,1600520,PG,2018,DET
Tyler Lydon,1579440,PF,2018,DEN
Jeff Withey,1577230,C,2018,DAL
Malachi Richardson,1569360,SG,2018,TOR
Willy Hernangomez,1544951,C,2018,CHO
Pascal Siakam,1544951,PF,2018,TOR
Isaiah Taylor,1544951,PG,2018,ATL
Okaro White,1544951,PF,2018,MIA
Troy Williams,1544951,SF,2018,NYK
Quinn Cook,1544951,PG,2018,GSW
Rodney McGruder,1544951,SG,2018,MIA
Malcolm Brogdon,1544951,PG,2018,MIL
Trey Burke,1544951,PG,2018,NYK
Joffrey Lauvergne,1524305,C,2018,SAS
Tyler Ennis,1524305,PG,2018,LAL
Jerami Grant,1524305,PF,2018,OKC
Tyus Jones,1471382,PG,2018,MIN
Omri Casspi,1471382,SF,2018,GSW
Mario Chalmers,1471382,PG,2018,MEM
Raymond Felton,1471382,PG,2018,OKC
Nick Collison,1471382,PF,2018,OKC
Josh Huestis,1471382,PF,2018,OKC
Raul Neto,1471382,PG,2018,UTA
Aaron Brooks,1471382,PG,2018,MIN
Pat Connaughton,1471382,SG,2018,POR
JaVale McGee,1471382,C,2018,GSW
Montrezl Harrell,1471382,C,2018,LAC
Damien Wilkins,1471382,SF,2018,IND
Luc Mbah a Moute,1471382,PF,2018,HOU
Kevon Looney,1471382,C,2018,GSW
Andrew Bogut,1471382,C,2018,LAL
David West,1471382,C,2018,GSW
Chris McCullough,1471382,PF,2018,WAS
Nikola Jokic,1471382,C,2018,DEN
Salah Mejri,1471382,C,2018,DAL
Jarell Martin,1471382,PF,2018,MEM
Willie Reed,1471382,C,2018,DET
Tony Allen,1471382,SF,2018,NOP
Ian Clark,1471382,SG,2018,NOP
Jeremy Evans,1471382,SF,2018,ATL
Caleb Swanigan,1465920,PF,2018,POR
Richard Jefferson,1454756,SF,2018,DEN
Kyle Kuzma,1423560,PF,2018,LAL
Tony Bradley,1414920,C,2018,UTA
Derrick White,1404600,PG,2018,SAS
Josh Hart,1394520,SG,2018,LAL
Timothe Luwawu-Cabarrot,1386600,SF,2018,PHI
Josh Smith,1379940,PF,2018,NOP
Tyler Dorsey,1378242,SG,2018,ATL
Wes Iwundu,1378242,SF,2018,ORL
Khem Birch,1378242,C,2018,ORL
Damyean Dotson,1378242,SG,2018,NYK
Jaylen Morris,1378242,SG,2018,ATL
Sterling Brown,1378242,SG,2018,MIL
Rodney Purvis,1378242,SG,2018,ORL
Ike Anigbogu,1378242,C,2018,IND
Antonius Cleveland,1378242,SG,2018,ATL
Jordan Bell,1378242,C,2018,GSW
Alfonzo McKinnie,1378242,SF,2018,TOR
Alex Poythress,1378242,PF,2018,IND
Brice Johnson,1331160,PF,2018,MEM
Patrick McCaw,1312611,SG,2018,GSW
Davis Bertans,1312611,PF,2018,SAS
Dejounte Murray,1312611,PG,2018,SAS
Bryn Forbes,1312611,SG,2018,SAS
Tyler Ulis,1312611,PG,2018,PHO
Yogi Ferrell,1312611,SG,2018,DAL
Chinanu Onuaku,1312611,C,2018,HOU
Cheick Diallo,1312611,PF,2018,NOP
Jake Layman,1312611,SF,2018,POR
Ivica Zubac,1312611,C,2018,LAL
Deyonta Davis,1312611,C,2018,MEM
Andrew Harrison,1312611,PG,2018,MEM
Isaiah Whitehead,1312611,PG,2018,BRK
Dorian Finney-Smith,1312611,PF,2018,DAL
Paul Zipser,1312611,SF,2018,CHI
Wayne Selden,1312611,SG,2018,MEM
Marcus Georges-Hunt,1312611,SG,2018,MIN
Skal Labissiere,1312611,PF,2018,SAC
Nicolas Brussino,1312611,SF,2018,ATL
Damian Jones,1312611,C,2018,GSW
Khris Middleton,1300000,SF,2018,MIL
Semi Ojeleye,1291892,PF,2018,BOS
Frank Mason III,1184385,PG,2018,SAC
Abdel Nader,1167333,SF,2018,BOS
Isaiah Canaan,997547,PG,2018,PHO
Ivan Rabb,950000,PF,2018,MEM
Gerald Green,872854,SG,2018,HOU
Dillon Brooks,815615,SF,2018,MEM
Dakari Johnson,815615,C,2018,OKC
Xavier Rathan-Mayes,815615,SG,2018,MEM
Thomas Bryant,815615,C,2018,LAL
Erik McCree,815615,SF,2018,UTA
Royce O'Neale,815615,SF,2018,UTA
Brandon Paul,815615,SG,2018,SAS
Jawun Evans,815615,PG,2018,LAC
Davon Reed,815615,SG,2018,PHO
Naz Mitrou-Long,815615,SG,2018,UTA
Zhou Qi,815615,C,2018,HOU
Maxi Kleber,815615,PF,2018,DAL
Sindarius Thornwell,815615,SG,2018,LAC
Daniel Theis,815615,C,2018,BOS
Tyler Cavanaugh,679919,PF,2018,ATL
Emeka Okafor,592030,C,2018,NOP
DeAndre Liggins,588120,SG,2018,NOP
Jameel Warney,543471,PF,2018,DAL
Brandan Wright,490461,PF,2018,HOU
Joe Johnson,473835,SF,2018,HOU
C.J. Williams,375000,SG,2018,LAC
Derrick Rose,290951,PG,2018,MIN
Georgios Papagiannis,185397,C,2018,POR
Shaquille Harrison,175000,PG,2018,PHO
Travis Wear,148318,SF,2018,LAL
Tim Quarterman,96406,SG,2018,HOU
Aaron Harrison,91442,SG,2018,DAL
Marquis Teague,74186,PG,2018,MEM
MarShon Brooks,60283,SG,2018,MEM
Jordan Crawford,58190,SG,2018,NOP
Nigel Hayes,55296,SF,2018,SAC
David Stockton,44495,PG,2018,UTA
Jonathan Gibson,44495,PG,2018,BOS
Andre Ingram,13824,SG,2018,LAL
Aaron Jackson,4608,PG,2018,HOU
Stephen Curry,37457154,PG,2019,GSW
Chris Paul,35654150,PG,2019,HOU
LeBron James,35654150,SF,2019,LAL
Russell Westbrook,35654150,PG,2019,OKC
Blake Griffin,32088932,PF,2019,DET
Gordon Hayward,31214295,PF,2019,BOS
Kyle Lowry,31200000,PG,2019,TOR
Paul George,30560700,SF,2019,OKC
Mike Conley,30521115,PG,2019,MEM
James Harden,30421854,PG,2019,HOU
Kevin Durant,30000000,SF,2019,GSW
Paul Millsap,29230769,PF,2019,DEN
Al Horford,28928709,C,2019,BOS
Damian Lillard,27977689,PG,2019,POR
DeMar DeRozan,27739975,SG,2019,SAS
Otto Porter Jr.,26011913,SF,2019,CHI
Jrue Holiday,25976111,SG,2019,NOP
CJ McCollum,25759766,SG,2019,POR
Joel Embiid,25467250,C,2019,PHI
Andrew Wiggins,25467250,SF,2019,MIN
Bradley Beal,25434263,SG,2019,WAS
Anthony Davis,25434263,C,2019,NOP
Andre Drummond,25434263,C,2019,DET
Hassan Whiteside,25434262,C,2019,MIA
Nikola Jokic,24605181,C,2019,DEN
Steven Adams,24157303,C,2019,OKC
Giannis Antetokounmpo,24157303,PF,2019,MIL
Marc Gasol,24119025,C,2019,TOR
Kevin Love,24119025,PF,2019,CLE
Harrison Barnes,24107258,PF,2019,SAC
Chandler Parsons,24107258,SF,2019,MEM
Nicolas Batum,24000000,SF,2019,CHO
Rudy Gobert,23241573,C,2019,UTA
Kawhi Leonard,23114067,SF,2019,TOR
DeAndre Jordan,22897200,C,2019,NYK
LaMarcus Aldridge,22347015,C,2019,SAS
Serge Ibaka,21666667,C,2019,TOR
Aaron Gordon,21590909,PF,2019,ORL
Danilo Gallinari,21587579,SF,2019,LAC
Victor Oladipo,21000000,SG,2019,IND
Jimmy Butler,20445779,SF,2019,PHI
Ryan Anderson,20421546,PF,2019,MIA
Kyrie Irving,20099189,PG,2019,BOS
Jabari Parker,20000000,PF,2019,WAS
Zach LaVine,19500000,SG,2019,CHI
Tyler Johnson,19356932,PG,2019,PHO
Tim Hardaway Jr.,19200127,SG,2019,DAL
John Wall,19169800,PG,2019,WAS
George Hill,19000000,PG,2019,MIL
Jeff Teague,19000000,PG,2019,MIN
Klay Thompson,18988725,SG,2019,GSW
Allen Crabbe,18500000,SG,2019,BRK
Goran Dragic,18109175,PG,2019,MIA
Kent Bazemore,18089887,SG,2019,ATL
Evan Turner,17868853,PG,2019,POR
Draymond Green,17469565,PF,2019,GSW
Tristan Thompson,17469565,C,2019,CLE
Evan Fournier,17150000,SG,2019,ORL
Reggie Jackson,17043478,PG,2019,DET
Bismack Biyombo,17000000,C,2019,CHO
Derrick Favors,16900000,C,2019,UTA
Jonas Valanciunas,16539326,C,2019,MEM
Gary Harris,16517857,SG,2019,DEN
Andre Iguodala,16000000,SF,2019,GSW
Ian Mahinmi,15944154,C,2019,WAS
Dennis Schroder,15500000,PG,2019,OKC
DeMarre Carroll,15400000,PF,2019,BRK
Gorgui Dieng,15170787,C,2019,MIN
Eric Bledsoe,15000000,PG,2019,MIL
Ricky Rubio,14975000,PG,2019,UTA
Tobias Harris,14800000,PF,2019,PHI
James Johnson,14651700,PF,2019,MIA
Brandon Knight,14631250,PG,2019,CLE
Robin Lopez,14357750,C,2019,CHI
Marvin Williams,14087500,PF,2019,CHO
Taj Gibson,14000000,PF,2019,MIN
Thaddeus Young,13964045,PF,2019,IND
Clint Capela,13793104,C,2019,HOU
Marcin Gortat,13565218,C,2019,LAC
Cody Zeller,13528090,C,2019,CHO
Eric Gordon,13500375,SG,2019,HOU
Joe Ingles,13045455,PF,2019,UTA
Khris Middleton,13000000,SF,2019,MIL
Michael Kidd-Gilchrist,13000000,PF,2019,CHO
Mason Plumlee,12917808,C,2019,DEN
Wilson Chandler,12800562,PF,2019,LAC
Nikola Vucevic,12750000,C,2019,ORL
Kelly Olynyk,12537527,PF,2019,MIA
Miles Plumlee,12500000,C,2019,ATL
Jordan Clarkson,12500000,SG,2019,CLE
Nikola Mirotic,12500000,PF,2019,MIL
Tyreke Evans,12400000,SG,2019,IND
Courtney Lee,12253780,SG,2019,DAL
Solomon Hill,12252928,SF,2019,NOP
Kentavious Caldwell-Pope,12000000,SG,2019,LAL
Avery Bradley,12000000,SG,2019,MEM
Kemba Walker,12000000,PG,2019,CHO
Will Barton,11830358,SF,2019,DEN
T.J. Warren,11750000,SF,2019,PHO
Marcus Smart,11660716,SG,2019,BOS
Patty Mills,11571429,PG,2019,SAS
Dion Waiters,11550000,SG,2019,MIA
Alec Burks,11536515,SG,2019,SAC
John Henson,11327466,C,2019,MIL
Jusuf Nurkic,11111111,C,2019,POR
Iman Shumpert,11011234,SG,2019,HOU
Maurice Harkless,10837079,SF,2019,POR
Tony Snell,10807143,SF,2019,MIL
Meyers Leonard,10595506,C,2019,POR
Bojan Bogdanovic,10500000,SF,2019,IND
Terrence Ross,10500000,SG,2019,ORL
Robert Covington,10464092,SF,2019,MIN
Rudy Gay,10087200,PF,2019,SAS
Jon Leuer,10002681,PF,2019,DET
Danny Green,10000000,SG,2019,TOR
Darren Collison,10000000,PG,2019,IND
Dwight Powell,9631250,C,2019,DAL
Matthew Dellavedova,9607500,PG,2019,CLE
Dante Exum,9600000,PG,2019,UTA
Jared Dudley,9530000,PF,2019,BRK
Norman Powell,9367200,SG,2019,TOR
Josh Richardson,9367200,SG,2019,MIA
Bogdan Bogdanovic,9000000,SG,2019,SAC
Rajon Rondo,9000000,PG,2019,LAL
E'Twaun Moore,8808685,SG,2019,NOP
Cristiano Felicio,8740980,C,2019,CHI
Kosta Koufos,8739500,C,2019,SAC
Fred VanVleet,8653847,PG,2019,TOR
Jerami Grant,8653847,PF,2019,OKC
Kyle Anderson,8641000,SF,2019,MEM
Julius Randle,8641000,PF,2019,NOP
Jerryd Bayless,8575916,PG,2019,MIN
Markelle Fultz,8339880,SG,2019,PHI
C.J. Miles,8333333,SF,2019,MEM
Joe Harris,8333333,SG,2019,BRK
Shaun Livingston,8307692,PG,2019,GSW
Garrett Temple,8000000,SG,2019,LAC
Lou Williams,8000000,SG,2019,LAC
P.J. Tucker,7969537,PF,2019,HOU
Cory Joseph,7945000,PG,2019,IND
Karl-Anthony Towns,7839435,C,2019,MIN
JaMychal Green,7666667,PF,2019,LAC
Kyle Korver,7560000,SG,2019,UTA
Jeremy Lamb,7488372,SG,2019,CHO
Lonzo Ball,7461960,PG,2019,LAL
Doug McDermott,7333333,SF,2019,IND
Jae Crowder,7305825,SF,2019,UTA
Marvin Bagley III,7305600,PF,2019,SAC
Dewayne Dedmon,7200000,C,2019,ATL
Lance Thomas,7119650,PF,2019,NYK
D'Angelo Russell,7019698,PG,2019,BRK
Davis Bertans,7000000,PF,2019,SAS
Ersan Ilyasova,7000000,PF,2019,MIL
Langston Galloway,7000000,SG,2019,DET
Boban Marjanovic,7000000,C,2019,PHI
Al-Farouq Aminu,6957105,PF,2019,POR
Jayson Tatum,6700800,SF,2019,BOS
Luka Doncic,6560640,SG,2019,DAL
Nemanja Bjelica,6500000,PF,2019,SAC
Mario Hezonja,6500000,SF,2019,NYK
Ben Simmons,6434520,PG,2019,PHI
Milos Teodosic,6300000,PG,2019,LAC
Marco Belinelli,6153846,SG,2019,SAS
Wesley Johnson,6134520,SF,2019,WAS
Josh Jackson,6041520,SG,2019,PHO
Jonathon Simmons,6000000,SG,2019,PHI
Ish Smith,6000000,PG,2019,DET
Montrezl Harrell,6000000,C,2019,LAC
Jaren Jackson Jr.,5915040,PF,2019,MEM
Brandon Ingram,5757120,SF,2019,LAL
De'Aaron Fox,5470920,PG,2019,SAC
Ben McLemore,5460000,SG,2019,SAC
Alex Abrines,5455236,SG,2019,OKC
Patrick Patterson,5451600,PF,2019,OKC
Jason Smith,5450000,PF,2019,NOP
Trae Young,5356440,PG,2019,ATL
DeMarcus Cousins,5337000,C,2019,GSW
Dwight Howard,5337000,C,2019,WAS
Thabo Sefolosha,5250000,SF,2019,UTA
Aron Baynes,5193600,C,2019,BOS
Jaylen Brown,5169960,SG,2019,BOS
Patrick Beverley,5027028,PG,2019,LAC
Tony Parker,5000000,PG,2019,CHO
Mike Muscala,5000000,PF,2019,LAL
Alan Williams,5000000,PF,2019,BRK
Dirk Nowitzki,5000000,PF,2019,DAL
Jonathan Isaac,4969080,PF,2019,ORL
Mo Bamba,4865040,C,2019,ORL
Anthony Tolliver,4750000,PF,2019,MIN
Willie Cauley-Stein,4696875,C,2019,SAC
Dragan Bender,4661280,PF,2019,PHO
Lauri Markkanen,4536120,PF,2019,CHI
Ed Davis,4449000,C,2019,BRK
Kyle O'Quinn,4449000,C,2019,IND
Lance Stephenson,4449000,SG,2019,LAL
Wendell Carter Jr.,4441200,C,2019,CHI
Justin Holiday,4384616,SG,2019,MEM
Alex Len,4350000,C,2019,ATL
Mike Scott,4320500,PF,2019,PHI
Luc Mbah a Moute,4320500,PF,2019,LAC
Emmanuel Mudiay,4294480,PG,2019,NYK
Kris Dunn,4221000,PG,2019,CHI
Frank Ntilikina,4155720,PG,2019,NYK
Glenn Robinson III,4075000,SF,2019,DET
Collin Sexton,4068600,PG,2019,CLE
Stanley Johnson,3940402,SF,2019,NOP
Buddy Hield,3844760,SG,2019,SAC
Dennis Smith Jr.,3819960,PG,2019,NYK
J.J. Barea,3710850,PG,2019,DAL
Zach Collins,3628920,C,2019,POR
Frank Kaminsky,3627842,C,2019,CHO
Mikal Bridges,3552960,SF,2019,PHO
Michael Beasley,3500000,PF,2019,LAL
Jamal Murray,3499800,PG,2019,DEN
Rodney Hood,3472887,SG,2019,POR
Jodie Meeks,3454500,SG,2019,TOR
Justise Winslow,3448926,SF,2019,MIA
Malik Monk,3447480,SG,2019,CHO
Myles Turner,3410284,C,2019,IND
Allonzo Trier,3382000,SG,2019,NYK
Brook Lopez,3382000,C,2019,MIL
Shai Gilgeous-Alexander,3375360,PG,2019,LAC
Trey Lyles,3364249,PF,2019,DEN
Ekpe Udoh,3360000,C,2019,UTA
Devin Booker,3314365,SG,2019,PHO
Luke Kennard,3275280,SG,2019,DET
Cameron Payne,3263294,PG,2019,CLE
Troy Daniels,3258539,SG,2019,PHO
Kelly Oubre Jr.,3208630,SF,2019,PHO
Miles Bridges,3206640,SF,2019,CHO
Marquese Chriss,3206160,PF,2019,CLE
Tomas Satoransky,3129187,PG,2019,WAS
Bryn Forbes,3125000,SG,2019,SAS
Donovan Mitchell,3111480,SG,2019,UTA
Terry Rozier,3050390,PG,2019,BOS
Jerome Robinson,3046200,SG,2019,LAC
Yogi Ferrell,3000000,PG,2019,SAC
Elfrid Payton,3000000,PG,2019,NOP
Bam Adebayo,2955840,C,2019,MIA
Jakob Poeltl,2947320,C,2019,SAS
Justin Jackson,2807880,SF,2019,DAL
Thon Maker,2799720,C,2019,DET
Seth Curry,2795000,SG,2019,POR
Cedi Osman,2775000,SF,2019,CLE
Sam Dekker,2760095,PF,2019,WAS
Troy Brown Jr.,2749080,SF,2019,WAS
Justin Patton,2667600,C,2019,PHI
Guerschon Yabusele,2667600,PF,2019,BOS
Domantas Sabonis,2659800,C,2019,IND
Jerian Grant,2639314,PG,2019,ORL
Delon Wright,2536898,PG,2019,MEM
D.J. Wilson,2534280,PF,2019,MIL
Dario Saric,2526840,PF,2019,MIN
Zhaire Smith,2526840,SG,2019,PHI
Taurean Prince,2526840,SF,2019,ATL
Justin Anderson,2516048,SF,2019,ATL
Reggie Bullock,2500000,SG,2019,LAL
Bobby Portis,2494346,PF,2019,WAS
Dante Cunningham,2487000,PF,2019,SAS
Donte DiVincenzo,2481000,SG,2019,MIL
Rondae Hollis-Jefferson,2470357,SF,2019,BRK
Tyus Jones,2444053,PG,2019,MIN
Jarell Martin,2416222,PF,2019,ORL
T.J. Leaf,2407560,PF,2019,IND
Wayne Ellington,2383076,SG,2019,DET
Lonnie Walker IV,2357160,SG,2019,SAS
John Collins,2299080,PF,2019,ATL
Larry Nance Jr.,2272391,C,2019,CLE
Kevin Huerter,2250960,SG,2019,ATL
Darius Miller,2205000,SF,2019,NOP
Josh Okogie,2160720,SG,2019,MIN
Raul Neto,2150000,PG,2019,UTA
Terrance Ferguson,2118840,SG,2019,OKC
Grayson Allen,2074320,SG,2019,UTA
OG Anunoby,2034120,SF,2019,TOR
Jarrett Allen,2034120,C,2019,BRK
Corey Brewer,2000000,SF,2019,SAC
Torrey Craig,2000000,SF,2019,DEN
Chandler Hutchison,1990520,SF,2019,CHI
Ante Zizic,1952760,C,2019,CLE
Shabazz Napier,1942422,PG,2019,BRK
Aaron Holiday,1911960,PG,2019,IND
Tyler Lydon,1874640,PF,2019,DEN
Trey Burke,1795015,PG,2019,DAL
Malik Beasley,1773840,SG,2019,DEN
Moritz Wagner,1762080,C,2019,LAL
Anfernee Simons,1760520,SG,2019,POR
Nerlens Noel,1757429,C,2019,OKC
Caleb Swanigan,1740000,PF,2019,SAC
Furkan Korkmaz,1740000,SG,2019,PHI
Landry Shamet,1703649,SG,2019,LAC
Caris LeVert,1702800,SF,2019,BRK
Jonah Bolden,1690000,PF,2019,PHI
Kyle Kuzma,1689840,PF,2019,LAL
Tony Bradley,1679520,C,2019,UTA
Derrick White,1667160,PG,2019,SAS
Spencer Dinwiddie,1656092,PG,2019,BRK
MarShon Brooks,1656092,SG,2019,MEM
Josh Hart,1655160,SG,2019,LAL
Jacob Evans,1644240,SG,2019,GSW
Pat Connaughton,1641000,SG,2019,MIL
DeAndre' Bembry,1634640,SG,2019,ATL
Dzanan Musa,1632240,SG,2019,BRK
James Ennis III,1621415,SF,2019,PHI
Omari Spellman,1620480,PF,2019,ATL
Luke Kornet,1619260,PF,2019,NYK
Rodions Kurucs,1618320,SF,2019,BRK
Richaun Holmes,1600520,C,2019,PHO
T.J. McConnell,1600520,PG,2019,PHI
Malachi Richardson,1569360,SG,2019,TOR
Jahlil Okafor,1567707,C,2019,NOP
Willy Hernangomez,1544951,C,2019,CHO
Pascal Siakam,1544951,PF,2019,TOR
Cheick Diallo,1544951,PF,2019,NOP
Timothe Luwawu-Cabarrot,1544951,SF,2019,CHI
Jake Layman,1544951,SF,2019,POR
Quinn Cook,1544951,PG,2019,GSW
Ivica Zubac,1544951,C,2019,LAC
Rodney McGruder,1544951,SG,2019,MIA
Malcolm Brogdon,1544951,SG,2019,MIL
Andrew Harrison,1544951,PG,2019,NOP
Dorian Finney-Smith,1544951,SF,2019,DAL
Wayne Selden,1544951,SG,2019,CHI
Skal Labissiere,1544951,PF,2019,POR
Damian Jones,1544951,C,2019,GSW
Alex Poythress,1544951,PF,2019,ATL
Shelvin Mack,1512601,PG,2019,CHO
Omri Casspi,1512601,SF,2019,MEM
Georges Niang,1512601,PF,2019,UTA
Raymond Felton,1512601,PG,2019,OKC
Quincy Pondexter,1512601,SF,2019,SAS
Troy Williams,1512601,SF,2019,SAC
Carmelo Anthony,1512601,PF,2019,HOU
Amir Johnson,1512601,C,2019,PHI
David Nwaba,1512601,SF,2019,CLE
Jamal Crawford,1512601,SG,2019,PHO
Luol Deng,1512601,SF,2019,MIN
Isaiah Canaan,1512601,PG,2019,MIL
Derrick Jones Jr.,1512601,SF,2019,MIA
Udonis Haslem,1512601,C,2019,MIA
Dwyane Wade,1512601,SG,2019,MIA
JaVale McGee,1512601,C,2019,LAL
Isaiah Thomas,1512601,SG,2019,DEN
Jeff Green,1512601,PF,2019,WAS
Kevon Looney,1512601,C,2019,GSW
Jonas Jerebko,1512601,PF,2019,GSW
Christian Wood,1512601,PF,2019,NOP
Derrick Rose,1512601,PG,2019,MIN
Jose Calderon,1512601,PG,2019,DET
Zaza Pachulia,1512601,C,2019,DET
Noah Vonleh,1512601,PF,2019,NYK
Gerald Green,1512601,SG,2019,HOU
Devin Harris,1512601,PG,2019,DAL
Channing Frye,1512601,C,2019,CLE
Ian Clark,1512601,SG,2019,NOP
Treveon Graham,1512601,SG,2019,BRK
Vince Carter,1512601,PF,2019,ATL
Mitchell Robinson,1485440,C,2019,NYK
Tyler Dorsey,1378242,SG,2019,MEM
Dillon Brooks,1378242,SF,2019,MEM
Thomas Bryant,1378242,C,2019,WAS
Royce O'Neale,1378242,SF,2019,UTA
Abdel Nader,1378242,SF,2019,OKC
Jawun Evans,1378242,PG,2019,OKC
Wes Iwundu,1378242,SF,2019,ORL
Khem Birch,1378242,C,2019,ORL
Ivan Rabb,1378242,PF,2019,MEM
Damyean Dotson,1378242,SG,2019,NYK
Jaylen Morris,1378242,SG,2019,MIL
Frank Mason III,1378242,PG,2019,SAC
Sterling Brown,1378242,SG,2019,MIL
Ike Anigbogu,1378242,C,2019,IND
Zhou Qi,1378242,PF,2019,HOU
Maxi Kleber,1378242,PF,2019,DAL
Jordan Bell,1378242,C,2019,GSW
Frank Jackson,1378242,PG,2019,NOP
Sindarius Thornwell,1378242,SG,2019,LAC
Semi Ojeleye,1378242,PF,2019,BOS
Daniel Theis,1378242,C,2019,BOS
Monte Morris,1349383,PG,2019,DEN
Daniel Hamilton,1349383,SG,2019,ATL
Alfonzo McKinnie,1349383,SF,2019,GSW
Antonio Blakeney,1349383,SG,2019,CHI
Tyrone Wallace,1349383,PG,2019,LAC
Tyson Chandler,1333140,C,2019,LAL
Shaquille Harrison,1311265,SG,2019,CHI
Elie Okobo,1238464,PG,2019,PHO
Jalen Brunson,1230000,PG,2019,DAL
Okaro White,1187862,PF,2019,WAS
Joakim Noah,1093858,C,2019,MEM
Nick Young,1042584,SG,2019,DEN
Isaac Bonga,1000000,PG,2019,LAL
Devonte' Graham,988464,PG,2019,CHO
De'Anthony Melton,949000,PG,2019,PHO
Ron Baker,948580,SG,2019,NYK
Austin Rivers,922943,SG,2019,HOU
Chasson Randle,869094,PG,2019,WAS
Hamidou Diallo,838464,SG,2019,OKC
Chimezie Metu,838464,PF,2019,SAS
Gary Trent Jr.,838464,SG,2019,POR
Jevon Carter,838464,PG,2019,MEM
Ryan Broekhoff,838464,SG,2019,DAL
Isaiah Briscoe,838464,PG,2019,ORL
Jarred Vanderbilt,838464,PF,2019,DEN
Alize Johnson,838464,PF,2019,IND
Isaiah Hartenstein,838464,PF,2019,HOU
Bruce Brown,838464,SG,2019,DET
Khyri Thomas,838464,SG,2019,DET
Keita Bates-Diop,838464,SF,2019,MIN
Kenrich Williams,838464,SF,2019,NOP
Brad Wanamaker,838464,PG,2019,BOS
Patrick McCaw,777665,SG,2019,TOR
Kenneth Faried,683661,C,2019,HOU
Brandon Goodwin,630032,PG,2019,DEN
Gary Clark,596873,PF,2019,HOU
Bruno Caboclo,522151,PF,2019,MEM
Wesley Matthews,512746,SF,2019,IND
Salah Mejri,512746,C,2019,DAL
Nik Stauskas,504200,SG,2019,CLE
Jeremy Lin,487109,PG,2019,TOR
John Jenkins,486520,SG,2019,NYK
Chris Boucher,457418,PF,2019,TOR
Malcolm Miller,457418,SF,2019,TOR
Markieff Morris,427288,PF,2019,OKC
Henry Ellenson,341831,PF,2019,NYK
Pau Gasol,333285,C,2019,MIL
Andrew Bogut,307648,C,2019,GSW
Jaylen Adams,270014,PG,2019,ATL
Danuel House Jr.,247827,SF,2019,HOU
Jimmer Fredette,208509,SG,2019,PHO
Tim Frazier,196553,PG,2019,MIL
Dairis Bertans,194220,SG,2019,NOP
Ray Spalding,184746,PF,2019,PHO
Deonte Burton,151587,SG,2019,OKC
Cameron Reynolds,108953,SG,2019,MIN
Chris Chiozza,90005,PG,2019,HOU
JaKarr Sampson,85458,SF,2019,CHI
Donatas Motiejunas,59820,PF,2019,SAS
Greg Monroe,59820,C,2019,PHI
Michael Carter-Williams,59820,PG,2019,ORL
Tyler Zeller,59820,C,2019,MEM
Jemerrio Jones,52108,SF,2019,LAL
Isaac Humphries,47371,C,2019,ATL
Deyonta Davis,25367,C,2019,ATL
Yante Maten,18948,PF,2019,MIA
Eric Moreland,17092,PF,2019,TOR
Jordan McRae,17092,SG,2019,WAS
Duncan Robinson,9474,SF,2019,MIA
Theo Pinson,4737,SG,2019,BRK
Stephen Curry,40231758,PG,2020,GSW
Chris Paul,38506482,PG,2020,OKC
Russell Westbrook,38506482,PG,2020,HOU
James Harden,38199000,SG,2020,HOU
LeBron James,37436858,PG,2020,LAL
Kyle Lowry,34996296,PG,2020,TOR
Blake Griffin,34449964,PF,2020,DET
Tobias Harris,32742000,PF,2020,PHI
Jimmy Butler,32742000,SF,2020,MIA
Kawhi Leonard,32742000,SF,2020,LAC
Kemba Walker,32742000,PG,2020,BOS
Gordon Hayward,32700690,SF,2020,BOS
Mike Conley,32511624,PG,2020,UTA
Kyrie Irving,31742000,PG,2020,BRK
Khris Middleton,30603448,SF,2020,MIL
Paul George,30560700,SF,2020,LAC
Paul Millsap,30350000,PF,2020,DEN
Damian Lillard,29802321,PG,2020,POR
Kevin Love,28942830,PF,2020,CLE
Al Horford,28000000,C,2020,PHI
Nikola Vucevic,28000000,C,2020,ORL
DeMar DeRozan,27739975,SF,2020,SAS
CJ McCollum,27556959,SG,2020,POR
Joel Embiid,27504630,C,2020,PHI
Andrew Wiggins,27504630,SF,2020,GSW
Nikola Jokic,27504630,C,2020,DEN
Devin Booker,27285000,SG,2020,PHO
D'Angelo Russell,27285000,PG,2020,MIN
Karl-Anthony Towns,27285000,C,2020,MIN
Kristaps Porzingis,27285000,C,2020,DAL
Otto Porter Jr.,27250575,SF,2020,CHI
Bradley Beal,27093019,SG,2020,WAS
Andre Drummond,27093019,C,2020,CLE
Anthony Davis,27093018,PF,2020,LAL
Hassan Whiteside,27093017,C,2020,POR
Jrue Holiday,26231111,SG,2020,NOP
LaMarcus Aldridge,26000000,C,2020,SAS
Steven Adams,25842697,C,2020,OKC
Giannis Antetokounmpo,25842697,PF,2020,MIL
Marc Gasol,25595700,C,2020,TOR
Nicolas Batum,25565217,SF,2020,CHO
Chandler Parsons,25102511,PF,2020,ATL
Serge Ibaka,23271604,C,2020,TOR
Rudy Gobert,23241573,C,2020,UTA
Danilo Gallinari,22615559,PF,2020,OKC
Victor Oladipo,21000000,SG,2020,IND
Tim Hardaway Jr.,20025127,SG,2020,DAL
Malcolm Brogdon,20000000,PG,2020,IND
Terry Rozier,19894737,PG,2020,CHO
Aaron Gordon,19863636,PF,2020,ORL
Zach LaVine,19500000,SF,2020,CHI
Kent Bazemore,19269662,SF,2020,SAC
Goran Dragic,19217900,PG,2020,MIA
Jeff Teague,19000000,PG,2020,ATL
Evan Turner,18606556,SG,2020,ATL
Draymond Green,18539130,PF,2020,GSW
Tristan Thompson,18539130,PF,2020,CLE
Allen Crabbe,18500000,SG,2020,MIN
Julius Randle,18000000,PF,2020,NYK
Myles Turner,18000000,C,2020,IND
Gary Harris,17839286,SG,2020,DEN
Derrick Favors,17650000,C,2020,NOP
Andre Iguodala,17185185,SF,2020,MIA
Evan Fournier,17150000,SF,2020,ORL
Bismack Biyombo,17000000,C,2020,CHO
Bojan Bogdanovic,17000000,SF,2020,UTA
Gorgui Dieng,16229213,C,2020,MEM
Ricky Rubio,16200000,PG,2020,PHO
Jonas Valanciunas,16000000,C,2020,MEM
Brandon Knight,15643750,SG,2020,DET
Kelly Oubre Jr.,15625000,SF,2020,PHO
Eric Bledsoe,15625000,PG,2020,MIL
Dennis Schroder,15500000,PG,2020,OKC
Ian Mahinmi,15450051,C,2020,WAS
James Johnson,15349400,PF,2020,MIN
Bobby Portis,15000000,PF,2020,NYK
Clint Capela,14896552,C,2020,HOU
Danny Green,14634146,SG,2020,LAL
Rudy Gay,14500000,PF,2020,SAS
Cody Zeller,14471910,C,2020,CHO
Eric Gordon,14057730,SF,2020,HOU
Mason Plumlee,14041096,C,2020,DEN
Jordan Clarkson,13437500,SG,2020,UTA
Dewayne Dedmon,13333333,C,2020,ATL
Jusuf Nurkic,13125000,C,2020,POR
Justise Winslow,13000000,SG,2020,MIA
Thaddeus Young,12900000,PF,2020,CHI
Will Barton,12776786,SF,2020,DEN
Courtney Lee,12759670,SG,2020,DAL
Solomon Hill,12758781,PF,2020,MIA
Larry Nance Jr.,12727273,PF,2020,CLE
Kelly Olynyk,12667885,C,2020,MIA
Marcus Smart,12553571,SG,2020,BOS
Terrence Ross,12500000,SG,2020,ORL
Patty Mills,12428571,PG,2020,SAS
Patrick Beverley,12345680,PG,2020,LAC
Trevor Ariza,12195122,SF,2020,SAC
Brook Lopez,12093023,C,2020,MIL
Cory Joseph,12000000,PG,2020,SAC
Joe Ingles,11954546,PF,2020,UTA
Tony Snell,11392857,SF,2020,DET
Robert Covington,11301219,PF,2020,HOU
Meyers Leonard,11286516,C,2020,MIA
Maurice Harkless,11011234,PF,2020,NYK
T.J. Warren,10810000,SF,2020,IND
Andre Roberson,10740740,SF,2020,OKC
Spencer Dinwiddie,10605600,PG,2020,BRK
Jeremy Lamb,10500000,SG,2020,IND
Dwight Powell,10259375,C,2020,DAL
Norman Powell,10116576,SG,2020,TOR
Josh Richardson,10116576,SG,2020,PHI
Tomas Satoransky,10000000,SG,2020,CHI
DeAndre Jordan,9881598,C,2020,BRK
Zion Williamson,9757440,PF,2020,NOP
Markelle Fultz,9745200,PG,2020,ORL
John Henson,9732396,C,2020,DET
Matthew Dellavedova,9607500,PG,2020,CLE
Dante Exum,9600000,SG,2020,CLE
Deandre Ayton,9562920,C,2020,PHO
Delon Wright,9473684,PG,2020,DAL
Fred VanVleet,9346153,SG,2020,TOR
Jerami Grant,9346153,PF,2020,DEN
Tyus Jones,9258000,PG,2020,MEM
Al-Farouq Aminu,9258000,PF,2020,ORL
George Hill,9133907,PG,2020,MIL
Kyle Anderson,9073050,SF,2020,MEM
Taj Gibson,9000000,C,2020,NYK
Ja Morant,8730240,PG,2020,MEM
E'Twaun Moore,8664928,SG,2020,NOP
Bogdan Bogdanovic,8529386,SG,2020,SAC
P.J. Tucker,8349039,PF,2020,HOU
C.J. Miles,8333333,SF,2020,WAS
Cristiano Felicio,8156500,C,2020,CHI
Ben Simmons,8113930,PG,2020,PHI
Kentavious Caldwell-Pope,8089282,SG,2020,LAL
Thomas Bryant,8000000,C,2020,WAS
Elfrid Payton,8000000,PG,2020,NYK
Wayne Ellington,8000000,SG,2020,NYK
Lou Williams,8000000,PG,2020,LAC
Maxi Kleber,8000000,PF,2020,DAL
Jayson Tatum,7830000,PF,2020,BOS
Jae Crowder,7815533,SF,2020,MIA
Luka Doncic,7683360,PG,2020,DAL
Joe Harris,7666667,SF,2020,BRK
Seth Curry,7461380,SG,2020,DAL
Doug McDermott,7333333,PF,2020,IND
Langston Galloway,7333333,SG,2020,DET
Derrick Rose,7317073,PG,2020,DET
Brandon Ingram,7265485,PF,2020,NOP
D.J. Augustin,7250000,PG,2020,ORL
Lance Thomas,7119650,PF,2020,BRK
De'Andre Hunter,7068360,SF,2020,ATL
Josh Jackson,7059480,SF,2020,MEM
Davis Bertans,7000000,PF,2020,WAS
Ersan Ilyasova,7000000,PF,2020,MIL
Jaren Jackson Jr.,6927480,C,2020,MEM
Nemanja Bjelica,6825000,PF,2020,SAC
Jaylen Brown,6534829,SG,2020,BOS
Jabari Parker,6500000,PF,2020,SAC
Ivica Zubac,6481482,C,2020,LAC
Darius Garland,6400920,SG,2020,CLE
De'Aaron Fox,6392760,PG,2020,SAC
Trae Young,6273000,PG,2020,ATL
Ish Smith,6000000,PG,2020,WAS
Montrezl Harrell,6000000,C,2020,LAC
Marco Belinelli,5846154,SG,2020,SAS
Jarrett Culver,5813640,SG,2020,MIN
Jonathan Isaac,5806440,PF,2020,ORL
Rodney Hood,5718000,SF,2020,POR
Trey Lyles,5500000,PF,2020,SAS
Aron Baynes,5453280,C,2020,PHO
Kris Dunn,5348007,PG,2020,CHI
Coby White,5307120,PG,2020,CHI
Lauri Markkanen,5300400,PF,2020,CHI
Wendell Carter Jr.,5201400,C,2020,CHI
Daniel Theis,5000000,C,2020,BOS
Jaxson Hayes,4862040,C,2020,NOP
Buddy Hield,4861208,SG,2020,SAC
Frank Ntilikina,4855800,PG,2020,NYK
Rodney McGruder,4807693,SG,2020,LAC
Ed Davis,4767000,C,2020,UTA
Richaun Holmes,4767000,C,2020,SAC
Frank Kaminsky,4767000,C,2020,PHO
Mike Scott,4767000,PF,2020,PHI
Garrett Temple,4767000,SG,2020,BRK
Robin Lopez,4767000,C,2020,MIL
Avery Bradley,4767000,SG,2020,LAL
JaMychal Green,4767000,PF,2020,LAC
Justin Holiday,4767000,SF,2020,IND
Collin Sexton,4764960,PG,2020,CLE
Rui Hachimura,4469160,PF,2020,WAS
Kevon Looney,4464226,C,2020,GSW
Dennis Smith Jr.,4463640,PG,2020,NYK
Jamal Murray,4444746,PG,2020,DEN
Luc Mbah a Moute,4320500,PF,2020,HOU
Cam Reddish,4245720,SF,2020,ATL
Zach Collins,4240200,PF,2020,POR
Mikal Bridges,4161000,SF,2020,PHO
Alex Len,4160000,C,2020,SAC
Nicolo Melli,4102564,C,2020,NOP
Cameron Johnson,4033440,PF,2020,PHO
Malik Monk,4028400,SG,2020,CHO
Patrick McCaw,4000000,SF,2020,TOR
Reggie Bullock,4000000,SG,2020,NYK
JaVale McGee,4000000,C,2020,LAL
Dorian Finney-Smith,4000000,PF,2020,DAL
Shai Gilgeous-Alexander,3952920,SG,2020,OKC
Luke Kennard,3827160,SG,2020,DET
Miles Bridges,3755400,SF,2020,CHO
Jakob Poeltl,3754886,C,2020,SAS
Tyler Herro,3640200,SG,2020,MIA
Donovan Mitchell,3635760,SG,2020,UTA
Stanley Johnson,3623000,PF,2020,TOR
Jake Layman,3581986,SF,2020,MIN
Thon Maker,3569643,C,2020,DET
Jerome Robinson,3567720,SG,2020,WAS
Allonzo Trier,3551000,SG,2020,NYK
Danuel House Jr.,3540000,SF,2020,HOU
Domantas Sabonis,3529555,PF,2020,IND
T.J. McConnell,3500000,PG,2020,IND
Boban Marjanovic,3500000,C,2020,DAL
Dario Saric,3481986,PF,2020,PHO
Taurean Prince,3481986,PF,2020,BRK
Romeo Langford,3458400,SG,2020,BOS
Bam Adebayo,3454080,PF,2020,MIA
Michael Porter Jr.,3389400,SF,2020,DEN
Denzel Valentine,3377569,SF,2020,CHI
Sekou Doumbouya,3285120,PF,2020,DET
Justin Jackson,3280920,PF,2020,DAL
Troy Brown Jr.,3219480,SF,2020,WAS
Yogi Ferrell,3150000,PG,2020,SAC
Zhaire Smith,3058800,SF,2020,PHI
Khem Birch,3000000,C,2020,ORL
Quinn Cook,3000000,PG,2020,LAL
Ryan Arcidiacono,3000000,PG,2020,CHI
Nickeil Alexander-Walker,2964840,SG,2020,NOP
D.J. Wilson,2961120,PF,2020,MIL
Cedi Osman,2907143,SF,2020,CLE
Donte DiVincenzo,2905800,SG,2020,MIL
Bryn Forbes,2875000,SG,2020,SAS
Goga Bitadze,2816760,C,2020,IND
T.J. Leaf,2813280,PF,2020,IND
Alex Caruso,2750000,PG,2020,LAL
Malik Beasley,2731714,SG,2020,MIN
Luka Samanic,2689920,PF,2020,SAS
Lonnie Walker IV,2689920,SG,2020,SAS
John Collins,2686560,PF,2020,ATL
Kevin Huerter,2636280,SG,2020,ATL
Caris LeVert,2625718,SG,2020,BRK
Marko Guduric,2625000,SG,2020,MEM
DeAndre' Bembry,2603982,SG,2020,ATL
Matisse Thybulle,2582160,SG,2020,PHI
Wesley Matthews,2564753,SG,2020,MIL
Rajon Rondo,2564753,PG,2020,LAL
Josh Okogie,2530680,SG,2020,MIN
Vincent Poirier,2505793,C,2020,BOS
Rondae Hollis-Jefferson,2500000,PF,2020,TOR
Brandon Clarke,2478840,PF,2020,MEM
Terrance Ferguson,2475840,SF,2020,OKC
Grayson Allen,2429400,SG,2020,MEM
Grant Williams,2379840,PF,2020,BOS
Jarrett Allen,2376840,C,2020,BRK
Pascal Siakam,2351839,PF,2020,TOR
Skal Labissiere,2338847,C,2020,POR
Chandler Hutchison,2332320,SF,2020,CHI
Aaron Holiday,2329200,PG,2020,IND
Dejounte Murray,2321735,PG,2020,SAS
Damian Jones,2305057,C,2020,ATL
Darius Bazley,2284800,PF,2020,OKC
OG Anunoby,2281800,SF,2020,TOR
Ante Zizic,2281800,C,2020,CLE
Luke Kornet,2250000,C,2020,CHI
Ty Jerome,2193480,SG,2020,PHO
Willie Cauley-Stein,2177483,C,2020,DAL
Anfernee Simons,2149560,SG,2020,POR
Austin Rivers,2147317,SG,2020,HOU
Nassir Little,2105520,PF,2020,POR
Moritz Wagner,2063520,C,2020,WAS
Caleb Swanigan,2033160,PF,2020,POR
Mike Muscala,2028594,C,2020,OKC
Ben McLemore,2028594,SF,2020,HOU
Edmond Sumner,2000000,SG,2020,IND
Noah Vonleh,2000000,C,2020,DEN
Torrey Craig,2000000,SF,2020,DEN
Landry Shamet,1995120,SG,2020,LAC
Mfiondu Kabengele,1977000,C,2020,LAC
Kyle Kuzma,1974600,PF,2020,LAL
Jordan Poole,1964760,SG,2020,GSW
Tony Bradley,1962360,C,2020,UTA
Keldon Johnson,1950600,SF,2020,SAS
Derrick White,1948080,SG,2020,SAS
Jacob Evans,1925880,SG,2020,MIN
Dzanan Musa,1911600,SF,2020,BRK
Omari Spellman,1897800,C,2020,GSW
James Ennis III,1882867,SF,2020,ORL
Shabazz Napier,1845301,PG,2020,WAS
Bruno Caboclo,1845301,C,2020,HOU
Markieff Morris,1750000,PF,2020,LAL
Mario Hezonja,1737145,PF,2020,POR
Cameron Payne,1737145,SG,2020,PHO
Pat Connaughton,1723050,SG,2020,MIL
Jahlil Okafor,1702486,C,2020,NOP
Rodions Kurucs,1699236,PF,2020,BRK
Jonah Bolden,1698450,C,2020,PHO
Cheick Diallo,1678854,C,2020,PHO
Dragan Bender,1678854,PF,2020,GSW
Willy Hernangomez,1676735,C,2020,CHO
Josh Hart,1655160,SF,2020,NOP
Georges Niang,1645357,PF,2020,UTA
Derrick Jones Jr.,1645357,SF,2020,MIA
Christian Wood,1645357,PF,2020,DET
Jordan McRae,1645357,SG,2020,DET
Treveon Graham,1645357,SF,2020,ATL
Emmanuel Mudiay,1620564,PG,2020,UTA
Nerlens Noel,1620564,C,2020,OKC
Furkan Korkmaz,1620564,SG,2020,PHI
Glenn Robinson III,1620564,SF,2020,PHI
Raul Neto,1620564,PG,2020,PHI
Kyle O'Quinn,1620564,C,2020,PHI
Alec Burks,1620564,SF,2020,PHI
Michael Carter-Williams,1620564,SG,2020,ORL
Wilson Chandler,1620564,PF,2020,BRK
Kyle Korver,1620564,SF,2020,MIL
Udonis Haslem,1620564,C,2020,MIA
Jared Dudley,1620564,PF,2020,LAL
Dwight Howard,1620564,C,2020,LAL
Isaiah Thomas,1620564,PG,2020,WAS
Patrick Patterson,1620564,PF,2020,LAC
JaKarr Sampson,1620564,PF,2020,IND
Ryan Anderson,1620564,C,2020,HOU
Thabo Sefolosha,1620564,PF,2020,HOU
Tyson Chandler,1620564,C,2020,HOU
Justin Patton,1620564,C,2020,OKC
Tim Frazier,1620564,PG,2020,DET
Trey Burke,1620564,PG,2020,DAL
Jordan Bell,1620564,C,2020,MEM
Shaquille Harrison,1620564,SG,2020,CHI
Vince Carter,1620564,PF,2020,ATL
Dillon Brooks,1618520,SG,2020,MEM
Royce O'Neale,1618520,SF,2020,UTA
Abdel Nader,1618520,SF,2020,OKC
Damyean Dotson,1618520,SG,2020,NYK
Sterling Brown,1618520,SF,2020,MIL
Frank Jackson,1618520,PG,2020,NOP
Semi Ojeleye,1618520,PF,2020,BOS
Wes Iwundu,1618420,SF,2020,ORL
Mitchell Robinson,1599712,C,2020,NYK
Chris Boucher,1588231,C,2020,TOR
Malcolm Miller,1588231,SF,2020,TOR
Monte Morris,1588231,PG,2020,DEN
Tyrone Wallace,1588231,SG,2020,ATL
Amile Jefferson,1529007,PF,2020,ORL
Nigel Williams-Goss,1500000,PG,2020,UTA
Isaiah Roby,1500000,PF,2020,OKC
Alfonzo McKinnie,1500000,SF,2020,CLE
Shake Milton,1455697,SG,2020,PHI
Wenyen Gabriel,1445697,PF,2020,POR
Theo Pinson,1445697,SG,2020,BRK
Thanasis Antetokounmpo,1445697,SF,2020,MIL
Brad Wanamaker,1445697,PG,2020,BOS
Iman Shumpert,1419138,SF,2020,BRK
Devonte' Graham,1416852,PG,2020,CHO
De'Anthony Melton,1416852,PG,2020,MEM
Hamidou Diallo,1416852,SF,2020,OKC
Deonte Burton,1416852,SF,2020,OKC
Chimezie Metu,1416852,C,2020,SAS
Gary Trent Jr.,1416852,SF,2020,POR
Elie Okobo,1416852,PG,2020,PHO
Jevon Carter,1416852,PG,2020,PHO
Ryan Broekhoff,1416852,SF,2020,DAL
Jarred Vanderbilt,1416852,PF,2020,MIN
Duncan Robinson,1416852,SG,2020,MIA
Kendrick Nunn,1416852,PG,2020,MIA
Alize Johnson,1416852,PF,2020,IND
Isaiah Hartenstein,1416852,C,2020,HOU
Bruce Brown,1416852,PG,2020,DET
Khyri Thomas,1416852,SG,2020,DET
Keita Bates-Diop,1416852,PF,2020,MIN
Jalen Brunson,1416852,PG,2020,DAL
Kenrich Williams,1416852,PF,2020,NOP
Isaac Bonga,1416842,SF,2020,WAS
Jaylen Nowell,1400000,SG,2020,MIN
Bruno Fernando,1400000,C,2020,ATL
Carmelo Anthony,1364204,PF,2020,POR
Kevin Porter Jr.,1290960,SF,2020,CLE
Carsen Edwards,1228026,SG,2020,BOS
Cody Martin,1173310,SF,2020,CHO
Gary Payton II,1052909,SF,2020,WAS
Admiral Schofield,1000000,PF,2020,WAS
Terance Mann,1000000,SF,2020,LAC
David Nwaba,903111,SF,2020,BRK
Jalen McDaniels,898310,SF,2020,CHO
Caleb Martin,898310,SF,2020,CHO
Dewan Hernandez,898310,C,2020,TOR
Terence Davis,898310,SG,2020,TOR
Matt Thomas,898310,SG,2020,TOR
Justin Robinson,898310,PG,2020,WAS
Miye Oni,898310,SF,2020,UTA
Stanton Kidd,898310,SG,2020,UTA
Justin James,898310,SF,2020,SAC
Jalen Lecque,898310,SG,2020,PHO
Ignas Brazdeikis,898310,SF,2020,NYK
Naz Reid,898310,C,2020,MIN
KZ Okpala,898310,PF,2020,MIA
Talen Horton-Tucker,898310,SG,2020,LAL
Alen Smailagic,898310,C,2020,GSW
Eric Paschall,898310,PF,2020,GSW
Vlatko Cancar,898310,PF,2020,DEN
Daniel Gafford,898310,C,2020,CHI
Max Strus,898310,SF,2020,CHI
Javonte Green,898310,SG,2020,BOS
Damion Lee,842327,SG,2020,GSW
Juwan Morgan,746054,PF,2020,UTA
Timothe Luwawu-Cabarrot,654469,SF,2020,BRK
Marquese Chriss,654469,PF,2020,GSW
Marvin Williams,604278,PF,2020,MIL
Michael Kidd-Gilchrist,595122,PF,2020,DAL
Rayjon Tucker,578573,SG,2020,UTA
Chris Clemons,563347,SG,2020,HOU
Gary Clark,555409,SF,2020,ORL
Brandon Goodwin,522738,PG,2020,ATL
Reggie Jackson,512721,SG,2020,LAC
DeMarre Carroll,512721,SF,2020,HOU
Anzejs Pasecniks,482144,C,2020,WAS
Chris Silva,466918,PF,2020,MIA
Jeff Green,439475,PF,2020,HOU
Troy Daniels,384541,SG,2020,DEN
Dion Waiters,375385,SG,2020,LAL
Norvel Pelle,350189,C,2020,PHI
Juan Toscano-Anderson,350189,SG,2020,GSW
Ky Bowman,350189,PG,2020,GSW
Tyler Zeller,245686,C,2020,SAS
Anthony Tolliver,183115,PF,2020,MEM
Tyler Johnson,183115,PG,2020,BRK
Luguentz Dort,155647,SF,2020,OKC
Stephen Curry,52411485,PG,2021,GSW
Chris Paul,50403633,PG,2021,PHO
Russell Westbrook,50403633,PG,2021,WAS
James Harden,50277018,PG,2021,BRK
John Wall,50277018,PG,2021,HOU
Kevin Durant,48880434,PF,2021,BRK
LeBron James,47796549,PG,2021,LAL
Paul George,43203114,SF,2021,LAC
Mike Conley,42047453,PG,2021,UTA
Kemba Walker,41897515,PG,2021,BOS
Kawhi Leonard,41897515,SF,2021,LAC
Jimmy Butler,41897515,SF,2021,MIA
Tobias Harris,41872836,PF,2021,PHI
Blake Griffin,41313933,PF,2021,BRK
Kyrie Irving,41097748,PG,2021,BRK
Khris Middleton,40279853,SF,2021,MIL
Anthony Davis,39902395,PF,2021,LAL
Damian Lillard,38543497,PG,2021,POR
Kevin Love,38094169,PF,2021,CLE
Ben Simmons,37242235,PG,2021,PHI
Pascal Siakam,37242235,PF,2021,TOR
Kyle Lowry,37170089,PG,2021,TOR
Steven Adams,36064364,C,2021,NOP
Nikola Jokic,36002595,C,2021,DEN
Andrew Wiggins,36002595,PF,2021,GSW
Joel Embiid,36002595,C,2021,PHI
Kristaps Porzingis,35912155,C,2021,DAL
Karl-Anthony Towns,35912155,C,2021,MIN
Devin Booker,35912155,SG,2021,PHO
CJ McCollum,35773654,SG,2021,POR
Andre Drummond,35039540,C,2021,LAL
Bradley Beal,35039541,SG,2021,WAS
D'Angelo Russell,34914596,PG,2021,MIN
Gordon Hayward,34732706,SF,2021,CHO
DeMar DeRozan,33806470,PF,2021,SAS
Giannis Antetokounmpo,33548245,PF,2021,MIL
Rudy Gobert,33544824,C,2021,UTA
Al Horford,33514014,C,2021,OKC
Jamal Murray,33251996,PG,2021,DEN
Brandon Ingram,33251996,SF,2021,NOP
Jrue Holiday,32936368,PG,2021,MIL
Nikola Vucevic,31685977,C,2021,CHI
Jaylen Brown,30510084,SG,2021,BOS
Buddy Hield,30384192,SG,2021,SAC
Draymond Green,27112175,PF,2021,GSW
Harrison Barnes,27074338,PF,2021,SAC
Fred VanVleet,25897193,SG,2021,TOR
Victor Oladipo,25592520,SG,2021,MIA
Malcolm Brogdon,25226913,PG,2021,IND
Julius Randle,24184931,PF,2021,NYK
Domantas Sabonis,24130090,PF,2021,IND
Gary Harris,23899409,SG,2021,ORL
Danilo Gallinari,23764483,PF,2021,ATL
Zach LaVine,23764483,SG,2021,CHI
Jerami Grant,23216072,SF,2021,DET
Terry Rozier,23033268,SG,2021,CHO
Aaron Gordon,22102631,PF,2021,DEN
Clint Capela,21936446,C,2021,ATL
Bogdan Bogdanovic,21936446,SG,2021,ATL
Myles Turner,21936446,C,2021,IND
Goran Dragic,21936446,PG,2021,MIA
Bojan Bogdanovic,21753642,SF,2021,UTA
LaMarcus Aldridge,21483506,C,2021,BRK
Gorgui Dieng,21433964,C,2021,SAS
Evan Fournier,20900558,SF,2021,BOS
Ricky Rubio,20717754,PG,2021,MIN
Eric Bledsoe,20565418,SG,2021,NOP
Eric Gordon,20558431,SG,2021,HOU
Caris LeVert,19747315,SG,2021,IND
Joe Harris,19586113,SF,2021,BRK
James Johnson,19556463,PF,2021,NOP
Cody Zeller,18787018,C,2021,CHO
Danny Green,18726233,SF,2021,PHI
Jonas Valanciunas,18280371,C,2021,MEM
Andre Iguodala,18280371,SF,2021,MIA
Davis Bertans,18280371,PF,2021,WAS
Marcus Morris,18138663,PF,2021,LAC
Rudy Gay,17671026,PF,2021,SAS
Dejounte Murray,17410226,PG,2021,SAS
Will Barton,16724363,SF,2021,DEN
Thaddeus Young,16507175,PF,2021,CHI
Terrence Ross,16452334,SG,2021,ORL
Malik Beasley,16362023,SG,2021,MIN
Patrick Beverley,16249218,PG,2021,LAC
Christian Wood,15862334,C,2021,HOU
Justise Winslow,15842988,SF,2021,MEM
Marcus Smart,15777701,PG,2021,BOS
Jusuf Nurkic,15707578,C,2021,POR
Kelly Olynyk,15623197,C,2021,HOU
Brook Lopez,15474547,C,2021,MIL
Cory Joseph,15355512,PG,2021,DET
Markelle Fultz,14976129,PG,2021,ORL
Taurean Prince,14928970,PF,2021,CLE
Tony Snell,14841920,SG,2021,ATL
Robert Covington,14792897,PF,2021,POR
Kentavious Caldwell-Pope,14713286,SG,2021,LAL
Nicolas Batum,14146851,SF,2021,LAC
Jordan Clarkson,14014951,SG,2021,UTA
Spencer Dinwiddie,13958950,SG,2021,BRK
Dillon Brooks,13893082,SF,2021,MEM
Dwight Powell,13503253,C,2021,DAL
Lonzo Ball,13410215,PG,2021,NOP
Josh Richardson,13242242,SG,2021,DAL
Norman Powell,13242242,SG,2021,POR
Jeremy Lamb,12796260,SG,2021,IND
DeAndre Jordan,12644750,C,2021,BRK
Joe Ingles,12630075,SF,2021,UTA
Zion Williamson,12486078,PF,2021,NOP
Paul Millsap,12308783,PF,2021,DEN
Rodney Hood,12244741,SF,2021,TOR
Tomas Satoransky,12186914,SG,2021,CHI
Jayson Tatum,12061535,SF,2021,BOS
Anthony Edwards,11891308,SG,2021,MIN
Al-Farouq Aminu,11846777,PF,2021,CHI
Dante Exum,11699437,SG,2021,CLE
George Hill,11687984,PG,2021,PHI
De'Anthony Melton,11664963,PG,2021,MEM
Kyle Anderson,11583784,PF,2021,MEM
Meyers Leonard,11455699,C,2021,MIA
Tristan Thompson,11282645,PF,2021,BOS
Serge Ibaka,11282645,C,2021,LAC
Montrezl Harrell,11282645,C,2021,LAL
Jae Crowder,11282645,PF,2021,PHO
Derrick Favors,11282645,C,2021,UTA
Dario Saric,11272895,C,2021,PHO
Ja Morant,11171500,PG,2021,MEM
Delon Wright,10968223,SG,2021,SAC
Cedi Osman,10773939,SF,2021,CLE
Tyus Jones,10745376,PG,2021,MEM
James Wiseman,10639468,C,2021,GSW
Royce O'Neale,10358877,SF,2021,UTA
Maxi Kleber,10328410,PF,2021,DAL
Thomas Bryant,10155761,C,2021,WAS
RJ Barrett,10031975,SG,2021,NYK
Jakob Poeltl,9873657,C,2021,SAS
De'Aaron Fox,9870946,PG,2021,SAC
Luka Doncic,9809686,PG,2021,DAL
Mason Plumlee,9749531,C,2021,DET
Seth Curry,9547776,SG,2021,PHI
Derrick Rose,9363116,PG,2021,NYK
Cristiano Felicio,9175552,C,2021,CHI
Rajon Rondo,9140185,PG,2021,LAC
De'Andre Hunter,9045127,SF,2021,ATL
Doug McDermott,8937070,PF,2021,IND
Robin Lopez,8896447,C,2021,WAS
JaMychal Green,8774285,PF,2021,DEN
Nemanja Bjelica,8713643,PF,2021,MIA
Patrick Williams,8614149,PF,2021,CHI
Ivica Zubac,8530840,C,2021,LAC
Darius Miller,8530840,SF,2021,OKC
Aron Baynes,8530840,C,2021,TOR
Jabari Parker,8446419,PF,2021,BOS
Lauri Markkanen,8203631,PF,2021,CHI
Darius Garland,8190484,PG,2021,CLE
Trae Young,8008996,PG,2021,ATL
Chris Boucher,7921494,C,2021,TOR
Isaac Okoro,7800746,SG,2021,CLE
Frank Ntilikina,7527342,PG,2021,NYK
Jarrett Culver,7439233,SG,2021,MIN
Alec Burks,7312148,SG,2021,NYK
Mo Bamba,7274418,C,2021,ORL
Onyeka Okongwu,7085033,C,2021,ATL
Justin Holiday,6971402,SG,2021,IND
Avery Bradley,6867326,SG,2021,HOU
Coby White,6791377,PG,2021,CHI
Trey Lyles,6702802,PF,2021,SAS
Malik Monk,6514743,SG,2021,CHO
Killian Hayes,6467741,PG,2021,DET
Luke Kennard,6427166,SG,2021,LAC
Donovan Mitchell,6331712,PG,2021,UTA
Rodney McGruder,6327820,SG,2021,DET
Bam Adebayo,6234206,C,2021,MIA
Justin Jackson,6227070,SF,2021,MIL
Jaxson Hayes,6221614,C,2021,NOP
Ed Davis,6099977,C,2021,MIN
Mike Scott,6099977,PF,2021,PHI
Richaun Holmes,6099977,C,2021,SAC
Daniel Theis,6093457,C,2021,CHI
Nerlens Noel,6093457,C,2021,NYK
Collin Sexton,6083561,SG,2021,CLE
Pat Connaughton,6018231,SG,2021,MIL
Obi Toppin,5925326,PF,2021,NYK
Kevon Looney,5875834,C,2021,GSW
Kris Dunn,5809502,PG,2021,ATL
Garrett Temple,5809502,SG,2021,CHI
Josh Jackson,5809502,SG,2021,DET
Elfrid Payton,5809502,PG,2021,NYK
Rui Hachimura,5719123,PF,2021,WAS
Denzel Valentine,5658140,SG,2021,CHI
Kevin Knox,5592185,SF,2021,NYK
Cam Reddish,5432926,SF,2021,ATL
Mikal Bridges,5312276,SF,2021,PHO
Jalen Smith,5174222,PF,2021,PHO
Cameron Johnson,5161353,PF,2021,PHO
JaVale McGee,5118504,C,2021,DEN
Reggie Bullock,5118504,SF,2021,NYK
Shai Gilgeous-Alexander,5046991,SG,2021,OKC
John Collins,5042094,PF,2021,ATL
Willie Cauley-Stein,4996634,C,2021,DAL
Devin Vassell,4915518,SF,2021,SAS
Dorian Finney-Smith,4874765,PF,2021,DAL
Patrick McCaw,4874765,SF,2021,TOR
Alex Len,4838994,C,2021,WAS
Terrance Ferguson,4806534,SG,2021,PHI
Miles Bridges,4794722,PF,2021,CHO
Austin Rivers,4788298,SG,2021,DEN
Jevon Carter,4783363,PG,2021,PHO
Jarrett Allen,4764964,C,2021,CLE
Nicolo Melli,4749771,PF,2021,DAL
Gabriel Deck,4716786,PF,2021,OKC
Tyrese Haliburton,4669830,PG,2021,SAC
Tyler Herro,4658131,SG,2021,MIA
Patrick Patterson,4649028,PF,2021,LAC
Stanley Johnson,4636085,PF,2021,TOR
Jake Layman,4583602,SF,2021,MIN
Jerome Robinson,4554883,SG,2021,WAS
Romeo Langford,4425312,SG,2021,BOS
Wesley Matthews,4415319,SG,2021,LAL
Bobby Portis,4415319,C,2021,MIL
Wayne Ellington,4344333,SG,2021,DET
Kyle Kuzma,4341195,SF,2021,LAL
Tony Bradley,4316678,C,2021,OKC
Derrick White,4285265,SG,2021,SAS
Bismack Biyombo,4265420,C,2021,CHO
Boban Marjanovic,4265420,C,2021,DAL
Josh Hart,4254645,SF,2021,NOP
Aaron Nesmith,4214722,SF,2021,BOS
Sekou Doumbouya,4203754,PF,2021,DET
Dewayne Dedmon,4201411,C,2021,MIA
Jeff Teague,4110433,PG,2021,MIL
Michael Carter-Williams,4021681,SG,2021,ORL
Cole Anthony,4003547,PG,2021,ORL
Taj Gibson,4001797,C,2021,NYK
Facundo Campazzo,3899812,PG,2021,DEN
Isaiah Stewart,3803633,C,2021,DET
Chuma Okeke,3803633,PF,2021,ORL
Nickeil Alexander-Walker,3793981,SG,2021,NOP
DeMarcus Cousins,3719241,C,2021,LAC
Donte DiVincenzo,3709891,SG,2021,MIL
Khem Birch,3670087,C,2021,TOR
Ryan Arcidiacono,3656074,PG,2021,CHI
Trey Burke,3656074,PG,2021,DAL
Aleksej Pokusevski,3613225,PF,2021,OKC
Goga Bitadze,3604304,C,2021,IND
Ben McLemore,3526442,SG,2021,LAL
Luka Samanic,3441974,PF,2021,SAS
Josh Green,3432761,SG,2021,DAL
Kevin Huerter,3365928,SG,2021,ATL
Alex Caruso,3351401,PG,2021,LAL
Matisse Thybulle,3304213,SG,2021,PHI
Saddiq Bey,3278182,SF,2021,DET
Josh Okogie,3230799,SG,2021,MIN
Vincent Poirier,3192005,C,2021,PHI
Brandon Clarke,3172156,PF,2021,MEM
Precious Achiuwa,3146856,PF,2021,MIA
Jeff Green,3125642,C,2021,BRK
Jared Dudley,3125642,PF,2021,LAL
Marc Gasol,3125642,C,2021,LAL
Udonis Haslem,3125642,C,2021,MIA
Dwight Howard,3125642,C,2021,PHI
Grayson Allen,3101959,SG,2021,MEM
Grant Williams,3045217,PF,2021,BOS
Tyrese Maxey,3020941,SG,2021,PHI
Chandler Hutchison,2977799,SF,2021,WAS
Mfiondu Kabengele,2964287,PF,2021,CLE
Darius Bazley,2923835,PF,2021,OKC
Moritz Wagner,2905256,C,2021,ORL
Zeke Nnaji,2900290,PF,2021,DEN
Aaron Holiday,2858611,PG,2021,IND
Bryn Forbes,2848258,SG,2021,MIL
Reggie Jackson,2841492,SG,2021,LAC
Markieff Morris,2841492,PF,2021,LAL
E'Twaun Moore,2841492,SG,2021,PHO
Kent Bazemore,2827417,SF,2021,GSW
Hassan Whiteside,2827417,C,2021,SAC
Ty Jerome,2806695,SG,2021,OKC
Mike Muscala,2782314,C,2021,OKC
Anfernee Simons,2744541,SG,2021,POR
Luke Kornet,2742055,C,2021,BOS
Brad Wanamaker,2742055,PG,2021,CHO
Nassir Little,2694088,PF,2021,POR
Solomon Hill,2649822,PF,2021,ATL
Matthew Dellavedova,2649822,PG,2021,CLE
Edmond Sumner,2632373,SG,2021,IND
Anderson Varejao,2610087,C,2021,CLE
Dylan Windler,2604879,SF,2021,CLE
Immanuel Quickley,2565979,PG,2021,NYK
John Konchar,2559252,SG,2021,MEM
Landry Shamet,2547113,SG,2021,BRK
Jordan Poole,2514501,SG,2021,GSW
Bol Bol,2508359,PF,2021,DEN
Keldon Johnson,2495928,SF,2021,SAS
Payton Pritchard,2481012,SG,2021,BOS
Robert Williams,2473846,C,2021,BOS
Tyler Johnson,2472230,SG,2021,BRK
Bruno Caboclo,2472230,PF,2021,HOU
Langston Galloway,2472230,SG,2021,PHO
Gary Clark,2459876,PF,2021,PHI
Damyean Dotson,2437382,SG,2021,CLE
Theo Maledon,2437382,PG,2021,OKC
Kenrich Williams,2437382,PF,2021,OKC
Quinn Cook,2415018,PG,2021,CLE
Cameron Payne,2409366,PG,2021,PHO
Udoka Azubuike,2409352,C,2021,UTA
Jaden McDaniels,2394436,PF,2021,MIN
Malachi Flynn,2377179,PG,2021,TOR
Desmond Bane,2359922,SG,2021,MEM
Jontay Porter,2315513,PF,2021,MEM
Jahlil Okafor,2294633,C,2021,DET
JaKarr Sampson,2294633,PF,2021,IND
Raul Neto,2294633,PG,2021,WAS
David Nwaba,2222896,SF,2021,HOU
Marquese Chriss,2222896,PF,2021,GSW
Georges Niang,2173605,PF,2021,UTA
Rodions Kurucs,2169456,SF,2021,MIL
PJ Dozier,2148304,SG,2021,DEN
Damion Lee,2148304,SG,2021,GSW
Alfonzo McKinnie,2148304,SF,2021,LAL
Furkan Korkmaz,2148304,SG,2021,PHI
Semi Ojeleye,2136305,PF,2021,BOS
Abdel Nader,2136305,SF,2021,PHO
Thon Maker,2117043,C,2021,CLE
Willy Hernangomez,2117043,C,2021,NOP
Frank Kaminsky,2117043,C,2021,PHO
Monte Morris,2100666,PG,2021,DEN
Brandon Goodwin,2073716,PG,2021,ATL
Thanasis Antetokounmpo,2073716,SF,2021,MIL
Shake Milton,2073716,SG,2021,PHI
Ignas Brazdeikis,2055097,SF,2021,ORL
Sterling Brown,2046005,SG,2021,HOU
Dwayne Bacon,2046005,SG,2021,ORL
Torrey Craig,2046005,SF,2021,PHO
Bruce Brown,2027733,PG,2021,BRK
Jalen Brunson,2027733,PG,2021,DAL
Hamidou Diallo,2027733,SG,2021,DET
Duncan Robinson,2027733,SF,2021,MIA
Kendrick Nunn,2027733,PG,2021,MIA
Jarred Vanderbilt,2027733,PF,2021,MIN
Mitchell Robinson,2027733,C,2021,NYK
Isaac Bonga,2027733,SF,2021,WAS
Isaiah Hartenstein,1974967,C,2021,CLE
Wenyen Gabriel,1974967,PF,2021,NOP
Harry Giles,1974967,C,2021,POR
Drew Eubanks,1974967,C,2021,SAS
Bruno Fernando,1849950,C,2021,ATL
Carsen Edwards,1849950,SG,2021,BOS
Cody Martin,1849950,SF,2021,CHO
Caleb Martin,1849950,SF,2021,CHO
Jalen McDaniels,1849950,SF,2021,CHO
Javonte Green,1849950,SF,2021,CHI
Dean Wade,1849950,PF,2021,CLE
Vlatko Cancar,1849950,PF,2021,DEN
Eric Paschall,1849950,PF,2021,GSW
Alen Smailagic,1849950,PF,2021,GSW
Mychal Mulder,1849950,PG,2021,GSW
Jalen Lecque,1849950,PG,2021,IND
Terance Mann,1849950,SG,2021,LAC
Talen Horton-Tucker,1849950,SG,2021,LAL
KZ Okpala,1849950,PF,2021,MIA
Naz Reid,1849950,C,2021,MIN
Jaylen Nowell,1849950,SG,2021,MIN
Luguentz Dort,1849950,SG,2021,OKC
Isaiah Roby,1849950,PF,2021,OKC
Justin James,1849950,SF,2021,SAC
Terence Davis,1849950,SG,2021,SAC
Chris Silva,1849950,PF,2021,SAC
Matt Thomas,1849950,SG,2021,UTA
Miye Oni,1849950,SG,2021,UTA
Juwan Morgan,1849950,PF,2021,UTA
Daniel Gafford,1849950,PF,2021,WAS
Damian Jones,1812540,C,2021,SAC
Jae'Sean Tate,1761858,SF,2021,HOU
DaQuan Jeffries,1761858,SG,2021,HOU
Kelan Martin,1761858,SF,2021,IND
Paul Watson,1761858,SF,2021,TOR
Tyrell Terry,1571924,PG,2021,DAL
Oshae Brissett,1530058,SF,2021,IND
Moses Brown,1523364,C,2021,OKC
Sindarius Thornwell,1506167,SG,2021,ORL
Ersan Ilyasova,1455778,PF,2021,UTA
Glenn Robinson III,1420167,SF,2021,SAC
Khyri Thomas,1293376,SG,2021,HOU
Norvel Pelle,1236854,C,2021,NYK
Nick Richards,1218691,PF,2021,CHO
Lamar Stevens,1218691,PF,2021,CLE
Jahmi'us Ramsey,1218691,SG,2021,SAC
Juan Toscano-Anderson,1150399,SG,2021,GSW
Shaquille Harrison,1115160,SG,2021,DEN
Chimezie Metu,1110099,C,2021,SAC
Deividas Sirvydis,1094762,SG,2021,DET
Daniel Oturu,1094762,C,2021,LAC
Jordan Nwora,1094762,SF,2021,MIL
Sam Merrill,1094762,SG,2021,MIL
Isaiah Joe,1094762,SG,2021,PHI
CJ Elleby,1094762,SF,2021,POR
Tre Jones,1094762,PG,2021,SAS
Elijah Hughes,1094762,SF,2021,UTA
Anthony Gill,1094762,PF,2021,WAS
Iman Shumpert,978662,SG,2021,BRK
Theo Pinson,977612,SG,2021,NYK
Yuta Watanabe,899389,SF,2021,TOR
Tremont Waters,868047,PG,2021,BOS
Frank Jackson,852004,PG,2021,DET
Rayjon Tucker,845473,PG,2021,PHI
Tyler Cook,844724,SF,2021,DET
Garrison Mathews,838523,SG,2021,WAS
Gabe Vincent,805250,PG,2021,MIA
Tacko Fall,796931,C,2021,BOS
Max Strus,788612,SF,2021,MIA
Alize Johnson,757522,PF,2021,BRK
Anthony Tolliver,749297,PF,2021,PHI
Paul Reed,742339,PF,2021,PHI
Tim Frazier,728123,PG,2021,MEM
Jordan Bell,721913,C,2021,GSW
Amir Coffey,705429,SG,2021,LAC
Naji Marshall,656132,SF,2021,NOP
Kyle Guy,655519,PG,2021,SAC
Markus Howard,652358,SG,2021,DEN
Skylar Mays,648609,SG,2021,ATL
Mamadi Diakite,645103,PF,2021,MIL
Nathan Knight,637362,PF,2021,ATL
Jared Harper,634313,PG,2021,NYK
Saben Lee,629863,PG,2021,DET
Jarrell Brantley,622246,PF,2021,UTA
Jordan McLaughlin,613928,PG,2021,MIN
Rondae Hollis-Jefferson,612949,PF,2021,POR
Reggie Perry,596120,PF,2021,BRK
Cassius Stanley,573625,SG,2021,IND
Trent Forrest,573625,PG,2021,UTA
Chris Chiozza,547332,PG,2021,BRK
Grant Riller,547332,PG,2021,CHO
Nate Darling,547332,SG,2021,CHO
Devon Dotson,547332,PG,2021,CHI
Adam Mokoka,547332,SG,2021,CHI
Marques Bolden,547332,C,2021,CLE
Tyler Bey,547332,SF,2021,DAL
Nate Hinton,547332,SG,2021,DAL
Nico Mannion,547332,PG,2021,GSW
Jay Scrubb,547332,SG,2021,LAC
Devontae Cacok,547332,PF,2021,LAL
Kostas Antetokounmpo,547332,PF,2021,LAL
Killian Tillie,547332,C,2021,MEM
Sean McDermott,547332,SF,2021,MEM
Jaylen Adams,547332,PG,2021,MIL
Josh Hall,547332,SF,2021,OKC
Ty-Shon Alexander,547332,SG,2021,PHO
Keljin Blevins,547332,SF,2021,POR
Keita Bates-Diop,547332,SF,2021,SAS
Quinndary Weatherspoon,547332,SG,2021,SAS
Jalen Harris,547332,SG,2021,TOR
Cassius Winston,547332,PG,2021,WAS
Yogi Ferrell,541280,PG,2021,LAC
Noah Vonleh,521264,PF,2021,BRK
Mason Jones,517387,SG,2021,PHI
Brodric Thomas,502346,SG,2021,CLE
Andre Roberson,501660,SG,2021,BRK
Donta Hall,458563,PF,2021,ORL
Brian Bowen,457400,SF,2021,IND
Anzejs Pasecniks,456152,C,2021,WAS
Freddie Gillespie,442403,PF,2021,TOR
Karim Mane,419908,PG,2021,ORL
Will Magnay,416159,C,2021,NOP
Greg Whittington,404912,PF,2021,DEN
Chasson Randle,341144,PG,2021,ORL
Justin Patton,326149,C,2021,HOU
Gary Payton II,304507,PG,2021,GSW
Mike James,289619,PG,2021,BRK
Anthony Lamb,262420,SF,2021,HOU
Justin Robinson,241349,PG,2021,OKC
Axel Toupane,239926,SF,2021,MIL
Henry Ellenson,205938,PF,2021,TOR
Ashton Hagans,202438,PG,2021,MIN
Isaiah Thomas,194622,PG,2021,NOP
Armoni Brooks,164964,SG,2021,HOU
Jordan Bone,164949,PG,2021,ORL
Jaylen Hoard,157465,SF,2021,OKC
Amida Brimah,149967,C,2021,IND
Didi Louzada,149967,SF,2021,NOP
James Nunnally,131221,SF,2021,NOP
Dakota Mathias,104968,SG,2021,PHI
Malik Fitts,74983,PF,2021,LAC
Jeremiah Martin,71234,PG,2021,CLE
Louis King,59986,SF,2021,SAC
Cameron Oliver,52489,SF,2021,HOU
Elijah Bryant,29993,SG,2021,MIL
Stephen Curry,52938707,PG,2022,GSW
James Harden,51238730,PG,2022,PHI
Russell Westbrook,51123449,PG,2022,LAL
Kevin Durant,48588451,PF,2022,BRK
LeBron James,47619020,SF,2022,LAL
Paul George,45496459,SF,2022,LAC
Giannis Antetokounmpo,45496378,PF,2022,MIL
Damian Lillard,45496378,PG,2022,POR
Klay Thompson,43918911,SG,2022,GSW
Jimmy Butler,41647244,SF,2022,MIA
Tobias Harris,41623828,PF,2022,PHI
Khris Middleton,41050337,SF,2022,MIL
Anthony Davis,40890021,C,2022,LAL
Rudy Gobert,40870904,C,2022,UTA
Kyrie Irving,40852255,PG,2022,BRK
Kemba Walker,40434514,PG,2022,NYK
Bradley Beal,38996895,SG,2022,WAS
Pascal Siakam,38164020,PF,2022,TOR
Blake Griffin,37472385,PF,2022,BRK
Karl-Anthony Towns,36599093,C,2022,MIN
Devin Booker,36599093,SG,2022,PHO
Kristaps Porzingis,36599093,PF,2022,WAS
Andrew Wiggins,36516749,SF,2022,GSW
Joel Embiid,36516749,C,2022,PHI
Kevin Love,36145407,PF,2022,CLE
Jrue Holiday,36044894,PG,2022,MIL
Nikola Jokic,35898700,C,2022,DEN
CJ McCollum,35689739,SG,2022,NOP
Chris Paul,35615504,PG,2022,PHO
D'Angelo Russell,34706036,PG,2022,MIN
Gordon Hayward,34603699,SF,2022,CHO
Brandon Ingram,34075017,SF,2022,NOP
Jayson Tatum,32497412,SF,2022,BOS
Bam Adebayo,32497412,C,2022,MIA
De'Aaron Fox,32497412,PG,2022,SAC
Donovan Mitchell,32497412,SG,2022,UTA
Al Horford,31221383,C,2022,BOS
Kyle Lowry,31203029,PG,2022,MIA
Jaylen Brown,30942620,SF,2022,BOS
DeMar DeRozan,30065035,PF,2022,CHI
Draymond Green,27783229,PF,2022,GSW
Nikola Vucevic,27752340,C,2022,CHI
Buddy Hield,26680677,SG,2022,IND
John Collins,26595993,PF,2022,ATL
Malcolm Brogdon,25092741,PG,2022,IND
Mike Conley,24283298,PG,2022,UTA
Gary Harris,24204831,SG,2022,ORL
Danilo Gallinari,23676215,PF,2022,ATL
Harrison Barnes,23455458,PF,2022,SAC
Jerami Grant,23129841,PF,2022,DET
Jarrett Allen,23126950,C,2022,CLE
Julius Randle,22895681,PF,2022,NYK
Fred VanVleet,22752208,PG,2022,TOR
Zach LaVine,22548776,SF,2022,CHI
Goran Dragic,22374060,PG,2022,BRK
Spencer Dinwiddie,22334024,PG,2022,DAL
Bojan Bogdanovic,21623698,PF,2022,UTA
Domantas Sabonis,21392429,C,2022,SAC
Eric Gordon,21067285,SG,2022,HOU
Eric Bledsoe,20958799,PG,2022,LAC
Bogdan Bogdanovic,20814255,SG,2022,ATL
Myles Turner,20814255,C,2022,IND
Terry Rozier,20704706,SG,2022,CHO
Ricky Rubio,20582986,PG,2022,CLE
Clint Capela,20355703,C,2022,ATL
Caris LeVert,20236081,SG,2022,CLE
Joe Harris,20070889,SF,2022,BRK
Evan Fournier,19823100,SG,2022,NYK
Steven Adams,19742519,C,2022,MEM
Markelle Fultz,19079734,PG,2022,ORL
Aaron Gordon,18974611,PF,2022,DEN
OG Anunoby,18584157,SF,2022,TOR
Davis Bertans,18501560,PF,2022,DAL
Lauri Markkanen,18144143,PF,2022,CLE
Derrick White,18129876,SG,2022,BOS
Duncan Robinson,18096838,SG,2022,MIA
Marcus Morris,18071291,PF,2022,LAC
Will Barton,18067930,SG,2022,DEN
Norman Powell,17943324,SF,2022,LAC
Dejounte Murray,17841147,PG,2022,SAS
Malik Beasley,16757746,SG,2022,MIN
Patrick Beverley,16560038,PG,2022,MIN
Thaddeus Young,16408571,PF,2022,TOR
Jonas Valanciunas,16188865,C,2022,NOP
Marcus Smart,16003023,PG,2022,BOS
Doug McDermott,15899778,PF,2022,SAS
Christian Wood,15803416,C,2022,HOU
Derrick Rose,15547231,PG,2022,NYK
Luke Kennard,15434611,SG,2022,LAC
Taurean Prince,15419171,PF,2022,MIN
Brook Lopez,15382110,C,2022,MIL
Kentavious Caldwell-Pope,15077455,SG,2022,WAS
Joe Ingles,15074567,SF,2022,UTA
Kyle Kuzma,15032517,PF,2022,WAS
Robert Covington,15004153,PF,2022,LAC
Terrence Ross,14454344,SG,2022,ORL
Jordan Clarkson,14361836,SG,2022,UTA
Dillon Brooks,14107439,SF,2022,MEM
Kelly Olynyk,14101799,C,2022,DET
Nicolas Batum,13907389,PF,2022,LAC
Jusuf Nurkic,13876170,C,2022,POR
Josh Hart,13876170,SG,2022,POR
Josh Richardson,13431355,SG,2022,SAS
DeAndre Jordan,12846241,C,2022,PHI
Dwight Powell,12812475,C,2022,DAL
Jeremy Lamb,12141649,SF,2022,SAC
Reggie Jackson,12008090,SG,2022,LAC
Richaun Holmes,12008090,C,2022,SAC
Anthony Edwards,11847335,SG,2022,MIN
Luka Doncic,11765131,PG,2022,DAL
Cade Cunningham,11621431,PG,2022,DET
Danny Green,11563475,SF,2022,PHI
Tomas Satoransky,11563475,SG,2022,WAS
Tristan Thompson,11501738,PF,2022,CHI
Kyle Anderson,11490798,PF,2022,MEM
Montrezl Harrell,11240738,C,2022,CHO
Serge Ibaka,11240738,C,2022,MIL
Derrick Favors,11240738,C,2022,OKC
Jae Crowder,11240738,PF,2022,PHO
Ja Morant,11104821,PG,2022,MEM
Reggie Bullock,11026930,SF,2022,DAL
Alec Burks,11026930,SG,2022,NYK
Talen Horton-Tucker,10985301,SG,2022,LAL
Mason Plumlee,10694287,C,2022,CHO
Jalen Green,10397969,SG,2022,HOU
De'Anthony Melton,10182768,SG,2022,MEM
Nerlens Noel,10175858,C,2022,NYK
Royce O'Neale,10175858,SF,2022,UTA
Maxi Kleber,10118040,PF,2022,DAL
Jakob Poeltl,10118040,C,2022,SAS
Thomas Bryant,10021679,C,2022,WAS
RJ Barrett,9972248,SF,2022,NYK
Alex Caruso,9944588,SG,2022,CHI
Delon Wright,9859384,SG,2022,ATL
Monte Morris,9770065,PG,2022,DEN
Tyus Jones,9685897,PG,2022,MEM
Trae Young,9628294,PG,2022,ATL
Daniel Theis,9574963,C,2022,BOS
LaMelo Ball,9518775,PG,2022,CHO
Seth Curry,9490743,SG,2022,BRK
JaMychal Green,9482049,PF,2022,DEN
Cedi Osman,9404960,SF,2022,CLE
Evan Mobley,9337691,PF,2022,CLE
De'Andre Hunter,8991064,SF,2022,ATL
Mo Bamba,8752097,C,2022,ORL
Ivica Zubac,8694019,C,2022,LAC
Rajon Rondo,8672605,PG,2022,CLE
Patrick Williams,8582411,PF,2022,CHI
Cory Joseph,8452900,PG,2022,DET
Scottie Barnes,8418672,PF,2022,TOR
Darius Garland,8141704,PG,2022,CLE
Chris Boucher,8117559,PF,2022,TOR
Zach Collins,8094432,PF,2022,SAS
Isaac Okoro,7771488,SF,2022,CLE
Jalen Suggs,7623706,PG,2022,ORL
Cameron Payne,7516258,PG,2022,PHO
Jarrett Culver,7395027,SG,2022,MEM
Khem Birch,7342806,C,2022,TOR
Collin Sexton,7342426,SG,2022,CLE
Onyeka Okongwu,7058669,C,2022,ATL
Justin Holiday,6945508,SF,2022,SAC
Josh Giddey,6924209,SG,2022,OKC
Rudy Gay,6810886,PF,2022,UTA
Kevin Knox,6759982,SF,2022,ATL
Coby White,6750479,PG,2022,CHI
Killian Hayes,6443954,PG,2022,DET
Mikal Bridges,6426661,SF,2022,PHO
Shai Gilgeous-Alexander,6354744,PG,2022,OKC
Jonathan Kuminga,6321011,SF,2022,GSW
Miles Bridges,6269130,PF,2022,CHO
Jaxson Hayes,6184470,C,2022,NOP
Pat Connaughton,6167187,SG,2022,MIL
Kris Dunn,6148796,PG,2022,POR
George Hill,6100300,SG,2022,MIL
Dewayne Dedmon,6078118,C,2022,MIA
Hamidou Diallo,6013007,SG,2022,DET
Kevon Looney,5988228,C,2022,GSW
Obi Toppin,5903339,PF,2022,NYK
Franz Wagner,5790803,SF,2022,ORL
Josh Jackson,5787924,SF,2022,SAC
Robin Lopez,5781737,C,2022,ORL
JaVale McGee,5781737,C,2022,PHO
Rui Hachimura,5684789,PF,2022,WAS
Garrett Temple,5677666,SG,2022,NOP
Taj Gibson,5677666,C,2022,NYK
Torrey Craig,5640719,SF,2022,PHO
Bruce Brown,5476579,SF,2022,BRK
Donte DiVincenzo,5406884,SG,2022,SAC
Cam Reddish,5400328,SF,2022,NYK
David Nwaba,5377016,SF,2022,HOU
Furkan Korkmaz,5353461,SG,2022,PHI
Davion Mitchell,5322898,PG,2022,SAC
Bryn Forbes,5203563,SG,2022,DEN
Jeff Green,5203563,C,2022,DEN
Jalen Smith,5154997,PF,2022,IND
Cameron Johnson,5130714,PF,2022,PHO
Ziaire Williams,5056754,SF,2022,MEM
Bobby Portis,5027336,C,2022,MIL
Kevin Huerter,4918358,SG,2022,ATL
Devin Vassell,4897316,SF,2022,SAS
Chandler Hutchison,4884626,SF,2022,PHO
Willie Cauley-Stein,4879881,C,2022,PHI
James Bouknight,4803930,SG,2022,CHO
Jevon Carter,4749291,PG,2022,MIL
Josh Okogie,4727037,SG,2022,MIN
Grayson Allen,4688636,SG,2022,MIL
Jarred Vanderbilt,4683207,PF,2022,MIN
Tyrese Haliburton,4652679,SG,2022,IND
Tyler Herro,4630339,SG,2022,MIA
Gorgui Dieng,4625390,C,2022,ATL
Dorian Finney-Smith,4625390,PF,2022,DAL
Terence Davis,4625390,SG,2022,SAC
Aaron Holiday,4602900,PG,2022,PHO
Jake Layman,4556222,SF,2022,MIN
Anfernee Simons,4554642,SG,2022,POR
Justise Winslow,4512575,SF,2022,POR
Romeo Langford,4399162,SG,2022,SAS
Sekou Doumbouya,4393114,PF,2022,LAL
Landry Shamet,4357512,SG,2022,PHO
Chris Duarte,4335609,SG,2022,IND
Alex Len,4315489,C,2022,SAC
Robert Williams,4234516,C,2022,BOS
Aaron Nesmith,4198929,SF,2022,BOS
Moses Moody,4119141,SG,2022,GSW
Boban Marjanovic,4047216,C,2022,DAL
Mike Muscala,4047216,C,2022,OKC
Cole Anthony,3988705,PG,2022,ORL
Corey Kispert,3912663,SF,2022,WAS
Georges Niang,3815946,PF,2022,PHI
Isaiah Stewart,3789443,C,2022,DET
Chuma Okeke,3789443,PF,2022,ORL
Nickeil Alexander-Walker,3771404,SG,2022,UTA
Alperen Sengun,3717287,C,2022,HOU
Trey Burke,3642494,PG,2022,DAL
Aleksej Pokusevski,3599894,PF,2022,OKC
Facundo Campazzo,3584677,PG,2022,DEN
Goga Bitadze,3582827,C,2022,IND
Sterling Brown,3469042,SG,2022,DAL
Frank Jackson,3469042,PG,2022,DET
Josh Green,3419920,SG,2022,DAL
Tre Mann,3354841,PG,2022,OKC
Matisse Thybulle,3284212,SG,2022,PHI
Saddiq Bey,3265895,SF,2022,DET
Kai Jones,3203730,C,2022,CHO
Brandon Clarke,3153220,PF,2022,MEM
Precious Achiuwa,3135181,C,2022,TOR
Jalen Johnson,3075514,PF,2022,ATL
LaMarcus Aldridge,3054712,C,2022,BRK
James Johnson,3054712,PF,2022,BRK
Ed Davis,3054712,C,2022,CLE
Andre Iguodala,3054712,SF,2022,GSW
Avery Bradley,3054712,SG,2022,LAL
Carmelo Anthony,3054712,PF,2022,LAL
Wayne Ellington,3054712,SG,2022,LAL
Trevor Ariza,3054712,SF,2022,LAL
Dwight Howard,3054712,C,2022,LAL
Udonis Haslem,3054712,C,2022,MIA
Markieff Morris,3054712,PF,2022,MIA
Paul Millsap,3054712,PF,2022,PHI
Grant Williams,3027086,PF,2022,BOS
Tyrese Maxey,3009880,PG,2022,PHI
Keon Johnson,2952432,SG,2022,POR
Darius Bazley,2905947,PF,2022,OKC
Trey Lyles,2890868,PF,2022,SAC
Zeke Nnaji,2889434,PF,2022,DEN
Isaiah Jackson,2834485,PF,2022,IND
Ty Jerome,2790081,SG,2022,OKC
Andre Drummond,2777011,C,2022,BRK
Austin Rivers,2777011,SG,2022,DEN
Kent Bazemore,2777011,SF,2022,LAL
Hassan Whiteside,2777011,C,2022,UTA
Victor Oladipo,2763255,SG,2022,MIA
Tony Snell,2763255,SG,2022,NOP
Solomon Hill,2763255,PF,2022,ATL
Ben McLemore,2763255,SG,2022,POR
Cody Zeller,2763255,C,2022,POR
Usman Garuba,2721255,PF,2022,HOU
Leandro Bolmaro,2721255,SF,2022,MIN
Willy Hernangomez,2691075,C,2022,NOP
Nassir Little,2678378,SF,2022,POR
Josh Christopher,2612466,SG,2022,HOU
Drew Eubanks,2590009,C,2022,POR
Rodney Hood,2589691,SF,2022,LAC
Elfrid Payton,2589691,PG,2022,PHO
Dylan Windler,2589293,SF,2022,CLE
Immanuel Quickley,2556268,PG,2022,NYK
John Konchar,2543964,SG,2022,MEM
Quentin Grimes,2507701,SG,2022,NYK
Jordan Poole,2499375,SG,2022,GSW
Bol Bol,2499042,PF,2022,DEN
Keldon Johnson,2481198,SF,2022,SAS
Payton Pritchard,2471623,SG,2022,BOS
Bones Hyland,2424722,PG,2022,DEN
Nemanja Bjelica,2416128,C,2022,GSW
Frank Kaminsky,2416128,C,2022,PHO
Raul Neto,2416128,PG,2022,WAS
Jaden McDaniels,2385868,PF,2022,MIN
Malachi Flynn,2368246,PG,2022,TOR
DeMarcus Cousins,2357725,C,2022,DEN
Cam Thomas,2354647,SG,2022,BRK
Desmond Bane,2351039,SF,2022,MEM
Jaden Springer,2340077,SG,2022,PHI
Day'Ron Sharpe,2323287,PF,2022,BRK
Garrison Mathews,2312695,SG,2022,HOU
Jordan McLaughlin,2312695,PG,2022,MIN
Jeremiah Robinson-Earl,2312695,C,2022,OKC
Theo Maledon,2312695,PG,2022,OKC
Kenrich Williams,2312695,SF,2022,OKC
Abdel Nader,2312695,SF,2022,PHO
Damian Jones,2286111,C,2022,SAC
Wesley Matthews,2264700,SG,2022,MIL
Rodney McGruder,2242562,SG,2022,DET
Moses Brown,2236270,C,2022,CLE
Jose Alvarado,2226438,PG,2022,NOP
Damion Lee,2209618,SG,2022,GSW
PJ Dozier,2209618,SG,2022,DEN
Killian Tillie,2198939,C,2022,MEM
Tyrell Terry,2161719,PG,2022,MEM
Carsen Edwards,2150071,SG,2022,DET
Shake Milton,2135470,PG,2022,PHI
Jalen Brunson,2083804,PG,2022,DAL
Mitchell Robinson,2083804,C,2022,NYK
Tony Bradley,2069001,C,2022,CHI
Frank Ntilikina,2069001,PG,2022,DAL
Semi Ojeleye,2069001,PF,2022,LAC
Malik Monk,2069001,SG,2022,LAL
Didi Louzada,2066251,SG,2022,POR
Jalen McDaniels,2061329,SF,2022,CHO
Cody Martin,2061329,SF,2022,CHO
Dean Wade,2061329,PF,2022,CLE
Vlatko Cancar,2061329,PF,2022,DEN
Bruno Fernando,2061329,C,2022,HOU
Terance Mann,2061329,SF,2022,LAC
Jaylen Nowell,2061329,SG,2022,MIN
Naz Reid,2061329,C,2022,MIN
KZ Okpala,2061329,PF,2022,MIA
Isaiah Roby,2061329,PF,2022,OKC
Luguentz Dort,2061329,SF,2022,OKC
Eric Paschall,2061329,PF,2022,UTA
Daniel Gafford,2061329,C,2022,WAS
Chimezie Metu,2038404,C,2022,SAC
Yuta Watanabe,2038404,SF,2022,TOR
Armoni Brooks,2010962,SG,2022,TOR
Isaiah Hartenstein,1999575,C,2022,LAC
Thanasis Antetokounmpo,1999575,SF,2022,MIL
Moritz Wagner,1999575,C,2022,ORL
Keita Bates-Diop,1999575,SF,2022,SAS
Isaac Bonga,1999575,SF,2022,TOR
Juan Toscano-Anderson,1967632,SF,2022,GSW
Oshae Brissett,1967632,SF,2022,IND
Gabriel Deck,1954813,PF,2022,OKC
Matt Thomas,1930149,SG,2022,CHI
Javonte Green,1930149,SF,2022,CHI
Gary Payton II,1930149,PG,2022,GSW
Max Strus,1930149,SF,2022,MIA
Gabe Vincent,1930149,PG,2022,MIA
Lance Stephenson,1867297,SG,2022,IND
Deividas Sirvydis,1854271,SG,2022,DET
Daniel Oturu,1854270,C,2022,TOR
Kevin Pangos,1814515,PG,2022,CLE
Bismack Biyombo,1755581,C,2022,PHO
Nick Richards,1755313,C,2022,CHO
Lamar Stevens,1755313,PF,2022,CLE
Jae'Sean Tate,1755313,SF,2022,HOU
Sam Merrill,1755313,SG,2022,MEM
Jordan Nwora,1755313,SF,2022,MIL
Naji Marshall,1755313,SF,2022,NOP
Paul Reed,1755313,C,2022,PHI
Isaiah Joe,1755313,SG,2022,PHI
Elijah Hughes,1755313,SG,2022,POR
CJ Elleby,1755313,SF,2022,POR
Jahmi'us Ramsey,1755313,SG,2022,SAC
Tre Jones,1755313,PG,2022,SAS
Anthony Gill,1755313,PF,2022,WAS
Isaiah Todd,1734521,PF,2022,WAS
Saben Lee,1721876,PG,2022,DET
Omer Yurtseven,1721876,C,2022,MIA
Stanley Johnson,1583036,PF,2022,LAL
Aaron Wiggins,1509913,SG,2022,OKC
Marquese Chriss,1495041,PF,2022,DAL
JT Thor,1445434,PF,2022,CHO
Jabari Parker,1350944,PF,2022,BOS
Alfonzo McKinnie,1260426,SF,2022,CHI
Isaiah Livers,1222559,SF,2022,DET
Denzel Valentine,1162860,SG,2022,UTA
Alize Johnson,1160670,PF,2022,NOP
Kelan Martin,1149131,SF,2022,BOS
Miye Oni,1094206,SG,2022,UTA
Ayo Dosunmu,1069919,SG,2022,CHI
Marko Simonovic,1069919,C,2022,CHI
Luka Garza,1069919,C,2022,DET
Austin Reaves,1069919,SG,2022,LAL
Miles McBride,1069919,PG,2022,NYK
Vit Krejci,1069919,SG,2022,OKC
Charles Bassey,1069919,PF,2022,PHI
Jock Landale,1069919,C,2022,SAS
Dalano Banton,1069919,SF,2022,TOR
Jared Butler,1069919,SG,2022,UTA
Daishen Nix,1067398,SG,2022,HOU
Isaiah Thomas,1053345,PG,2022,CHO
Terry Taylor,1035075,SG,2022,IND
Mamadi Diakite,1004956,PF,2022,OKC
Caleb Martin,975970,SF,2022,MIA
Brad Wanamaker,942327,PG,2022,WAS
Luke Kornet,939374,C,2022,BOS
Wayne Selden,939373,SG,2022,NYK
Gary Clark,938044,PF,2022,NOP
Trendon Watford,889034,SF,2022,POR
Devontae Cacok,839656,PF,2022,SAS
Admiral Schofield,836895,SF,2022,ORL
Malik Fitts,729508,PF,2022,BOS
Sam Hauser,716354,SF,2022,BOS
Greg Monroe,708612,C,2022,UTA
Amir Coffey,663253,SG,2022,LAC
Joe Wieskamp,651790,SG,2022,SAS
Keifer Sykes,645640,PG,2022,IND
Haywood Highsmith,633332,SF,2022,MIA
Nik Stauskas,618637,SG,2022,BOS
Davon Reed,615637,SG,2022,DEN
Wenyen Gabriel,603628,PF,2022,LAL
Skylar Mays,590786,SG,2022,ATL
Georgios Kalaitzakis,578001,SF,2022,OKC
Chris Silva,554641,PF,2022,MIA
Kessler Edwards,535632,SF,2022,BRK
Trent Forrest,535632,PG,2022,UTA
Sharife Cooper,534959,PG,2022,ATL
Brodric Thomas,534959,SG,2022,BOS
Scottie Lewis,534959,SG,2022,CHO
Arnoldas Kulboka,534959,SF,2022,CHO
Tyler Cook,534959,PF,2022,CHI
Markus Howard,534959,SG,2022,DEN
Jamorko Pickett,534959,PF,2022,DET
Chris Chiozza,534959,PG,2022,GSW
Jay Scrubb,534959,SG,2022,LAC
Yves Pons,534959,SF,2022,MEM
Sandro Mamukelashvili,534959,PF,2022,MIL
Nathan Knight,534959,PF,2022,MIN
Jericho Sims,534959,PF,2022,NYK
Ignas Brazdeikis,534959,SF,2022,ORL
Keljin Blevins,534959,SF,2022,POR
Neemias Queta,534959,C,2022,SAC
David Johnson,534959,SG,2022,TOR
Justin Champagnie,534959,SF,2022,TOR
Cassius Winston,534959,PG,2022,WAS
Justin Anderson,515532,SF,2022,IND
Theo Pinson,509613,SF,2022,DAL
Langston Galloway,446496,SG,2022,MIL
Tim Frazier,446496,PG,2022,CLE
Kyle Guy,442972,SG,2022,MIA
Sam Dekker,404721,PF,2022,TOR
Quinndary Weatherspoon,400664,SG,2022,GSW
Brandon Goodwin,397769,PG,2022,CLE
Malcolm Hill,375086,SF,2022,CHI
Louis King,365863,SF,2022,SAC
Justin Jackson,356724,SF,2022,PHO
Shaquille Harrison,356724,SG,2022,BRK
Jeff Dowtin,353564,PG,2022,ORL
Trevelin Queen,350491,SG,2022,HOU
Paul Watson,350491,SF,2022,OKC
Myles Powell,347416,PG,2022,PHI
Mason Jones,341267,SG,2022,LAL
Eugene Omoruyi,325894,SF,2022,DAL
Brandon Knight,317616,PG,2022,DAL
Justin Robinson,307533,PG,2022,DET
Mychal Mulder,298223,PG,2022,MIA
Tyler Johnson,297664,PG,2022,SAS
Cassius Stanley,296873,SG,2022,DET
Zylan Cheatham,296871,SF,2022,UTA
Devon Dotson,276703,PG,2022,CHI
Marcus Garrett,273628,SG,2022,MIA
Lindell Wigginton,270554,PG,2022,MIL
Jay Huff,261331,C,2022,LAL
Olivier Sarr,258257,C,2022,OKC
Aaron Henry,258256,SF,2022,PHI
Freddie Gillespie,255732,PF,2022,ORL
JaQuori McLaughlin,255181,PG,2022,DAL
Rayjon Tucker,255134,SG,2022,MIL
Tacko Fall,252108,C,2022,CLE
Petr Cornelie,252108,PF,2022,DEN
Juwan Morgan,244042,PF,2022,BOS
Damyean Dotson,237816,SG,2022,NYK
Xavier Moon,233661,SG,2022,LAC
Tyrone Wallace,229835,SG,2022,NOP
Norvel Pelle,221856,C,2022,UTA
Jaylen Hoard,221856,SF,2022,OKC
Tremont Waters,221856,PG,2022,WAS
Reggie Perry,217706,PF,2022,IND
Devin Cannady,214592,PG,2022,ORL
Brandon Williams,209065,PG,2022,POR
Moses Wright,199840,PF,2022,DAL
DeJon Jarreau,199840,SG,2022,IND
Dakota Mathias,197915,SG,2022,MEM
Matt Mooney,197915,SG,2022,NYK
Lindy Waters III,184468,SG,2022,OKC
Joe Johnson,175557,SG,2022,BOS
Darren Collison,175557,PG,2022,LAL
Xavier Sneed,169096,SF,2022,UTA
Anthony Lamb,157372,SF,2022,SAS
Braxton Key,147574,SF,2022,DET
Feron Hunt,135276,SF,2022,NYK
Mac McClung,129128,SG,2022,LAL
Matt Ryan,129128,SF,2022,BOS
Emmanuel Mudiay,128883,PG,2022,SAC
Carlik Jones,122978,PG,2022,DEN
Hassani Gravett,122979,PG,2022,ORL
Paris Bass,122979,SF,2022,PHO
Jordan Bell,118908,C,2022,CHI
Cheick Diallo,118908,C,2022,DET
Nate Hinton,111255,SG,2022,IND
Derrick Walton,110928,PG,2022,DET
DaQuan Jeffries,110928,SG,2022,MEM
Scotty Hopson,110928,SG,2022,OKC
Jaylen Morris,110928,SG,2022,SAS
Cameron Oliver,98957,SF,2022,ATL
Malik Newman,98957,PG,2022,CLE
George King,98957,SF,2022,DAL
Jemerrio Jones,98957,SF,2022,LAL
Emanuel Terry,98957,PF,2022,PHO
Jared Harper,98383,PG,2022,NOP
Gabriel Lundberg,92234,SG,2022,PHO
Tre Scott,61489,SF,2022,CLE
Trayvon Palmer,61489,SG,2022,DET
Micah Potter,61489,C,2022,DET
Jaysean Paige,61489,PG,2022,DET
Ahmad Caver,61489,PG,2022,IND
Shaq Buchanan,61489,PG,2022,MEM
Jon Teske,61489,C,2022,MEM
Javin DeLaurier,61489,C,2022,MIL
Tyler Hall,61489,SG,2022,NYK
Rob Edwards,61489,SG,2022,OKC
Aleem Ford,61489,SF,2022,ORL
Cameron McGriff,61489,SF,2022,POR
Jarron Cumberland,61489,SG,2022,POR
Ade Murkey,61489,SG,2022,SAC
Jordan Schakel,61489,SG,2022,WAS
Jordan Goodwin,61489,SG,2022,WAS
Craig Sword,61489,SG,2022,WAS
Jaime Echenique,61489,C,2022,WAS
Zavier Simpson,43042,PG,2022,OKC
Melvin Frazier,15372,SG,2022,OKC
Stephen Curry,50968059,PG,2023,GSW
John Wall,50200141,PG,2023,LAC
Russell Westbrook,49918548,PG,2023,LAC
LeBron James,47156296,PF,2023,LAL
Kevin Durant,46779742,PF,2023,PHO
Bradley Beal,45888469,SG,2023,WAS
Kawhi Leonard,45054279,SF,2023,LAC
Paul George,45054279,SG,2023,LAC
Giannis Antetokounmpo,45054279,PF,2023,MIL
Damian Lillard,45054279,PG,2023,POR
Klay Thompson,43047777,SG,2023,GSW
Kyrie Irving,41263288,PG,2023,DAL
Rudy Gobert,40473752,C,2023,MIN
Khris Middleton,40274272,SF,2023,MIL
Anthony Davis,40270501,C,2023,LAL
Jimmy Butler,39923342,SF,2023,MIA
Tobias Harris,39901871,PF,2023,PHI
Kemba Walker,39528872,PG,2023,DAL
Trae Young,39332974,PG,2023,ATL
Zach LaVine,39332974,SG,2023,CHI
Ben Simmons,37585801,PG,2023,BRK
Pascal Siakam,37585801,C,2023,TOR
Myles Turner,37212398,C,2023,IND
Jrue Holiday,36388575,PG,2023,MIL
Karl-Anthony Towns,35873148,PF,2023,MIN
Devin Booker,35873148,SG,2023,PHO
Andrew Wiggins,35643458,SF,2023,GSW
Joel Embiid,35643458,C,2023,PHI
CJ McCollum,35342933,SG,2023,NOP
James Harden,34989504,PG,2023,PHI
Jamal Murray,33558751,PG,2023,DEN
Brandon Ingram,33558751,SF,2023,NOP
D'Angelo Russell,33269452,PG,2023,LAL
Donovan Mitchell,32777478,SG,2023,CLE
Shai Gilgeous-Alexander,32777478,PG,2023,OKC
Deandre Ayton,32777478,C,2023,PHO
Kevin Love,32399186,PF,2023,MIA
Jayson Tatum,32181628,PF,2023,BOS
Bam Adebayo,32181628,C,2023,MIA
De'Aaron Fox,32181628,PG,2023,SAC
Gordon Hayward,31888161,SF,2023,CHO
Jaylen Brown,31571968,SF,2023,BOS
Chris Paul,30112179,PG,2023,PHO
Kyle Lowry,30041494,PG,2023,MIA
Jalen Brunson,29405319,PG,2023,NYK
DeMar DeRozan,28945862,SF,2023,CHI
Al Horford,28097632,C,2023,BOS
Draymond Green,27362288,PF,2023,GSW
Julius Randle,25192443,PF,2023,NYK
John Collins,24916768,PF,2023,ATL
Mike Conley,24047332,PG,2023,MIN
Malcolm Brogdon,23962508,PG,2023,BOS
Anfernee Simons,23667143,SG,2023,POR
Terry Rozier,22781683,SG,2023,CHO
Fred VanVleet,22531120,PG,2023,TOR
Buddy Hield,22454514,SF,2023,IND
Domantas Sabonis,22372076,C,2023,SAC
Jerami Grant,22218335,PF,2023,POR
Aaron Gordon,21938322,PF,2023,DEN
Mikal Bridges,21311788,SF,2023,BRK
Jarrett Allen,21205760,C,2023,CLE
Nicolas Batum,20888011,PF,2023,LAC
Eric Gordon,20748097,SG,2023,LAC
Spencer Dinwiddie,20675616,PG,2023,BRK
Caris LeVert,19929487,SG,2023,CLE
Joe Harris,19766797,SG,2023,BRK
Harrison Barnes,19458694,PF,2023,SAC
Clint Capela,19304553,C,2023,ATL
Evan Fournier,19085184,SG,2023,NYK
Steven Adams,19007601,C,2023,MEM
Jonathan Isaac,18449011,PF,2023,ORL
OG Anunoby,18403570,SF,2023,TOR
Marcus Smart,18244526,PG,2023,BOS
Derrick White,18176365,SG,2023,BOS
Dejounte Murray,18100303,SG,2023,ATL
Mitchell Robinson,18073090,C,2023,NYK
Duncan Robinson,17920987,SF,2023,MIA
Norman Powell,17768964,SG,2023,LAC
Collin Sexton,17706809,SG,2023,UTA
Markelle Fultz,17494752,PG,2023,ORL
Lauri Markkanen,17468726,SF,2023,UTA
Marcus Morris,17359133,PF,2023,LAC
Malik Beasley,16495997,SG,2023,LAL
Luguentz Dort,16198844,SG,2023,OKC
Will Barton,15967631,SG,2023,TOR
Tyus Jones,15904320,PG,2023,MEM
Derrick Rose,15396155,PG,2023,NYK
Kevin Huerter,15383643,SG,2023,SAC
Christian Wood,15180630,C,2023,DAL
Kentavious Caldwell-Pope,14849018,SG,2023,DEN
Brook Lopez,14745399,C,2023,MIL
Patrick Beverley,14633685,PG,2023,CHI
Doug McDermott,14578960,SF,2023,SAS
Luke Kennard,14574141,SG,2023,MEM
Zion Williamson,14350804,PF,2023,NOP
Jordan Clarkson,14144242,SG,2023,UTA
Gary Harris,13783744,SG,2023,ORL
Kyle Kuzma,13783744,PF,2023,WAS
Josh Hart,13741332,SF,2023,NYK
Dorian Finney-Smith,13719965,PF,2023,BRK
Kelly Olynyk,13576858,C,2023,UTA
Chris Boucher,13455054,PF,2023,TOR
Robert Covington,13049698,PF,2023,LAC
Josh Richardson,12931372,SG,2023,NOP
Ja Morant,12850096,PG,2023,MEM
Danny Green,12416532,SG,2023,CLE
Terrence Ross,12193311,SG,2023,PHO
Reggie Jackson,12147949,PG,2023,DEN
Dillon Brooks,12087283,SF,2023,MEM
Richaun Holmes,11891405,C,2023,SAC
Dwight Powell,11748123,C,2023,DAL
Paolo Banchero,11721611,PF,2023,ORL
RJ Barrett,11557811,SG,2023,NYK
Bobby Portis,11497073,PF,2023,MIL
DeAndre Jordan,11380873,C,2023,DEN
Anthony Edwards,11380495,SG,2023,MIN
Robert Williams,11360230,C,2023,BOS
Cade Cunningham,11189007,PG,2023,DET
Mo Bamba,10920966,C,2023,LAL
Talen Horton-Tucker,10878554,SG,2023,UTA
Jae Crowder,10797761,SF,2023,MIL
Ivica Zubac,10733780,C,2023,LAC
Reggie Bullock,10616451,SF,2023,DAL
Alec Burks,10616451,SG,2023,DET
De'Andre Hunter,10428866,SF,2023,ATL
James Wiseman,10182327,C,2023,DET
Landry Shamet,10072736,SG,2023,PHO
Malik Monk,10043280,SG,2023,SAC
Jalen Green,10011069,SG,2023,HOU
Jakob Poeltl,9964743,C,2023,TOR
Nerlens Noel,9957237,C,2023,BRK
Royce O'Neale,9754649,SF,2023,BRK
Monte Morris,9675128,PG,2023,WAS
Mason Plumlee,9627857,C,2023,LAC
Alex Caruso,9574400,PG,2023,CHI
Maxi Kleber,9542592,C,2023,DAL
Grayson Allen,9463070,SG,2023,MIL
Darius Garland,9458610,PG,2023,CLE
Isaiah Hartenstein,9388722,C,2023,NYK
Kyle Anderson,9309846,PF,2023,MIN
Victor Oladipo,9277520,SG,2023,MIA
Daniel Theis,9218535,C,2023,IND
LaMelo Ball,9143838,PG,2023,CHO
Seth Curry,9008899,SG,2023,BRK
Evan Mobley,8989885,PF,2023,CLE
Gary Payton II,8800390,PG,2023,GSW
Dewayne Dedmon,8783094,C,2023,PHI
De'Anthony Melton,8747376,PG,2023,PHI
JaMychal Green,8694360,PF,2023,GSW
Keegan Murray,8491252,SF,2023,SAC
Kevon Looney,8482304,C,2023,GSW
Thaddeus Young,8482304,PF,2023,TOR
Delon Wright,8275418,PG,2023,WAS
Patrick Williams,8244163,PF,2023,CHI
Scottie Barnes,8105477,PF,2023,TOR
Cedi Osman,7873792,SF,2023,CLE
Coby White,7860927,SG,2023,CHI
Zach Collins,7793116,C,2023,SAS
Jaden Ivey,7689420,SG,2023,DET
Taurean Prince,7528044,SF,2023,MIN
Jae'Sean Tate,7491164,SF,2023,HOU
Isaac Okoro,7465360,SF,2023,CLE
Cody Martin,7422016,SF,2023,CHO
Jalen Suggs,7339652,PG,2023,ORL
Jaxson Hayes,7213152,C,2023,NOP
Khem Birch,7069470,C,2023,TOR
Bennedict Mathurin,6983905,SF,2023,IND
Bruce Brown,6869606,SG,2023,DEN
Caleb Martin,6869606,PF,2023,MIA
Joe Ingles,6869606,SF,2023,MIL
Onyeka Okongwu,6780711,C,2023,ATL
Josh Giddey,6666454,SG,2023,OKC
Rui Hachimura,6640783,PF,2023,LAL
Rudy Gay,6557351,PF,2023,UTA
Jevon Carter,6388234,PG,2023,MIL
Shaedon Sharpe,6375469,SG,2023,POR
Cameron Payne,6361728,PG,2023,PHO
Justin Holiday,6348977,SG,2023,DAL
Cam Reddish,6313436,SF,2023,POR
Cameron Johnson,6242868,PF,2023,BRK
Ricky Rubio,6206564,PG,2023,CLE
Killian Hayes,6189706,PG,2023,DET
Jonathan Kuminga,6085883,PF,2023,GSW
Pat Connaughton,6073746,SG,2023,MIL
Tyler Herro,6067090,SG,2023,MIA
Romeo Langford,5973935,SG,2023,SAS
Dyson Daniels,5840702,PG,2023,NOP
JaVale McGee,5790465,C,2023,DAL
Goga Bitadze,5701719,C,2023,ORL
Obi Toppin,5670717,PF,2023,NYK
Franz Wagner,5575291,SF,2023,ORL
Kendrick Nunn,5566512,SG,2023,WAS
Hamidou Diallo,5513497,SG,2023,DET
Cory Joseph,5466314,PG,2023,DET
Garrett Temple,5466314,SG,2023,NOP
Torrey Craig,5430743,SF,2023,PHO
Jeremy Sochan,5368789,PF,2023,SAS
Nickeil Alexander-Walker,5311653,SG,2023,MIN
Furkan Korkmaz,5301440,SG,2023,PHI
Deni Avdija,5212545,SF,2023,WAS
Davion Mitchell,5125008,PG,2023,SAC
Johnny Davis,5100324,SG,2023,WAS
Ty Jerome,5014046,SG,2023,GSW
Jalen Smith,4951714,PF,2023,IND
Ziaire Williams,4868503,SF,2023,MEM
Ousmane Dieng,4845346,SF,2023,OKC
Jeff Green,4771296,PF,2023,DEN
Donte DiVincenzo,4771296,SG,2023,GSW
Devin Vassell,4704497,SG,2023,SAS
Matisse Thybulle,4643558,SG,2023,POR
Jarred Vanderbilt,4637699,PF,2023,LAL
James Bouknight,4625230,SG,2023,CHO
Brandon Clarke,4605805,PF,2023,MEM
Jalen Williams,4603219,SG,2023,OKC
Grant Williams,4565898,PF,2023,BOS
Darius Bazley,4521733,PF,2023,PHO
Tyrese Haliburton,4469241,PG,2023,IND
Nassir Little,4423042,SF,2023,POR
Jalen Duren,4372924,C,2023,DET
Gorgui Dieng,4352732,C,2023,SAS
Justise Winslow,4344594,SF,2023,POR
Dylan Windler,4280676,SF,2023,CLE
Stanley Johnson,4264651,SF,2023,SAS
George Hill,4241152,PG,2023,IND
Terence Davis,4241152,SG,2023,SAC
Chris Duarte,4174311,SF,2023,IND
Alex Len,4154844,C,2023,SAC
Ochai Agbaji,4154590,SG,2023,UTA
Jordan Poole,4136606,PG,2023,GSW
Keldon Johnson,4106520,SF,2023,SAS
James Johnson,4072637,PF,2023,IND
Aaron Nesmith,4033717,SF,2023,IND
Moses Moody,3965646,SG,2023,GSW
Mark Williams,3946434,C,2023,CHO
Cole Anthony,3831541,PG,2023,ORL
Corey Kispert,3767033,SF,2023,WAS
AJ Griffin,3749348,SF,2023,ATL
Mike Muscala,3711008,C,2023,BOS
Georges Niang,3673897,PF,2023,PHI
Isaiah Stewart,3640308,C,2023,DET
Chuma Okeke,3640308,SF,2023,ORL
Amir Coffey,3599743,SG,2023,LAC
Tari Eason,3561677,PF,2023,HOU
Aleksej Pokusevski,3458108,PF,2023,OKC
Simone Fontecchio,3398358,SF,2023,UTA
Andre Drummond,3392921,C,2023,CHI
Dalen Terry,3383803,SG,2023,CHI
Sterling Brown,3310857,SG,2023,LAL
Josh Green,3285196,SG,2023,DAL
Jake LaRavia,3231376,PF,2023,MEM
Tre Mann,3229849,PG,2023,OKC
Kevin Knox,3180864,PF,2023,POR
Saddiq Bey,3137477,SF,2023,ATL
Malaki Branham,3101978,SF,2023,SAS
Joe Wieskamp,3084654,SF,2023,TOR
Kai Jones,3084420,C,2023,CHO
Blake Griffin,3081038,C,2023,BOS
Robin Lopez,3081038,C,2023,CLE
Markieff Morris,3081038,PF,2023,DAL
Andre Iguodala,3081038,SF,2023,GSW
Serge Ibaka,3081038,C,2023,MIL
Udonis Haslem,3081038,C,2023,MIA
Wesley Matthews,3081038,SG,2023,MIL
Austin Rivers,3081038,SG,2023,MIN
Bismack Biyombo,3081038,C,2023,PHO
Taj Gibson,3081038,C,2023,WAS
Precious Achiuwa,3011387,C,2023,TOR
Christian Braun,2977924,SG,2023,DEN
Jordan Nwora,2968806,SF,2023,IND
Jalen Johnson,2961002,SF,2023,ATL
Tyrese Maxey,2891278,SG,2023,PHI
Bruno Fernando,2881217,C,2023,ATL
Walker Kessler,2858960,C,2023,UTA
Keon Johnson,2842674,SG,2023,POR
Charles Bassey,2835996,C,2023,SAS
Matthew Dellavedova,2787069,PG,2023,SAC
Trey Lyles,2783256,PF,2023,SAC
Zeke Nnaji,2775621,PF,2023,DEN
David Roddy,2744703,PF,2023,MEM
Isaiah Jackson,2728926,C,2023,IND
MarJon Beauchamp,2635027,SF,2023,MIL
Usman Garuba,2620141,PF,2023,HOU
Raul Neto,2612008,PG,2023,CLE
Frank Kaminsky,2612008,C,2023,HOU
Montrezl Harrell,2612008,C,2023,PHI
Blake Wesley,2529295,SG,2023,SAS
Josh Christopher,2515172,SG,2023,HOU
Isaiah Roby,2471192,PF,2023,SAS
Lindy Waters III,2456555,SG,2023,OKC
Immanuel Quickley,2455881,PG,2023,NYK
John Konchar,2438662,SG,2023,MEM
Rodney McGruder,2436950,SG,2023,DET
Bryn Forbes,2436950,SG,2023,MIN
Damian Jones,2436950,C,2023,UTA
Quentin Grimes,2414275,SG,2023,NYK
Saben Lee,2403289,PG,2023,PHO
Andrew Nembhard,2379403,SG,2023,IND
Payton Pritchard,2374196,PG,2023,BOS
Bones Hyland,2334245,PG,2023,LAC
Bol Bol,2332633,PF,2023,ORL
Peyton Watson,2326229,SG,2023,DEN
Udoka Azubuike,2305999,C,2023,UTA
Jaden McDaniels,2291748,SF,2023,MIN
Jordan McLaughlin,2290222,PG,2023,MIN
Malachi Flynn,2275081,PG,2023,TOR
Cam Thomas,2267065,SG,2023,BRK
Luke Kornet,2261889,C,2023,BOS
Damion Lee,2261889,SG,2023,PHO
Juan Toscano-Anderson,2261889,SF,2023,UTA
Desmond Bane,2258667,SG,2023,MEM
Jaden Springer,2253324,SG,2023,PHI
Day'Ron Sharpe,2236656,C,2023,BRK
Tony Bradley,2159083,C,2023,CHI
Frank Ntilikina,2159083,PG,2023,DAL
Garrison Mathews,2120576,SG,2023,ATL
Kenrich Williams,2120576,PF,2023,OKC
Jaylin Williams,2120576,PF,2023,OKC
Jeremiah Robinson-Earl,2120576,PF,2023,OKC
Caleb Houstan,2120576,SF,2023,ORL
Shake Milton,2118156,SG,2023,PHI
Aaron Holiday,2086832,PG,2023,ATL
Yuta Watanabe,2086832,SF,2023,BRK
Edmond Sumner,2086832,SG,2023,BRK
Theo Pinson,2086832,SG,2023,DAL
Thomas Bryant,2086832,C,2023,DEN
Josh Okogie,2086832,SG,2023,PHO
Drew Eubanks,2086832,C,2023,POR
Dean Wade,2047077,PF,2023,CLE
Terance Mann,2047077,SG,2023,LAC
Jaylen Nowell,2047077,SG,2023,MIN
Naz Reid,2047077,C,2023,MIN
Jalen McDaniels,2047077,SF,2023,PHI
Daniel Gafford,2047077,C,2023,WAS
Chimezie Metu,2026061,C,2023,SAC
Davon Reed,2016808,SG,2023,LAL
KZ Okpala,2016808,PF,2023,SAC
Wenyen Gabriel,1991984,PF,2023,LAL
Thanasis Antetokounmpo,1991984,SF,2023,MIL
Moritz Wagner,1991984,C,2023,ORL
Keita Bates-Diop,1991984,SF,2023,SAS
Oshae Brissett,1958074,SF,2023,IND
Nathan Knight,1946784,PF,2023,MIN
Justin Jackson,1946784,SF,2023,BOS
Isaiah Joe,1946784,SG,2023,OKC
Ryan Arcidiacono,1946784,PG,2023,POR
Anthony Gill,1946784,PF,2023,WAS
Javonte Green,1925140,SG,2023,CHI
Gabe Vincent,1925140,PG,2023,MIA
Max Strus,1925140,SF,2023,MIA
Nick Richards,1890091,C,2023,CHO
Lamar Stevens,1890091,PF,2023,CLE
Naji Marshall,1890091,SF,2023,NOP
Paul Reed,1890091,C,2023,PHI
Tre Jones,1890091,PG,2023,SAS
Haywood Highsmith,1858301,SF,2023,MIA
Omer Yurtseven,1858301,C,2023,MIA
Leandro Bolmaro,1812350,SG,2023,UTA
Terry Taylor,1806626,PF,2023,CHI
Jared Butler,1775616,SG,2023,OKC
Jericho Sims,1738704,C,2023,NYK
Sam Hauser,1736715,PF,2023,BOS
Kessler Edwards,1736715,SF,2023,SAC
Isaiah Todd,1669953,PF,2023,WAS
Vit Krejci,1657779,PG,2023,ATL
JT Thor,1657779,PF,2023,CHO
Marko Simonovic,1657779,C,2023,CHI
Ayo Dosunmu,1657779,SG,2023,CHI
Isaiah Livers,1657779,PF,2023,DET
Daishen Nix,1657779,PG,2023,HOU
Jason Preston,1657779,PG,2023,LAC
Austin Reaves,1657779,SG,2023,LAL
Jose Alvarado,1657779,PG,2023,NOP
Miles McBride,1657779,PG,2023,NYK
Aaron Wiggins,1657779,SG,2023,OKC
Jock Landale,1657779,C,2023,PHO
Trendon Watford,1657779,PF,2023,POR
Dalano Banton,1657779,PG,2023,TOR
Christian Koloko,1590432,C,2023,TOR
Bryce McGowens,1549139,SG,2023,CHO
Jordan Goodwin,1357387,PG,2023,WAS
Kennedy Chandler,1272345,PG,2023,MEM
Noah Vonleh,1230946,C,2023,BOS
Sandro Mamukelashvili,1183400,C,2023,SAS
Sam Merrill,1172171,SG,2023,CLE
Tyrese Martin,1079140,SG,2023,ATL
Jaden Hardy,1079140,SG,2023,DAL
Ryan Rollins,1079140,PG,2023,GSW
Max Christie,1079140,SG,2023,LAL
Josh Minott,1079140,SF,2023,MIN
Jabari Walker,1079140,SF,2023,POR
Eugene Omoruyi,1074197,SF,2023,DET
Kris Dunn,1060289,PG,2023,UTA
Admiral Schofield,930869,PF,2023,ORL
Justin Champagnie,904680,SF,2023,BOS
Trevelin Queen,889466,SG,2023,IND
Moses Brown,873720,C,2023,BRK
Matt Ryan,854694,SF,2023,MIN
PJ Dozier,831959,SG,2023,SAC
Cody Zeller,788771,C,2023,MIA
Meyers Leonard,756576,C,2023,MIL
Anthony Lamb,736770,SF,2023,GSW
Michael Carter-Williams,692186,PG,2023,ORL
Carlik Jones,649068,PG,2023,CHI
Trevor Keels,551974,SG,2023,NYK
Dereon Seabron,542672,SG,2023,NOP
Trent Forrest,539571,PG,2023,ATL
Mfiondu Kabengele,539571,PF,2023,BOS
JD Davison,539571,PG,2023,BOS
Malcolm Hill,539571,SF,2023,CHI
Mamadi Diakite,539571,PF,2023,CLE
Isaiah Mobley,539571,PF,2023,CLE
Jack White,539571,SF,2023,DEN
Buddy Boeheim,539571,PG,2023,DET
Darius Days,539571,PF,2023,HOU
Trevor Hudgins,539571,PG,2023,HOU
Kendall Brown,539571,SG,2023,IND
Cole Swider,539571,SF,2023,LAL
Jamal Cain,539571,SF,2023,MIA
Luka Garza,539571,C,2023,MIN
Kevon Harris,539571,SG,2023,ORL
Keon Ellis,539571,SG,2023,SAC
Neemias Queta,539571,C,2023,SAC
Julian Champagnie,539571,SF,2023,SAS
Dominick Barlow,539571,SF,2023,SAS
Jeff Dowtin,539571,PG,2023,TOR
Micah Potter,539571,PF,2023,UTA
Johnny Juzang,539571,SF,2023,UTA
John Butler,533368,C,2023,POR
Chima Moneke,530144,SF,2023,SAC
Facundo Campazzo,492290,PG,2023,DAL
Orlando Robinson,409328,C,2023,MIA
Dru Smith,396925,SG,2023,BRK
Jared Rhoden,325602,SG,2023,DET
Louis King,325602,SF,2023,PHI
Jarrett Culver,275987,SG,2023,ATL
Olivier Sarr,272887,C,2023,OKC
Alondes Williams,269786,SG,2023,BRK
Donovan Williams,254280,SG,2023,ATL
Quenton Jackson,232870,PG,2023,WAS
Chris Silva,223768,PF,2023,DAL
Tyler Dorsey,213968,SG,2023,DAL
Braxton Key,213968,SF,2023,DET
Jordan Hall,204663,SF,2023,SAS
Alize Johnson,203885,PF,2023,SAS
Devon Dotson,179856,PG,2023,WAS
Mac McClung,170553,SG,2023,PHI
Xavier Cooks,148847,PF,2023,WAS
Shaquille Harrison,142992,SG,2023,POR
Lester Quinones,137206,SG,2023,GSW
Xavier Moon,124038,SG,2023,LAC
Jamaree Bouyea,124038,PG,2023,WAS
Jay Huff,124038,C,2023,WAS
Skylar Mays,123602,SG,2023,POR
Frank Jackson,119933,PG,2023,UTA
Deonte Burton,111883,SG,2023,SAC
Jarrell Brantley,111883,PF,2023,UTA
Xavier Sneed,109114,SF,2023,CHO
Lindell Wigginton,105432,PG,2023,MIL
Jordan Schakel,102332,SF,2023,WAS
Stanley Umude,62019,SG,2023,DET
Jeenathan Williams,55817,SG,2023,POR
Jay Scrubb,52716,SG,2023,ORL
Justin Minaya,37211,SF,2023,POR
Kobi Simmons,34772,PG,2023,CHO
Gabe York,34110,SG,2023,IND
RaiQuan Gray,6201,PF,2023,BRK
Jacob Gilyard,6201,PG,2023,MEM
Stephen Curry,53458234,PG,2024,GSW
Kevin Durant,49065286,PF,2024,PHO
LeBron James,49021953,PF,2024,LAL
Joel Embiid,49021953,C,2024,PHI
Bradley Beal,48130468,SG,2024,PHO
Paul George,46996232,PF,2024,LAC
Kawhi Leonard,46996232,SF,2024,LAC
Giannis Antetokounmpo,46996232,PF,2024,MIL
Damian Lillard,46996232,PG,2024,MIL
Jimmy Butler,46526554,PF,2024,MIA
Klay Thompson,44503661,SF,2024,GSW
Rudy Gobert,42218272,C,2024,MIN
Fred VanVleet,42018817,PG,2024,HOU
Anthony Davis,41806469,C,2024,LAL
Trae Young,41254687,PG,2024,ATL
Zach LaVine,41254687,SG,2024,CHI
Tobias Harris,40437022,PF,2024,PHI
Kyrie Irving,39167268,SG,2024,DAL
Ben Simmons,39019371,PG,2024,BRK
Pascal Siakam,39019371,PF,2024,IND
Jrue Holiday,38738196,PG,2024,BOS
Karl-Anthony Towns,37086384,PF,2024,MIN
Devin Booker,37086384,PG,2024,PHO
CJ McCollum,36866302,PG,2024,NOP
James Harden,36740807,PG,2024,LAC
Darius Garland,35015681,PG,2024,CLE
Ja Morant,35015681,PG,2024,MEM
Zion Williamson,35015681,PF,2024,NOP
Jamal Murray,34838724,PG,2024,DEN
Brandon Ingram,34838724,SF,2024,NOP
Shai Gilgeous-Alexander,34378905,PG,2024,OKC
Gordon Hayward,34309448,SF,2024,OKC
Donovan Mitchell,34147405,SG,2024,CLE
Jayson Tatum,33568737,PF,2024,BOS
Bam Adebayo,33568737,C,2024,MIA
De'Aaron Fox,33568737,PG,2024,SAC
Deandre Ayton,33423936,C,2024,POR
Jaylen Brown,32776163,SF,2024,BOS
Chris Paul,31715190,PG,2024,GSW
Kyle Lowry,30564525,PG,2024,PHI
Khris Middleton,30192230,SF,2024,MIL
Domantas Sabonis,30170619,C,2024,SAC
DeMar DeRozan,29449819,SF,2024,CHI
Jordan Poole,28786021,SG,2024,WAS
Jerami Grant,28405902,PF,2024,POR
Tyler Herro,27802277,SG,2024,MIA
Julius Randle,27744448,PF,2024,NYK
Jalen Brunson,27129530,PG,2024,NYK
Cameron Johnson,26442383,PF,2024,BRK
Kyle Kuzma,26327914,PF,2024,WAS
John Collins,26092952,PF,2024,UTA
Brook Lopez,25742849,C,2024,MIL
Mike Conley,25083832,PG,2024,MIN
Andrew Wiggins,25053308,SF,2024,GSW
Anfernee Simons,24823461,SG,2024,POR
RJ Barrett,24593615,SG,2024,TOR
Jordan Clarkson,24185539,SG,2024,UTA
Terry Rozier,23894740,PG,2024,MIA
Dillon Brooks,23300028,SF,2024,HOU
Malcolm Brogdon,23168564,PG,2024,POR
Draymond Green,22984687,PF,2024,GSW
Bruce Brown,22653707,PG,2024,TOR
Mikal Bridges,22344793,SF,2024,BRK
Aaron Gordon,21898084,PF,2024,DEN
Myles Turner,21598250,C,2024,IND
Clint Capela,21228583,C,2024,ATL
Spencer Dinwiddie,21018311,PG,2024,LAL
De'Andre Hunter,20686218,SF,2024,ATL
Jarrett Allen,20594279,C,2024,CLE
Keldon Johnson,20594279,SF,2024,SAS
Joe Harris,20520727,SG,2024,DET
Jakob Poeltl,20079422,C,2024,TOR
Buddy Hield,19895988,SF,2024,PHI
Derrick White,19417463,SG,2024,BOS
Evan Fournier,19417463,SG,2024,DET
OG Anunoby,19196810,SF,2024,NYK
Marcus Smart,19135908,PG,2024,MEM
Dejounte Murray,18755210,SG,2024,ATL
Duncan Robinson,18693427,SF,2024,MIA
Norman Powell,18534851,SG,2024,LAC
Marcus Morris,18135610,PF,2024,CLE
Collin Sexton,18045737,SG,2024,UTA
Jonathan Isaac,17917023,PF,2024,ORL
D'Angelo Russell,17821973,PG,2024,LAL
Lauri Markkanen,17772862,PF,2024,UTA
Markelle Fultz,17505137,PG,2024,ORL
Harrison Barnes,17505137,PF,2024,SAC
Rui Hachimura,16208460,PF,2024,LAL
Mitchell Robinson,16147787,C,2024,NYK
Kevin Huerter,16135250,SG,2024,SAC
Caris LeVert,15841754,SG,2024,CLE
Luguentz Dort,15731741,SF,2024,OKC
Luke Kennard,15202322,SG,2024,MEM
Kentavious Caldwell-Pope,15141880,SG,2024,DEN
Max Strus,14918170,SF,2024,CLE
Reggie Bullock,14632779,SF,2024,HOU
Doug McDermott,14415995,SF,2024,IND
Tyus Jones,14415995,PG,2024,WAS
Dorian Finney-Smith,14345983,PF,2024,BRK
Anthony Edwards,13936990,SG,2024,MIN
Gary Harris,13386281,SG,2024,ORL
Josh Hart,13345093,SF,2024,NYK
Naz Reid,13335207,C,2024,MIN
Brandon Clarke,12871424,PF,2024,MEM
Grant Williams,12773601,PF,2024,CHO
Daniel Gafford,12770512,C,2024,DAL
Kelly Olynyk,12557487,C,2024,TOR
Victor Wembanyama,12521972,C,2024,SAS
James Wiseman,12479556,C,2024,DET
Richaun Holmes,12403955,C,2024,WAS
Austin Reaves,12372167,SG,2024,LAL
Chris Boucher,12099139,PF,2024,TOR
Bobby Portis,12058792,PF,2024,MIL
Nicolas Batum,12058792,PF,2024,PHI
Robert Covington,12039732,SF,2024,PHI
Paolo Banchero,11953002,PF,2024,ORL
Robert Williams,11915262,C,2024,POR
Coby White,11441266,PG,2024,CHI
Cade Cunningham,11383858,PG,2024,DET
Talen Horton-Tucker,11347447,PG,2024,UTA
Maxi Kleber,11326853,C,2024,DAL
Joe Ingles,11326853,SF,2024,ORL
Ivica Zubac,11258205,C,2024,LAC
LaMelo Ball,11224536,PG,2024,CHO
Donte DiVincenzo,11223882,SG,2024,NYK
Brandon Miller,11203662,SF,2024,CHO
Terance Mann,10891205,SG,2024,LAC
Gabe Vincent,10811996,PG,2024,LAL
Matisse Thybulle,10811996,SF,2024,POR
Alec Burks,10801287,SG,2024,NYK
Chet Holmgren,10694609,C,2024,OKC
Landry Shamet,10554568,SG,2024,WAS
Al Horford,10297139,C,2024,BOS
Malik Monk,10241360,SG,2024,SAC
Tre Jones,10189877,PG,2024,SAS
Jalen Green,10185395,SG,2024,HOU
Patrick Williams,10128144,PF,2024,CHI
Monte Morris,10092150,PG,2024,MIN
Scoot Henderson,10061236,PG,2024,POR
Royce O'Neale,9782282,SF,2024,PHO
Alex Caruso,9741094,SG,2024,CHI
Pat Connaughton,9703889,SF,2024,MIL
Cameron Payne,9670523,PG,2024,PHI
Isaiah Hartenstein,9519830,C,2024,NYK
Kyle Anderson,9493460,PF,2024,MIN
Daniel Theis,9379032,C,2024,LAC
Thaddeus Young,9278104,PF,2024,PHO
Grayson Allen,9190197,SG,2024,PHO
Isaac Okoro,9185866,SF,2024,CLE
Evan Mobley,9146578,PF,2024,CLE
Amen Thompson,9071042,SF,2024,HOU
Georges Niang,9061482,PF,2024,CLE
Gary Payton II,8973957,SG,2024,GSW
Keegan Murray,8658864,SF,2024,SAC
Delon Wright,8438631,PG,2024,MIA
Onyeka Okongwu,8350015,C,2024,ATL
Scottie Barnes,8246649,SG,2024,TOR
Jock Landale,8237711,C,2024,HOU
Jeff Green,8237711,PF,2024,HOU
Moritz Wagner,8237711,C,2024,ORL
De'Anthony Melton,8237711,SG,2024,PHI
Trey Lyles,8237711,PF,2024,SAC
Ausar Thompson,8214460,SF,2024,DET
Miles Bridges,8156673,SF,2024,CHO
Danilo Gallinari,8083317,PF,2024,MIL
Paul Reed,7952480,C,2024,PHI
Zach Collins,7928797,C,2024,SAS
Jaden Ivey,7840736,SG,2024,DET
Cody Martin,7784637,SF,2024,CHO
Kevon Looney,7722854,C,2024,GSW
Killian Hayes,7634253,PG,2024,DET
Jalen Suggs,7467568,SG,2024,ORL
Anthony Black,7460771,PG,2024,ORL
Jae'Sean Tate,7207997,SF,2024,HOU
Bennedict Mathurin,7121584,SF,2024,IND
Obi Toppin,7005156,PF,2024,IND
Caleb Martin,7005092,SF,2024,MIA
Cedi Osman,6918485,SF,2024,SAS
Bilal Coulibaly,6810791,SF,2024,WAS
Josh Giddey,6782767,SG,2024,OKC
Ayo Dosunmu,6674072,SG,2024,CHI
Sasha Vezenkov,6529894,PF,2024,SAC
Shaedon Sharpe,6501408,SG,2024,POR
Deni Avdija,6449292,SF,2024,WAS
Nassir Little,6435712,SF,2024,PHO
Bismack Biyombo,6378124,C,2024,OKC
Jevon Carter,6374419,PG,2024,CHI
Kenrich Williams,6358483,PF,2024,OKC
Jarace Walker,6239510,PF,2024,IND
Jonathan Kuminga,6191505,PF,2024,GSW
Devin Vassell,6062851,SG,2024,SAS
Tyrese Haliburton,5981026,PG,2024,IND
Dyson Daniels,5955989,PG,2024,NOP
Dean Wade,5879540,PF,2024,CLE
Aaron Nesmith,5801673,SF,2024,IND
Aleksej Pokusevski,5740458,PF,2024,CHO
Taylor Hendricks,5735375,PF,2024,UTA
Shake Milton,5717936,SG,2024,NYK
JaVale McGee,5709529,C,2024,SAC
Cole Anthony,5704379,PG,2024,ORL
Franz Wagner,5672405,SF,2024,ORL
Furkan Korkmaz,5529945,SG,2024,PHI
Jeremy Sochan,5474947,PF,2024,SAS
Cason Wallace,5448579,SG,2024,OKC
Isaiah Stewart,5423207,PF,2024,DET
Chuma Okeke,5423206,SF,2024,ORL
Davion Mitchell,5214100,PG,2024,SAC
Johnny Davis,5200879,SG,2024,WAS
Jalen Smith,5193643,C,2024,IND
Jett Howard,5176190,SF,2024,ORL
Reggie Jackson,5148569,PG,2024,DEN
Mason Plumlee,5148569,C,2024,LAC
Ziaire Williams,4953130,SF,2024,MEM
Ousmane Dieng,4941020,PF,2024,OKC
Taj Gibson,4918224,PF,2024,DET
Josh Green,4906936,SG,2024,DAL
Nickeil Alexander-Walker,4826784,SG,2024,MIN
Jarred Vanderbilt,4777872,PF,2024,LAL
James Bouknight,4705875,SG,2024,CHO
Jalen Williams,4694136,PF,2024,OKC
Saddiq Bey,4692389,SF,2024,ATL
Gradey Dick,4671511,SG,2024,TOR
Taurean Prince,4650188,PF,2024,LAL
Jalen McDaniels,4650188,SF,2024,TOR
Precious Achiuwa,4509659,PF,2024,NYK
Tyrese Maxey,4472995,PG,2024,PHI
Jalen Duren,4459361,C,2024,DET
Jordan Hawkins,4438269,SG,2024,NOP
Mike Muscala,4436312,C,2024,OKC
Zeke Nnaji,4434237,PF,2024,DEN
Immanuel Quickley,4295501,PG,2024,TOR
Chris Duarte,4246952,SF,2024,SAC
Ochai Agbaji,4236449,SG,2024,TOR
Kobe Bufkin,4215900,SG,2024,ATL
Payton Pritchard,4157240,PG,2024,BOS
Seth Curry,4118855,SG,2024,CHO
Dwight Powell,4118855,C,2024,DAL
Moses Moody,4034913,SG,2024,GSW
Mark Williams,4024286,C,2024,CHO
Jaden McDaniels,4017325,SF,2024,MIN
Keyonte George,4005356,PG,2024,UTA
Malachi Flynn,3988106,PG,2024,DET
Desmond Bane,3959335,SG,2024,MEM
James Johnson,3953496,PF,2024,IND
Russell Westbrook,3949713,PG,2024,LAC
Kevin Love,3949713,PF,2024,MIA
Corey Kispert,3832636,SF,2024,WAS
AJ Griffin,3823245,SF,2024,ATL
Jalen Hood-Schifino,3804871,SG,2024,LAL
Amir Coffey,3775618,SF,2024,LAC
Alperen Sengun,3641356,C,2024,HOU
Tari Eason,3631965,PF,2024,HOU
Andre Drummond,3459838,C,2024,CHI
Brandin Podziemski,3452017,SG,2024,GSW
Dalen Terry,3450324,SG,2024,CHI
Keon Johnson,3442091,SG,2024,BRK
Jake LaRavia,3295002,PF,2024,MEM
Wesley Matthews,3291427,SG,2024,ATL
Tristan Thompson,3291427,C,2024,CLE
Markieff Morris,3291427,PF,2024,DAL
Justin Holiday,3291427,SG,2024,DEN
DeAndre Jordan,3291427,C,2024,DEN
Cory Joseph,3291427,PG,2024,GSW
Derrick Rose,3291427,PG,2024,MEM
Jae Crowder,3291427,PF,2024,MIL
Patrick Beverley,3291427,PG,2024,MIL
Cody Zeller,3291427,C,2024,NOP
Eric Gordon,3291427,SG,2024,PHO
Alex Len,3291427,C,2024,SAC
Robin Lopez,3291427,C,2024,MIL
Garrett Temple,3291427,SG,2024,TOR
Tre Mann,3286229,PG,2024,CHO
Usman Garuba,3253679,PF,2024,GSW
Noah Clowney,3181260,PF,2024,BRK
Malaki Branham,3163157,PG,2024,SAS
Simone Fontecchio,3135347,SF,2024,DET
Dante Exum,3089141,PG,2024,DAL
Julian Champagnie,3089141,SF,2024,SAS
Jordan Nwora,3089141,SF,2024,TOR
Dariq Whitehead,3054172,SF,2024,BRK
Christian Braun,3036750,SG,2024,DEN
Jalen Johnson,3012284,SF,2024,ATL
Josh Richardson,2977383,SG,2024,MIA
Kris Murray,2932114,SF,2024,POR
Walker Kessler,2915285,C,2024,UTA
Josh Okogie,2899609,SG,2024,PHO
Omer Yurtseven,2883199,C,2024,UTA
Olivier-Maxence Prosper,2814949,PF,2024,DAL
David Roddy,2799009,PF,2024,PHO
Christian Wood,2790369,PF,2024,LAL
Malik Beasley,2790369,SG,2024,MIL
Chimezie Metu,2777404,C,2024,DET
Isaiah Jackson,2776397,C,2024,IND
Marcus Sasser,2701998,PG,2024,DET
MarJon Beauchamp,2686935,SF,2024,MIL
Charles Bassey,2677256,C,2024,SAS
Damian Jones,2663525,C,2024,CLE
Kris Dunn,2663338,PG,2024,UTA
Bruno Fernando,2658229,C,2024,ATL
Jeremiah Robinson-Earl,2624578,PF,2024,NOP
Ben Sheppard,2612561,SG,2024,IND
Frank Ntilikina,2603356,PG,2024,CHO
Torrey Craig,2603356,SF,2024,CHI
Ryan Arcidiacono,2603356,PG,2024,NYK
Thomas Bryant,2603356,C,2024,MIA
Blake Wesley,2579062,SG,2024,SAS
Lamar Stevens,2566411,PF,2024,MEM
Brice Sensabaugh,2521357,SF,2024,UTA
Ty Jerome,2511498,SG,2024,CLE
Julian Strawther,2503279,SF,2024,DEN
Tristan Vukcevic,2496945,C,2024,WAS
Jordan McLaughlin,2491907,PG,2024,MIN
Kobe Brown,2485066,PF,2024,LAC
Luke Kornet,2485012,C,2024,BOS
John Konchar,2471313,SF,2024,MEM
Quentin Grimes,2456609,SG,2024,DET
Keita Bates-Diop,2416341,SF,2024,BRK
Aaron Holiday,2416341,PG,2024,HOU
Yuta Watanabe,2416341,SF,2024,MEM
Thanasis Antetokounmpo,2416341,PF,2024,MIL
Mo Bamba,2416341,C,2024,PHI
Drew Eubanks,2416341,C,2024,PHO
Harry Giles,2375090,C,2024,LAL
Bones Hyland,2374932,PG,2024,LAC
Peyton Watson,2371966,SF,2024,DEN
Cam Thomas,2306724,SG,2024,BRK
Jaden Springer,2292390,SG,2024,BOS
Day'Ron Sharpe,2275709,C,2024,BRK
Jordan Goodwin,2273654,PG,2024,MEM
Oshae Brissett,2229330,SF,2024,BOS
Cam Reddish,2229330,SF,2024,LAL
Jaxson Hayes,2229330,C,2024,LAL
Bol Bol,2229330,PF,2024,PHO
Moses Brown,2229330,C,2024,POR
Kevin Knox,2208036,SF,2024,DET
Andrew Nembhard,2195252,PG,2024,IND
Goga Bitadze,2127991,C,2024,ORL
Matt Ryan,2120986,SF,2024,NOP
Trendon Watford,2079719,PF,2024,BRK
Terry Taylor,2079719,PF,2024,CHI
Dalano Banton,2079719,PG,2024,POR
Colby Jones,2079719,SG,2024,SAC
Sandro Mamukelashvili,2079719,C,2024,SAS
Garrison Mathews,2059427,SG,2024,ATL
Jaylin Williams,2059427,C,2024,OKC
Caleb Houstan,2059427,SF,2024,ORL
Sam Merrill,2056583,SG,2024,CLE
Isaiah Joe,2056583,SG,2024,OKC
Anthony Gill,2056583,PF,2024,WAS
Duop Reath,2009198,C,2024,POR
Naji Marshall,1988049,SF,2024,NOP
KJ Martin,1988049,SF,2024,PHI
Sam Hauser,1985181,SF,2024,BOS
Jericho Sims,1985181,C,2024,NYK
Kessler Edwards,1985181,SF,2024,SAC
Haywood Highsmith,1958657,PF,2024,MIA
Ryan Rollins,1949854,PG,2024,MIL
JT Thor,1890653,PF,2024,CHO
Jose Alvarado,1890653,PG,2024,NOP
Miles McBride,1890653,PG,2024,NYK
Aaron Wiggins,1890653,SG,2024,OKC
Isaiah Livers,1890653,PF,2024,DET
Jared Butler,1863557,SG,2024,WAS
Orlando Robinson,1855306,C,2024,MIA
Dru Smith,1855306,SG,2024,MIA
Leonard Miller,1853485,SF,2024,MIN
Bryce McGowens,1770967,SG,2024,CHO
Jaden Hardy,1770967,SG,2024,DAL
Max Christie,1770967,SG,2024,LAL
Josh Minott,1770967,SF,2024,MIN
Jabari Walker,1770967,SF,2024,POR
Jalen Pickett,1758898,SG,2024,DEN
Julian Phillips,1647542,SF,2024,CHI
Eugene Omoruyi,1503157,SF,2024,WAS
DaQuan Jeffries,1381400,SG,2024,NYK
Skylar Mays,1199904,PG,2024,LAL
Mouhamed Gueye,1152829,PF,2024,ATL
Jordan Walsh,1152829,SF,2024,BOS
Hunter Tyson,1152829,PF,2024,DEN
Trayce Jackson-Davis,1152829,PF,2024,GSW
Maxwell Lewis,1152829,SF,2024,LAL
Chris Livingston,1152829,SF,2024,MIL
Rayan Rupert,1152829,SG,2024,POR
Toumani Camara,1152829,PF,2024,POR
Sidy Cissoko,1152829,SF,2024,SAS
Dylan Windler,1149455,SF,2024,ATL
Trent Forrest,1146002,SG,2024,ATL
Lester Quinones,1141537,SG,2024,GSW
Kendall Brown,1132685,SG,2024,IND
Stanley Umude,1130875,SG,2024,DET
Gui Santos,1060073,PF,2024,GSW
Dominick Barlow,1045573,PF,2024,SAS
Neemias Queta,917510,C,2024,BOS
Jalen Wilson,875256,PF,2024,BRK
Javon Freeman-Liberty,874560,PG,2024,TOR
Lindy Waters III,788858,SG,2024,OKC
Jacob Toppin,781805,SF,2024,NYK
Mamadi Diakite,731687,PF,2024,NYK
Jack White,724454,SF,2024,MEM
Jacob Gilyard,722175,PG,2024,BRK
Luka Garza,707892,C,2024,MIN
Keon Ellis,703737,SG,2024,SAC
Darius Bazley,642978,PF,2024,UTA
Seth Lundy,576415,SF,2024,ATL
JD Davison,576415,SG,2024,BOS
Amari Bailey,576415,PG,2024,CHO
Leaky Black,576415,SF,2024,CHO
Adama Sanogo,576415,PF,2024,CHI
Isaiah Mobley,576415,PF,2024,CLE
Emoni Bates,576415,SF,2024,CLE
Collin Gillespie,576415,PG,2024,DEN
Braxton Key,576415,SF,2024,DEN
Jay Huff,576415,C,2024,DEN
Jared Rhoden,576415,SG,2024,DET
Malcolm Cazalon,576415,SG,2024,DET
Jerome Robinson,576415,SG,2024,GSW
Jermaine Samuels,576415,SF,2024,HOU
Nate Hinton,576415,SG,2024,HOU
Isaiah Wong,576415,SG,2024,IND
Oscar Tshiebwe,576415,PF,2024,IND
Jordan Miller,576415,SF,2024,LAC
Colin Castleton,576415,C,2024,LAL
Cole Swider,576415,SF,2024,MIA
Jamal Cain,576415,PF,2024,MIA
Daishen Nix,576415,PG,2024,MIN
Dereon Seabron,576415,SG,2024,NOP
Keyontae Johnson,576415,SF,2024,OKC
Olivier Sarr,576415,C,2024,OKC
Kevon Harris,576415,SG,2024,ORL
Trevelin Queen,576415,SG,2024,ORL
Admiral Schofield,576415,PF,2024,ORL
Terquavion Smith,576415,PG,2024,PHI
Saben Lee,576415,PG,2024,PHO
Udoka Azubuike,576415,C,2024,PHO
Justin Minaya,576415,SF,2024,POR
Jalen Slawson,576415,SF,2024,SAC
Jordan Ford,576415,PG,2024,SAC
Markquis Nowell,576415,SG,2024,TOR
Johnny Juzang,576415,SG,2024,UTA
Micah Potter,576415,PF,2024,UTA
Marques Bolden,517051,C,2024,CHO
Onuralp Bitim,514856,SG,2024,CHI
Xavier Moon,503535,SG,2024,LAC
Isaiah Thomas,491822,PG,2024,PHO
Ibou Badji,480346,C,2024,POR
Juan Toscano-Anderson,461240,SF,2024,SAC
Jules Bernard,427342,SG,2024,WAS
Jontay Porter,424030,PF,2024,TOR
Jaylen Nowell,409990,SG,2024,DET
Drew Peterson,407466,PF,2024,BOS
Nathan Mensah,407466,C,2024,CHO
Henri Drell,400840,SF,2024,CHI
Alex Fudge,387588,SF,2024,DAL
Vit Krejci,380964,PG,2024,ATL
Brandon Williams,361087,PG,2024,DAL
Trey Jemison,351149,C,2024,MEM
Jason Preston,324648,PG,2024,UTA
Tosan Evbuomwan,304770,SF,2024,DET
Ashton Hagans,278888,PG,2024,POR
Jeff Dowtin,277237,PG,2024,PHI
Javonte Green,269057,SF,2024,CHI
Justin Champagnie,261971,SF,2024,WAS
Pete Nance,251768,PF,2024,CLE
Lindell Wigginton,251767,PG,2024,MIL
Armoni Brooks,248454,PG,2024,BRK
D'Moi Hodge,248454,SG,2024,LAL
Jahmi'us Ramsey,239048,SG,2024,TOR
Dexter Dennis,218640,SG,2024,DAL
Alondes Williams,218640,SG,2024,MIA
Mason Jones,218640,SG,2024,SAC
DeJon Jarreau,213253,SG,2024,MEM
Zavier Simpson,213253,PG,2024,MEM
Adam Flagler,212015,SG,2024,OKC
Danny Green,208078,SG,2024,PHI
Mouhamadou Gueye,205389,PF,2024,TOR
Jamaree Bouyea,175876,PG,2024,SAS
Pat Spencer,175574,PG,2024,GSW
Buddy Boeheim,172261,SF,2024,DET
Andrew Funk,165636,SG,2024,CHI
Shaquille Harrison,149618,SG,2024,MEM
Justin Jackson,149618,SF,2024,MIN
RaiQuan Gray,145760,PF,2024,SAS
Quenton Jackson,139134,PG,2024,IND
Hamidou Diallo,138870,SG,2024,WAS
Matthew Hurt,132509,PF,2024,MEM
Wenyen Gabriel,128122,PF,2024,MEM
Kobi Simmons,123823,PG,2024,TOR
Malik Williams,79506,C,2024,TOR
Taze Moore,72787,SG,2024,POR
Timmy Allen,66254,SF,2024,MEM
Jalen Crutcher,66254,PG,2024,NOP
Izaiah Brockington,66254,PG,2024,NOP
Kaiser Gates,36440,SF,2024,NOP
Stephen Curry,55761216,PG,2025,GSW
Joel Embiid,51415938,C,2025,PHI
Nikola Jokic,51415938,C,2025,DEN
Kevin Durant,51179021,PF,2025,PHO
Bradley Beal,50203930,SG,2025,PHO
Jaylen Brown,49205800,SF,2025,BOS
Devin Booker,49205800,SG,2025,PHO
Karl-Anthony Towns,49205800,C,2025,NYK
Paul George,49205800,PF,2025,PHI
Kawhi Leonard,49205800,SF,2025,LAC
Jimmy Butler,48798677,SF,2025,GSW
Giannis Antetokounmpo,48787676,PF,2025,MIL
Damian Lillard,48787676,PG,2025,MIL
LeBron James,48728845,SF,2025,LAL
Zach LaVine,44531940,SF,2025,SAC
Rudy Gobert,43827586,C,2025,MIN
Anthony Davis,43219440,PF,2025,DAL
Luka Doncic,43031940,PG,2025,LAL
Trae Young,43031940,PG,2025,ATL
Fred VanVleet,42846615,PG,2025,HOU
Anthony Edwards,42176400,SG,2025,MIN
Tyrese Haliburton,42176400,PG,2025,IND
Lauri Markkanen,42176400,PF,2025,UTA
Pascal Siakam,42176400,PF,2025,IND
Kyrie Irving,41000000,SG,2025,DAL
Domantas Sabonis,40500000,C,2025,SAC
Zion Williamson,36725670,PF,2025,NOP
Ja Morant,36725670,PG,2025,MEM
Darius Garland,36725670,PG,2025,CLE
OG Anunoby,36637932,PF,2025,NYK
Jamal Murray,36016200,PG,2025,DEN
Brandon Ingram,36016200,SF,2025,NOP
Shai Gilgeous-Alexander,35859950,PG,2025,OKC
Michael Porter Jr.,35859950,SF,2025,DEN
Donovan Mitchell,35410310,SG,2025,CLE
Tyrese Maxey,35147000,PG,2025,PHI
LaMelo Ball,35147000,PG,2025,CHO
Jayson Tatum,34848340,PF,2025,BOS
Bam Adebayo,34848340,C,2025,MIA
De'Aaron Fox,34848340,PG,2025,SAS
Desmond Bane,34005250,SG,2025,MEM
Deandre Ayton,34005126,C,2025,POR
James Harden,33653846,PG,2025,LAC
CJ McCollum,33333333,PG,2025,NOP
Julius Randle,33073920,PF,2025,MIN
Immanuel Quickley,32500000,PG,2025,TOR
Khris Middleton,31000000,SF,2025,WAS
Jrue Holiday,30000000,PG,2025,BOS
Isaiah Hartenstein,30000000,C,2025,OKC
Jerami Grant,29793104,PF,2025,POR
Jordan Poole,29651786,SG,2025,WAS
Dejounte Murray,29517135,PG,2025,NOP
Devin Vassell,29347826,SG,2025,SAS
Kristaps Porzingis,29268293,C,2025,BOS
Tyler Herro,29000000,SG,2025,MIA
Nic Claxton,27556817,C,2025,BRK
Miles Bridges,27173913,PF,2025,CHO
John Collins,26580000,PF,2025,UTA
Andrew Wiggins,26276786,SF,2025,MIA
Anfernee Simons,25892857,SG,2025,POR
RJ Barrett,25794643,SF,2025,TOR
Tobias Harris,25365854,PF,2025,DET
Jaren Jackson Jr.,25257798,C,2025,MEM
Jonathan Isaac,25000000,PF,2025,ORL
Jalen Brunson,24960001,PG,2025,NYK
Terry Rozier,24924126,PG,2025,MIA
Kyle Kuzma,24456061,PF,2025,MIL
Draymond Green,24107143,PF,2025,GSW
DeMar DeRozan,23400000,SF,2025,SAC
Mikal Bridges,23300000,SF,2025,NYK
Jaden McDaniels,23017242,PF,2025,MIN
Bruce Brown,23000000,PG,2025,NOP
Brook Lopez,23000000,C,2025,MIL
Aaron Gordon,22841455,PF,2025,DEN
Kentavious Caldwell-Pope,22757000,SG,2025,ORL
Cameron Johnson,22500000,PF,2025,BRK
Malcolm Brogdon,22500000,PG,2025,WAS
Clint Capela,22265280,C,2025,ATL
Dillon Brooks,22255493,SF,2025,HOU
De'Andre Hunter,21696429,SF,2025,CLE
Lonzo Ball,21395348,PG,2025,CHI
Marcus Smart,20210284,PG,2025,WAS
Derrick White,20071429,SG,2025,BOS
Jarrett Allen,20000000,C,2025,CLE
Nikola Vucevic,20000000,C,2025,CHI
Myles Turner,19928500,C,2025,IND
Jakob Poeltl,19500000,C,2025,TOR
Duncan Robinson,19406000,SF,2025,MIA
Norman Powell,19241379,SG,2025,LAC
Keldon Johnson,19000000,SF,2025,SAS
D'Angelo Russell,18692307,PG,2025,BRK
Collin Sexton,18350000,SG,2025,UTA
Josh Hart,18144000,SG,2025,NYK
Jusuf Nurkic,18125000,C,2025,CHO
Patrick Williams,18000000,PF,2025,CHI
Harrison Barnes,18000000,PF,2025,SAS
Malik Monk,17405203,SG,2025,SAC
Bogdan Bogdanovic,17260000,SG,2025,LAC
Rui Hachimura,17000000,PF,2025,LAL
Kevin Huerter,16830357,SG,2025,CHI
Zach Collins,16741200,PF,2025,CHI
Caris LeVert,16615384,SG,2025,ATL
Luguentz Dort,16500000,SF,2025,OKC
Tim Hardaway Jr.,16193183,SG,2025,DET
Klay Thompson,15873016,SF,2025,DAL
Deni Avdija,15625000,SF,2025,POR
Grayson Allen,15625000,SG,2025,PHO
P.J. Washington,15500000,PF,2025,DAL
Max Strus,15212068,SF,2025,CLE
Isaiah Stewart,15000000,C,2025,DET
Dorian Finney-Smith,14924167,PF,2025,LAL
Mitchell Robinson,14318182,C,2025,NYK
Jordan Clarkson,14092577,SG,2025,UTA
Onyeka Okongwu,14000000,C,2025,ATL
Naz Reid,13986432,C,2025,MIN
Cade Cunningham,13940809,PG,2025,DET
Daniel Gafford,13394160,C,2025,DAL
Grant Williams,13025250,PF,2025,CHO
Dennis Schroder,13025250,PG,2025,DET
Isaiah Joe,12991650,SG,2025,OKC
Herbert Jones,12976362,SF,2025,NOP
Austin Reaves,12976362,SG,2025,LAL
Obi Toppin,12975000,PF,2025,IND
Cole Anthony,12900000,PG,2025,ORL
De'Anthony Melton,12822000,SG,2025,GSW
Kelly Olynyk,12804878,C,2025,NOP
Victor Wembanyama,12768960,C,2025,SAS
Josh Green,12654321,SG,2025,CHO
Richaun Holmes,12648321,PF,2025,WAS
Steven Adams,12600000,C,2025,HOU
Bobby Portis,12578286,PF,2025,MIL
Zaccharie Risacher,12569040,SF,2025,ATL
Brandon Clarke,12500000,PF,2025,MEM
Marvin Bagley III,12500000,PF,2025,MEM
Jalen Green,12483048,SG,2025,HOU
Robert Williams,12428571,C,2025,POR
Paolo Banchero,12160800,PF,2025,ORL
Coby White,12000000,SG,2025,CHI
Wendell Carter Jr.,11950000,C,2025,ORL
Ivica Zubac,11743210,C,2025,LAC
Donte DiVincenzo,11445000,SG,2025,MIN
Brandon Miller,11424600,SF,2025,CHO
Terance Mann,11423077,SG,2025,ATL
Alex Sarr,11245680,C,2025,WAS
Evan Mobley,11227657,PF,2025,CLE
Larry Nance Jr.,11205000,PF,2025,ATL
Matisse Thybulle,11025000,SG,2025,POR
Aaron Nesmith,11000000,SF,2025,IND
Gabe Vincent,11000000,PG,2025,LAL
Maxi Kleber,11000000,PF,2025,DAL
Moritz Wagner,11000000,C,2025,ORL
Chet Holmgren,10880640,C,2025,OKC
Chris Boucher,10810000,PF,2025,TOR
Jarred Vanderbilt,10714286,PF,2025,LAL
Aaron Wiggins,10514017,SG,2025,OKC
Chris Paul,10460000,PG,2025,SAS
Scoot Henderson,10259160,PG,2025,POR
Isaac Okoro,10185186,SG,2025,CLE
Scottie Barnes,10130980,PF,2025,TOR
Reed Sheppard,10098960,PG,2025,HOU
Mike Conley,9975962,PG,2025,MIN
Jonas Valanciunas,9900000,C,2025,SAC
Alex Caruso,9890000,SG,2025,OKC
Jabari Smith Jr.,9770880,PF,2025,HOU
Derrick Jones Jr.,9523810,SF,2025,LAC
Al Horford,9500000,C,2025,BOS
Pat Connaughton,9423869,SG,2025,MIL
Royce O'Neale,9375000,SF,2025,PHO
T.J. McConnell,9300000,PG,2025,IND
Luke Kennard,9250000,SG,2025,MEM
Amen Thompson,9249960,SF,2025,HOU
Jalen Suggs,9188385,PG,2025,ORL
Caleb Martin,9186594,SF,2025,DAL
Gary Payton II,9130000,SG,2025,GSW
Stephon Castle,9105120,PG,2025,SAS
Tre Jones,9104167,PG,2025,CHI
Goga Bitadze,9057971,C,2025,ORL
Zeke Nnaji,8888889,PF,2025,DEN
Keegan Murray,8809560,PF,2025,SAC
Buddy Hield,8780488,SG,2025,GSW
Kyle Anderson,8780488,PF,2025,MIA
Naji Marshall,8571429,SF,2025,DAL
Jalen Smith,8571429,C,2025,CHI
Georges Niang,8500000,PF,2025,ATL
Ausar Thompson,8376000,SF,2025,DET
Josh Giddey,8352367,PG,2025,CHI
Josh Okogie,8250000,SG,2025,CHO
Ron Holland,8245320,SF,2025,DET
Cody Martin,8120000,SF,2025,PHO
Jock Landale,8000000,C,2025,HOU
Trey Lyles,8000000,PF,2025,SAC
Jeff Green,8000000,PF,2025,HOU
Kevon Looney,8000000,C,2025,GSW
Kelly Oubre Jr.,7983000,SF,2025,PHI
Jaden Ivey,7977240,SG,2025,DET
KJ Martin,7975000,PF,2025,UTA
Vasilije Micic,7723000,PG,2025,PHO
Simone Fontecchio,7692308,SF,2025,DET
Jonathan Kuminga,7636307,PF,2025,GSW
Anthony Black,7607760,PG,2025,ORL
Jae'Sean Tate,7565217,SF,2025,HOU
Gary Harris,7500000,SG,2025,ORL
Tidjane Salaun,7488720,PF,2025,CHO
Bennedict Mathurin,7245720,SF,2025,IND
Max Christie,7142857,SG,2025,DAL
Franz Wagner,7007092,SF,2025,ORL
Ayo Dosunmu,7000000,SG,2025,CHI
Bilal Coulibaly,6945240,SF,2025,WAS
Donovan Clingan,6836400,C,2025,POR
Payton Pritchard,6696429,PG,2025,BOS
Kenrich Williams,6669000,PF,2025,OKC
Shaedon Sharpe,6614160,SG,2025,POR
Jevon Carter,6500000,PG,2025,CHI
Davion Mitchell,6451077,PG,2025,MIA
Jarace Walker,6362520,PF,2025,IND
Rob Dillingham,6262920,PG,2025,MIN
Dean Wade,6166667,PF,2025,CLE
John Konchar,6165000,SG,2025,MEM
Ziaire Williams,6133005,SF,2025,BRK
Dyson Daniels,6059520,SG,2025,ATL
Precious Achiuwa,6000000,C,2025,NYK
Malik Beasley,6000000,SG,2025,DET
Chris Duarte,5893768,SG,2025,CHI
Taylor Hendricks,5848680,PF,2025,UTA
Moses Moody,5803269,SG,2025,GSW
Zach Edey,5756880,C,2025,MEM
Corey Kispert,5705887,SF,2025,WAS
Jeremy Sochan,5570040,PF,2025,SAS
Cason Wallace,5555880,SG,2025,OKC
Cody Williams,5469120,SG,2025,UTA
Alperen Sengun,5424654,C,2025,HOU
Johnny Davis,5291160,SG,2025,WAS
Jett Howard,5278320,SF,2025,ORL
Haywood Highsmith,5200000,SF,2025,MIA
Matas Buzelis,5195520,SF,2025,CHI
Kris Dunn,5168000,PG,2025,LAC
Dario Saric,5168000,C,2025,DEN
Trey Murphy III,5159854,SF,2025,NOP
Ousmane Dieng,5027040,C,2025,OKC
Dereck Lively II,5014560,C,2025,DAL
Nick Richards,5000000,C,2025,PHO
Andre Drummond,5000000,C,2025,PHI
Drew Eubanks,5000000,C,2025,LAC
Tre Mann,4908373,PG,2025,CHO
Jalen Williams,4775760,SG,2025,OKC
Gradey Dick,4763760,SG,2025,TOR
Miles McBride,4710144,PG,2025,NYK
Devin Carter,4689000,PG,2025,SAC
Nicolas Batum,4668000,PF,2025,LAC
Aaron Holiday,4668000,PG,2025,HOU
Jalen Duren,4536840,C,2025,DET
Jordan Hawkins,4525680,SG,2025,NOP
Jalen Johnson,4510905,SF,2025,ATL
Bub Carrington,4454880,PG,2025,WAS
Isaiah Jackson,4435381,C,2025,IND
Nickeil Alexander-Walker,4312500,SG,2025,MIN
Ochai Agbaji,4310280,SG,2025,TOR
Kobe Bufkin,4299000,SG,2025,ATL
Quentin Grimes,4296682,SG,2025,PHI
Kel'el Ware,4231800,C,2025,MIA
Bones Hyland,4158439,PG,2025,MIN
Mark Williams,4094280,C,2025,CHO
Keyonte George,4084200,PG,2025,UTA
Cam Thomas,4041249,SG,2025,BRK
Jared McCain,4020360,SG,2025,PHI
Dwight Powell,4000000,C,2025,DAL
Day'Ron Sharpe,3989122,C,2025,BRK
Santi Aldama,3960531,PF,2025,MEM
Amir Coffey,3938271,SG,2025,LAC
Jalen Hood-Schifino,3879840,SG,2025,PHI
Kevin Love,3850000,PF,2025,MIA
Dalton Knecht,3819120,SF,2025,LAL
Tari Eason,3695160,PF,2025,HOU
Jaime Jaquez Jr.,3685800,SF,2025,MIA
Tristan Da Silva,3628440,SF,2025,ORL
Brandin Podziemski,3519960,SG,2025,GSW
Dalen Terry,3510480,SG,2025,CHI
Svi Mykhailiuk,3500000,SF,2025,UTA
Ja'Kobe Walter,3465000,SG,2025,TOR
Cam Whitmore,3379080,SF,2025,HOU
Jake LaRavia,3352680,PF,2025,SAC
Jaylon Tyson,3326160,SG,2025,CLE
Eric Gordon,3303771,SG,2025,PHI
Cory Joseph,3303771,PG,2025,ORL
Noah Clowney,3244080,PF,2025,BRK
Malaki Branham,3217920,SG,2025,SAS
Yves Missi,3193200,C,2025,NOP
Dante Exum,3150000,PG,2025,DAL
Dariq Whitehead,3114240,SF,2025,BRK
Christian Braun,3089640,SG,2025,DEN
Johnny Juzang,3087519,SG,2025,UTA
Josh Richardson,3051153,SG,2025,MIA
Kyle Filipowski,3000000,C,2025,UTA
Julian Champagnie,3000000,SF,2025,SAS
Ajay Mitchell,3000000,SG,2025,OKC
Kris Murray,2990040,SF,2025,POR
Walker Kessler,2965920,C,2025,UTA
Shake Milton,2875000,SG,2025,LAL
Olivier-Maxence Prosper,2870400,PF,2025,DAL
Kyshawn George,2825520,SG,2025,WAS
AJ Johnson,2795294,SG,2025,WAS
Marcus Sasser,2755080,PG,2025,DET
MarJon Beauchamp,2733720,SF,2025,NYK
Trendon Watford,2726603,PF,2025,BRK
Ben Sheppard,2663880,SG,2025,IND
Blake Wesley,2624280,SG,2025,SAS
Dillon Jones,2622360,SF,2025,OKC
Nick Smith Jr.,2587200,SG,2025,CHO
Brice Sensabaugh,2571480,SF,2025,UTA
Ty Jerome,2560975,SG,2025,CLE
Julian Strawther,2552520,SG,2025,DEN
Terrence Shannon Jr.,2546640,SG,2025,MIN
Wendell Moore Jr.,2537040,SG,2025,CHO
Kobe Brown,2533920,PF,2025,LAC
Ryan Dunn,2530800,SF,2025,PHO
Isaiah Collier,2512680,PG,2025,UTA
Baylor Scheierman,2494320,SG,2025,BOS
Nikola Jovic,2464200,PF,2025,MIA
Cam Reddish,2463946,SF,2025,LAL
Jaxson Hayes,2463946,C,2025,LAL
Patrick Baldwin Jr.,2448840,SF,2025,LAC
DaQuan Jeffries,2425404,SG,2025,CHO
Peyton Watson,2413560,SF,2025,DEN
Russell Westbrook,5631296,PG,2025,DEN
Xavier Tillman Sr.,2237691,C,2025,BOS
Anthony Gill,2237691,PF,2025,WAS
James Wiseman,2237691,C,2025,IND
Garrison Mathews,2230253,SG,2025,ATL
Jeremiah Robinson-Earl,2196970,PF,2025,NOP
Lindy Waters III,2196970,SG,2025,DET
Dalano Banton,2196970,PG,2025,POR
Sam Merrill,2164993,SG,2025,CLE
Luka Garza,2162606,C,2025,MIN
Keon Johnson,2162606,SG,2025,BRK
Neemias Queta,2162606,C,2025,BOS
Vit Krejci,2162606,PG,2025,ATL
Vince Williams Jr.,2120693,SG,2025,MEM
Colby Jones,2120693,SG,2025,WAS
Keon Ellis,2120693,SG,2025,SAC
A.J. Green,2120693,SG,2025,MIL
Sam Hauser,2092344,PF,2025,BOS
Jericho Sims,2092344,C,2025,MIL
Jay Huff,2088033,C,2025,MEM
Tyler Kolek,2087519,PG,2025,NYK
Scotty Pippen Jr.,2087519,PG,2025,MEM
Garrett Temple,2087519,SG,2025,TOR
Charles Bassey,2087519,C,2025,SAS
Jordan McLaughlin,2087519,PG,2025,SAS
Sandro Mamukelashvili,2087519,PF,2025,SAS
Doug McDermott,2087519,SF,2025,SAC
Tyus Jones,2087519,PG,2025,PHO
Bol Bol,2087519,PF,2025,PHO
Monte Morris,2087519,PG,2025,PHO
Mason Plumlee,2087519,C,2025,PHO
Damion Lee,2087519,SG,2025,PHO
Guerschon Yabusele,2087519,C,2025,PHI
Kyle Lowry,2087519,PG,2025,PHI
Daniel Theis,2087519,C,2025,NOP
Cameron Payne,2087519,PG,2025,NYK
Delon Wright,2087519,PG,2025,NYK
Joe Ingles,2087519,SF,2025,MIN
Gary Trent Jr.,2087519,SG,2025,MIL
Taurean Prince,2087519,SF,2025,MIL
Alec Burks,2087519,SG,2025,MIA
Markieff Morris,2087519,PF,2025,LAL
Patty Mills,2087519,PG,2025,LAC
James Johnson,2087519,PF,2025,IND
Thomas Bryant,2087519,C,2025,IND
DeAndre Jordan,2087519,C,2025,DEN
Vlatko Cancar,2087519,PF,2025,DEN
Spencer Dinwiddie,2087519,PG,2025,DAL
Tristan Thompson,2087519,C,2025,CLE
Seth Curry,2087519,SG,2025,CHO
Taj Gibson,2087519,C,2025,CHO
Talen Horton-Tucker,2087519,SG,2025,CHI
Luke Kornet,2087519,C,2025,BOS
Duop Reath,2048780,C,2025,POR
Andrew Nembhard,2019699,SG,2025,IND
Jaden Hardy,2019699,SG,2025,DAL
Jabari Walker,2019699,SF,2025,POR
Caleb Houstan,2019699,SF,2025,ORL
Jaylin Williams,2019699,PF,2025,OKC
Josh Minott,2019699,SF,2025,MIN
Jose Alvarado,1988598,PG,2025,NOP
Reggie Jackson,4033748,PG,2025,PHI
Ricky Council IV,1891857,SF,2025,PHI
GG Jackson II,1891857,PF,2025,MEM
Jalen Pickett,1891857,SG,2025,DEN
Hunter Tyson,1891857,PF,2025,DEN
Julian Phillips,1891857,SF,2025,CHI
Jordan Walsh,1891857,PF,2025,BOS
Sidy Cissoko,1891857,SF,2025,POR
Toumani Camara,1891857,PF,2025,POR
Rayan Rupert,1891857,SG,2025,POR
Leonard Miller,1891857,SF,2025,MIN
Chris Livingston,1891857,SF,2025,MIL
Andre Jackson Jr.,1891857,SG,2025,MIL
Trayce Jackson-Davis,1891857,C,2025,GSW
Gui Santos,1891857,PF,2025,GSW
Craig Porter Jr.,1891857,PG,2025,CLE
Maxwell Lewis,1891857,SF,2025,BRK
Jalen Wilson,1891857,PF,2025,BRK
Mouhamed Gueye,1891857,PF,2025,ATL
Jonathan Mogbo,1862265,PF,2025,TOR
Jamal Shead,1862265,PG,2025,TOR
Johnny Furphy,1850842,SG,2025,IND
Pacome Dadiet,1808080,SG,2025,NYK
Justin Champagnie,1800000,SF,2025,WAS
Jae Crowder,1655619,PF,2025,SAC
Paul Reed,3913234,C,2025,DET
Karlo Matkovic,1407153,PF,2025,NOP
Landry Shamet,1343690,SG,2025,NYK
Bobi Klintman,1257153,SF,2025,DET
Tyler Smith,1157153,PF,2025,MIL
Oso Ighodaro,1157153,PF,2025,PHO
Jaylen Wells,1157153,SG,2025,MEM
Bronny James,1157153,SG,2025,LAL
Cam Christie,1157153,SG,2025,LAC
Adem Bona,1157153,C,2025,PHI
Antonio Reeves,1157153,SG,2025,NOP
Pelle Larsson,1157153,SG,2025,MIA
Bruno Fernando,1115128,C,2025,TOR
Ariel Hukporti,1064049,C,2025,NYK
PJ Dozier,1051255,SG,2025,MIN
Jordan Miller,1050000,SF,2025,LAC
Jamison Battle,1000000,SF,2025,TOR
Kevin Porter Jr.,3366937,SG,2025,MIL
Moussa Diabate,957763,C,2025,CHO
Lonnie Walker IV,780932,SG,2025,PHI
Torrey Craig,3625162,SF,2025,BOS
Ben Simmons,40011909,PG,2025,LAC
Jared Butler,745726,SG,2025,PHI
Alex Len,2831348,C,2025,LAL
Markelle Fultz,731831,PG,2025,SAC
Keshad Johnson,724883,SF,2025,MIA
E.J. Liddell,706898,PF,2025,CHI
Tyrese Martin,635853,SG,2025,BRK
Matt Ryan,621439,SF,2025,NYK
Javonte Green,2328350,SG,2025,CLE
Brandon Boston Jr.,596581,SG,2025,NOP
Jeenathan Williams,515881,SG,2025,HOU
Jaylen Clark,492323,SG,2025,MIN
Dominick Barlow,491887,SF,2025,ATL
Ryan Rollins,1091887,PG,2025,MIL
Quinten Post,438920,PF,2025,GSW
Pat Spencer,438810,PG,2025,GSW
Justin Edwards,425619,SF,2025,PHI
Jordan Goodwin,223718,PG,2025,LAL
Jaylen Nowell,446743,SG,2025,NOP
Isaac Jones,152957,PF,2025,SAC
Bismack Biyombo,647851,C,2025,SAS
Malevy Leons,126356,SF,2025,OKC
Jaden Springer,4772772,SG,2025,UTA
Orlando Robinson,1691610,C,2025,TOR
Lamar Stevens,623856,PF,2025,MEM
Tony Bradley,600545,C,2025,IND
Kevin Knox,503883,SF,2025,GSW
P.J. Tucker,12025777,SF,2025,NYK
Jalen McDaniels,4861772,SF,2025,WAS
Jared Rhoden,119972,SG,2025,TOR
Terry Taylor,119972,PF,2025,SAC
Skal Labissiere,119972,PF,2025,SAC
Daishen Nix,119972,PG,2025,MIN
Oshae Brissett,119972,SF,2025,PHI
David Roddy,2967212,PF,2025,HOU
Mo Bamba,2207491,C,2025,NOP
Jahlil Okafor,119972,C,2025,IND
Moses Brown,426632,C,2025,DAL
Malachi Flynn,119972,PG,2025,CHO
Killian Hayes,119972,PG,2025,BRK
Chuma Okeke,355687,PF,2025,CLE
Drew Timme,113055,PF,2025,BRK
Cole Swider,227947,SF,2025,TOR
Marcus Garrett,107027,SG,2025,CHO
Colin Castleton,421081,C,2025,PHI
A.J. Lawson,100000,SG,2025,TOR
Phillip Wheeler,66503,PF,2025,PHI
Yuri Collins,66503,PG,2025,GSW
Nae'Qwan Tomlin,66503,PF,2025,CLE
Branden Carlson,496519,C,2025,OKC
Terence Davis,64301,SG,2025,SAC
Marcus Bagley,126356,SF,2025,PHI
Brandon Williams,47989,PG,2025,DAL
Elfrid Payton,789048,PG,2025,CHO
Isaiah Mobley,11997,PF,2025,PHI
Braxton Key,11997,SF,2025,GSW
JD Davison,11997,PG,2025,BOS
Kylor Kelley,73153,C,2025,NOP
Jaylen Sims,73153,SG,2025,CHO
