Season_ID,Team,Year,TR,Age,W,L,SRS,ORtg,rORtg,DRtg,rDRtg,NRtg,Pace,rPace,FTr,rFTr,TS,rTS,PostW,PostL,Playoffs,Championship,win_pct,TeamAbbr,Percent_C,Percent_PF,Percent_PG,Percent_SF,Percent_SG
1.0,Oklahoma City Thunder,2025,15.6,24.8,68.0,14.0,12.7,120.3,5.8,107.5,-7.0,12.8,100.0,1.2,0.22,-0.023,0.593,0.017,16.0,7.0,1,1,0.8292682926829268,OKC,29.57021146223629,5.536711597192336,22.851085190054036,12.265885733671022,29.77610601684632
2.0,Cleveland Cavaliers,2025,11.2,26.6,64.0,18.0,8.8,121.7,7.2,112.2,-2.3,9.5,99.8,1.0,0.241,-0.002,0.607,0.031,5.0,4.0,1,0,0.7804878048780488,CLE,12.886080420355805,10.394333207563742,22.529853106510586,21.53278783988645,32.65694542568342
3.0,Boston Celtics,2025,10.2,28.9,61.0,21.0,8.3,120.6,6.1,111.1,-3.4,9.5,95.7,-3.1,0.212,-0.031,0.591,0.015,6.0,5.0,1,0,0.7439024390243902,BOS,23.067044931448315,19.792951445501178,18.71028974021486,26.927948538961633,11.501765343874014
4.0,Minnesota Timberwolves,2025,9.3,27.2,49.0,33.0,5.2,116.6,2.1,111.5,-3.0,5.1,97.3,-1.5,0.249,0.006,0.588,0.012,9.0,6.0,1,0,0.5975609756097561,MIN,29.31290285272533,27.413926842605857,10.02759702696673,2.931980677692249,30.313592600009837
5.0,Indiana Pacers,2025,8.5,25.8,50.0,32.0,1.7,116.5,2.0,114.3,-0.2,2.2,99.9,1.1,0.241,-0.002,0.594,0.018,15.0,8.0,1,0,0.6097560975609756,IND,17.374624609172077,37.57449358822316,30.411256288475023,10.779216633015412,3.8604088811143216
6.0,New York Knicks,2025,5.7,27.5,51.0,31.0,3.6,118.5,4.0,114.3,-0.2,4.2,96.7,-2.1,0.232,-0.011,0.589,0.013,10.0,8.0,1,0,0.6219512195121951,NYK,34.74925644534846,18.036214874661095,17.689042446477725,19.041950109220515,10.48353612429221
7.0,Denver Nuggets,2025,5.4,27.0,50.0,32.0,4.0,119.9,5.4,116.0,1.5,3.9,99.8,1.0,0.259,0.016,0.604,0.028,7.0,7.0,1,0,0.6097560975609756,DEN,32.26610377911549,19.638399834576393,22.903853028164907,21.048344609049245,4.143298749093964
8.0,Los Angeles Clippers,2025,5.2,29.7,50.0,32.0,4.8,115.1,0.6,110.3,-4.2,4.8,97.5,-1.3,0.251,0.008,0.589,0.013,3.0,4.0,1,0,0.6097560975609756,LAC,8.022941712518964,3.4509860640955092,38.775519425771776,29.81836978753779,19.93218301007596
9.0,Houston Rockets,2025,5.1,24.9,52.0,30.0,5.0,115.3,0.8,110.8,-3.7,4.5,98.6,-0.2,0.242,-0.001,0.553,-0.023,3.0,4.0,1,0,0.6341463414634146,HOU,15.915257176852077,14.942042620310547,35.2333161856006,25.95994891394431,7.949435103292463
10.0,Golden State Warriors,2025,4.3,28.6,48.0,34.0,3.6,115.0,0.5,111.7,-2.8,3.3,98.7,-0.1,0.244,0.001,0.568,-0.008,5.0,7.0,1,0,0.5853658536585366,GSW,5.217144715734207,17.971365066819896,29.675987475865806,26.009391407631888,21.1261113339482
11.0,Memphis Grizzlies,2025,1.8,24.7,48.0,34.0,4.8,117.7,3.2,113.0,-1.5,4.7,103.3,4.5,0.249,0.006,0.588,0.012,0.0,4.0,1,0,0.5853658536585366,MEM,21.207418862319642,20.165414570443353,24.86586541221283,0.0,33.76130115502417
12.0,Detroit Pistons,2025,1.8,25.8,44.0,38.0,1.7,115.0,0.5,113.1,-1.4,1.9,99.8,1.0,0.248,0.005,0.58,0.004,2.0,4.0,1,0,0.5365853658536586,DET,17.18265806176521,18.58641451309106,21.777678340938046,18.73657141957346,23.716677664632225
13.0,Sacramento Kings,2025,0.6,27.8,40.0,42.0,0.6,116.7,2.2,116.2,1.7,0.5,98.2,-0.6,0.235,-0.008,0.582,0.006,0.0,0.0,0,0,0.4878048780487805,SAC,30.064200130890224,13.248982811491494,3.2335902392804314,41.7674410403306,11.685785778007245
14.0,Los Angeles Lakers,2025,0.3,27.9,50.0,32.0,1.5,115.9,1.4,114.7,0.2,1.2,97.6,-1.2,0.271,0.028,0.593,0.017,1.0,4.0,1,0,0.6097560975609756,LAL,3.0036151989805857,25.36962240215182,30.77508425396071,31.204048727902034,9.64762941700485
15.0,Milwaukee Bucks,2025,-0.1,29.3,48.0,34.0,2.1,115.9,1.4,113.4,-1.1,2.5,99.3,0.5,0.268,0.025,0.598,0.022,1.0,4.0,1,0,0.5853658536585366,MIL,13.576540898682183,47.0612207571232,26.98798992544876,2.153093430220561,10.221154988525297
16.0,Dallas Mavericks,2025,-0.8,27.5,39.0,43.0,-0.7,114.8,0.3,116.0,1.5,-1.2,99.2,0.4,0.263,0.02,0.583,0.007,0.0,0.0,0,0,0.4756097560975609,DAL,12.376596436413582,39.34317084596866,2.864707295838289,18.227781093117642,27.187744328661832
17.0,Atlanta Hawks,2025,-1.4,24.9,40.0,42.0,-1.4,114.6,0.1,115.7,1.2,-1.1,102.6,3.8,0.252,0.009,0.579,0.003,0.0,0.0,0,0,0.4878048780487805,ATL,22.489294319671046,13.39292219590881,28.026626201091286,10.89687165199921,25.194285631329645
18.0,Chicago Bulls,2025,-1.9,25.2,39.0,43.0,-1.8,114.1,-0.4,115.6,1.1,-1.5,102.8,4.0,0.214,-0.029,0.585,0.009,0.0,0.0,0,0,0.4756097560975609,CHI,17.44490795661106,21.643607914988383,27.690578834859323,4.3273523147477935,28.89355297879344
19.0,Orlando Magic,2025,-2.5,24.9,41.0,41.0,-0.7,109.4,-5.1,109.6,-4.9,-0.2,96.1,-2.7,0.269,0.026,0.55,-0.026,1.0,4.0,1,0,0.5,ORL,21.287665078483574,24.714676992443923,21.94738177643598,11.92713612980667,20.12314002282986
20.0,San Antonio Spurs,2025,-2.7,26.0,34.0,48.0,-2.5,114.4,-0.1,117.2,2.7,-2.8,99.3,0.5,0.234,-0.009,0.575,-0.001,0.0,0.0,0,0,0.4146341463414634,SAS,10.012295927772588,16.568989017409,36.48687314813761,14.20703186858103,22.724810038099772
21.0,Phoenix Suns,2025,-2.7,29.1,36.0,46.0,-2.6,116.2,1.7,119.3,4.8,-3.1,97.1,-1.7,0.241,-0.002,0.595,0.019,0.0,0.0,0,0,0.4390243902439024,PHO,3.3660761387331437,25.84745019929231,5.650736429706956,9.510855285049985,55.62488194721761
22.0,Portland Trail Blazers,2025,-2.9,23.8,36.0,46.0,-2.7,111.7,-2.8,114.7,0.2,-3.0,98.8,0.0,0.246,0.003,0.555,-0.021,0.0,0.0,0,0,0.4390243902439024,POR,33.04386372849702,18.92651460597696,7.440473932694687,13.455908884247709,27.133238848583623
23.0,Toronto Raptors,2025,-4.8,24.5,30.0,52.0,-4.4,110.5,-4.0,114.8,0.3,-4.3,99.7,0.9,0.232,-0.011,0.553,-0.023,0.0,0.0,0,0,0.3658536585365853,TOR,18.383456675851413,18.792638642473204,28.31867258725258,22.269890493818313,12.235341600604489
24.0,Miami Heat,2025,-6.0,26.8,37.0,45.0,0.1,113.5,-1.0,112.9,-1.6,0.6,96.2,-2.6,0.232,-0.011,0.576,0.0,0.0,4.0,1,0,0.4512195121951219,MIA,22.18706129366625,8.569743298380414,17.81271899389872,31.39189332081294,20.038583093241673
25.0,Philadelphia 76ers,2025,-7.0,27.1,24.0,58.0,-6.3,111.9,-2.6,118.2,3.7,-6.3,97.4,-1.4,0.257,0.014,0.563,-0.013,0.0,0.0,0,0,0.2926829268292683,PHI,33.71429186438956,27.6554345737728,23.157310908169283,5.918242685488185,9.554719968180171
28.0,Utah Jazz,2025,-9.5,23.9,17.0,65.0,-8.5,111.2,-3.3,120.4,5.9,-9.2,100.0,1.2,0.252,0.009,0.568,-0.008,0.0,0.0,0,0,0.2073170731707317,UTA,4.058825925792782,56.182142847715355,4.488090281690651,4.1306421192259295,31.140298825575286
30.0,Washington Wizards,2025,-13.1,23.5,18.0,64.0,-12.1,106.8,-7.7,119.1,4.6,-12.3,100.9,2.1,0.229,-0.014,0.546,-0.03,0.0,0.0,0,0,0.2195121951219512,WAS,6.762520556338318,8.951611832445781,28.362481512284543,30.255352609755352,25.668033489176
31.0,Boston Celtics,2024,14.3,28.2,64.0,18.0,10.8,123.2,8.6,111.6,-3.0,11.6,97.2,-1.9,0.224,-0.044,0.609,0.028,16.0,3.0,1,1,0.7804878048780488,BOS,9.072558829731744,22.50063709813025,28.407372024533522,25.260418848287507,14.759013199316978
32.0,Minnesota Timberwolves,2024,9.7,27.2,56.0,26.0,6.4,115.6,1.0,109.0,-5.6,6.6,97.1,-2.0,0.27,0.002,0.594,0.013,9.0,7.0,1,0,0.6829268292682927,MIN,33.56068963401057,27.785524239795535,22.813258795501962,4.647675390117702,11.192851940574236
33.0,Oklahoma City Thunder,2024,9.1,23.4,57.0,25.0,7.4,119.5,4.9,112.1,-2.5,7.4,99.8,0.7,0.24,-0.028,0.608,0.027,6.0,4.0,1,0,0.6951219512195121,OKC,16.965866933156278,11.238236528128652,24.15699553854284,35.567428165607026,12.071472834565194
34.0,Dallas Mavericks,2024,8.8,26.5,50.0,32.0,2.3,117.6,3.0,115.4,0.8,2.2,100.1,1.0,0.251,-0.017,0.592,0.011,13.0,9.0,1,0,0.6097560975609756,DAL,33.5013123243654,7.2501422779525075,4.096479465295869,0.4601859016259491,54.691880030760274
35.0,Indiana Pacers,2024,6.4,25.3,47.0,35.0,2.8,121.0,6.4,118.0,3.4,3.0,101.7,2.6,0.222,-0.046,0.606,0.025,8.0,9.0,1,0,0.573170731707317,IND,23.404010064607114,44.953770765937875,6.581847855907622,21.6396730743249,3.420698239222493
36.0,Denver Nuggets,2024,6.2,27.1,57.0,25.0,5.2,118.5,3.9,113.0,-1.6,5.5,96.8,-2.3,0.224,-0.044,0.589,0.008,7.0,5.0,1,0,0.6951219512195121,DEN,3.8448759790457627,27.321951883109406,40.32285354733374,5.41928976931442,23.09102882119667
37.0,New York Knicks,2024,3.7,26.4,50.0,32.0,4.4,118.2,3.6,113.4,-1.2,4.8,95.2,-3.9,0.246,-0.022,0.574,-0.007,7.0,6.0,1,0,0.6097560975609756,NYK,17.87391669169839,21.321001005595335,20.44048134234644,21.53941820464183,18.825182755718
38.0,Orlando Magic,2024,3.1,24.0,47.0,35.0,1.5,113.4,-1.2,111.3,-3.3,2.1,96.9,-2.2,0.287,0.019,0.577,-0.004,3.0,4.0,1,0,0.573170731707317,ORL,8.417327333391263,24.723617524067073,24.905389436051195,24.083441319963867,17.870224386526598
39.0,Philadelphia 76ers,2024,3.0,28.4,47.0,35.0,2.5,116.9,2.3,113.8,-0.8,3.1,97.5,-1.6,0.264,-0.004,0.574,-0.007,2.0,4.0,1,0,0.573170731707317,PHI,28.922042529350673,25.564343800619305,22.187575472569254,16.520153277912623,6.805884919548147
40.0,Golden State Warriors,2024,3.0,28.4,46.0,36.0,2.8,117.8,3.2,115.2,0.6,2.6,99.2,0.1,0.219,-0.049,0.586,0.005,0.0,0.0,0,0,0.5609756097560976,GSW,3.530578920742468,15.837285556591683,40.522845055811445,31.798654816229504,8.310635650624896
41.0,Sacramento Kings,2024,2.5,26.4,46.0,36.0,2.3,116.9,2.3,115.2,0.6,1.7,98.8,-0.3,0.229,-0.039,0.582,0.001,0.0,0.0,0,0,0.5609756097560976,SAC,25.092141692298064,20.67295519935001,25.212361976429747,10.2034190085874,18.819122123334775
42.0,Cleveland Cavaliers,2024,2.4,26.2,48.0,34.0,2.0,115.2,0.6,112.7,-1.9,2.5,97.2,-1.9,0.234,-0.034,0.586,0.005,5.0,7.0,1,0,0.5853658536585366,CLE,14.440388339451705,23.416076852634742,19.045373917246813,13.423940483730362,29.67422040693638
43.0,Milwaukee Bucks,2024,1.9,30.2,49.0,33.0,2.4,118.4,3.8,115.8,1.2,2.6,99.9,0.8,0.27,0.002,0.601,0.02,2.0,4.0,1,0,0.5975609756097561,MIL,14.452397258028892,36.26062196176939,26.12759919854419,21.77041905734699,1.3889625243105364
44.0,Los Angeles Clippers,2024,1.5,30.4,51.0,31.0,3.4,118.8,4.2,115.4,0.8,3.4,97.2,-1.9,0.256,-0.012,0.599,0.018,2.0,4.0,1,0,0.6219512195121951,LAC,12.918066618689208,24.788936360694453,21.57475232304014,25.72424177953202,14.994002918044174
45.0,Houston Rockets,2024,1.3,25.1,41.0,41.0,1.2,114.5,-0.1,113.4,-1.2,1.1,99.0,-0.1,0.257,-0.011,0.565,-0.016,0.0,0.0,0,0,0.5,HOU,8.882609872680668,8.875587722766507,33.226529755655505,40.968095227142435,8.047177421754885
46.0,Los Angeles Lakers,2024,1.3,28.0,47.0,35.0,1.1,115.9,1.3,115.3,0.7,0.6,100.9,1.8,0.276,0.008,0.601,0.02,1.0,4.0,1,0,0.573170731707317,LAL,23.867543270899898,39.34070334650588,25.83073721445613,1.717992295994755,9.24302387214333
48.0,Phoenix Suns,2024,-0.2,29.3,49.0,33.0,3.1,117.6,3.0,114.6,0.0,3.0,98.3,-0.8,0.271,0.003,0.603,0.022,0.0,4.0,1,0,0.5975609756097561,PHO,1.6243014791721764,34.394649330716675,20.708205856927123,8.802224987070607,34.47061834611342
49.0,Miami Heat,2024,-1.1,28.0,46.0,36.0,1.1,114.0,-0.6,112.2,-2.4,1.8,96.2,-2.9,0.257,-0.011,0.578,-0.003,1.0,4.0,1,0,0.5609756097560976,MIA,20.836856859615878,29.047205744457376,17.716852612398107,14.397172910875511,18.00191187265312
50.0,Chicago Bulls,2024,-1.8,28.1,39.0,43.0,-1.8,114.9,0.3,116.3,1.7,-1.4,96.3,-2.8,0.236,-0.032,0.568,-0.013,0.0,0.0,0,0,0.4756097560975609,CHI,2.6566913932775065,9.81661029558811,13.680055830603392,26.392020203102973,47.45462227742802
51.0,Atlanta Hawks,2024,-2.6,26.2,36.0,46.0,-2.4,117.2,2.6,119.4,4.8,-2.2,100.1,1.0,0.251,-0.017,0.576,-0.005,0.0,0.0,0,0,0.4390243902439024,ATL,23.286905600206147,0.8327686870727089,30.07633085105208,24.51723042694091,21.286764434728155
53.0,Utah Jazz,2024,-4.6,25.1,31.0,51.0,-4.2,115.5,0.9,120.4,5.8,-4.9,99.5,0.4,0.251,-0.017,0.579,-0.002,0.0,0.0,0,0,0.3780487804878049,UTA,4.820464610937552,42.24877002993369,15.247282619245434,2.096084457599551,35.58739828228378
54.0,San Antonio Spurs,2024,-6.6,23.0,22.0,60.0,-5.8,110.0,-4.6,116.4,1.8,-6.4,101.1,2.0,0.22,-0.048,0.563,-0.018,0.0,0.0,0,0,0.2682926829268293,SAS,29.379798486428506,7.769595051985161,15.768037375380656,37.010360225418815,10.07220886078686
55.0,Toronto Raptors,2024,-7.1,25.9,25.0,57.0,-6.5,112.3,-2.3,118.8,4.2,-6.5,99.4,0.3,0.241,-0.027,0.566,-0.015,0.0,0.0,0,0,0.3048780487804878,TOR,25.76359249100186,10.023512090492849,22.008228763120623,6.094583361587536,36.11008329379713
56.0,Memphis Grizzlies,2024,-7.1,24.4,27.0,55.0,-6.6,107.2,-7.4,114.3,-0.3,-7.1,98.2,-0.9,0.238,-0.03,0.543,-0.038,0.0,0.0,0,0,0.3292682926829268,MEM,0.3208875107648174,17.35663968090815,54.76525296041618,9.715286113860698,17.84193373405016
57.0,Portland Trail Blazers,2024,-9.1,24.1,21.0,61.0,-8.3,108.3,-6.3,117.5,2.9,-9.2,97.2,-1.9,0.228,-0.04,0.539,-0.042,0.0,0.0,0,0,0.2560975609756097,POR,30.551682281856934,18.04042629062652,21.720487029173103,9.821036475896287,19.86636792244715
58.0,Detroit Pistons,2024,-10.2,23.8,14.0,68.0,-9.1,109.7,-4.9,118.8,4.2,-9.1,99.8,0.7,0.246,-0.022,0.562,-0.019,0.0,0.0,0,0,0.1707317073170731,DET,15.8210611904325,9.815449314834666,20.62916517801646,11.262070664908029,42.472253651808344
59.0,Washington Wizards,2024,-10.4,24.9,15.0,67.0,-9.3,110.5,-4.1,119.6,5.0,-9.1,102.7,3.6,0.221,-0.047,0.567,-0.014,0.0,0.0,0,0,0.1829268292682926,WAS,12.06252941177042,22.97772818425795,11.669990650728165,15.2657446248325,38.02400712841097
61.0,Denver Nuggets,2023,9.9,26.6,53.0,29.0,3.0,117.6,2.8,114.2,-0.6,3.4,98.1,-1.0,0.259,-0.007,0.601,0.02,16.0,4.0,1,0,0.6463414634146342,DEN,11.587914445658443,25.369758763040302,39.32706642990597,0.46425895023379055,23.251001411161496
62.0,Boston Celtics,2023,7.7,27.4,57.0,25.0,6.4,118.0,3.2,111.5,-3.3,6.5,98.5,-0.6,0.243,-0.023,0.6,0.019,11.0,9.0,1,0,0.6951219512195121,BOS,26.67354946428937,20.925737442085353,24.195125655653076,18.458875824009173,9.746711613963027
63.0,Philadelphia 76ers,2023,6.0,28.2,54.0,28.0,4.4,117.7,2.9,113.3,-1.5,4.4,96.9,-2.2,0.3,0.034,0.608,0.027,7.0,4.0,1,0,0.6585365853658537,PHI,32.32841882669526,28.791631279572886,28.89808212396683,1.5676900729044114,8.414177696860605
64.0,Miami Heat,2023,5.2,27.7,44.0,38.0,-0.1,113.0,-1.8,113.3,-1.5,-0.3,96.3,-2.8,0.27,0.004,0.574,-0.007,13.0,10.0,1,0,0.5365853658536586,MIA,20.484200899677127,20.99189537698111,17.088385007673452,33.23275944259014,8.202759273078176
65.0,Los Angeles Lakers,2023,4.8,27.9,43.0,39.0,0.4,114.5,-0.3,113.9,-0.9,0.6,101.3,2.2,0.299,0.033,0.582,0.001,8.0,8.0,1,0,0.524390243902439,LAL,30.114782979791265,35.54769828732389,19.571666638046974,0.31741742363407854,14.448434671203792
66.0,New York Knicks,2023,4.5,24.5,47.0,35.0,3.0,117.8,3.0,114.8,0.0,3.0,97.1,-2.0,0.285,0.019,0.577,-0.004,6.0,5.0,1,0,0.573170731707317,NYK,18.67884007425194,19.74239187506308,31.28978834471978,8.789986548018554,21.498993157946643
67.0,Cleveland Cavaliers,2023,3.1,25.4,51.0,31.0,5.2,116.1,1.3,110.6,-4.2,5.5,95.7,-3.4,0.264,-0.002,0.59,0.009,1.0,4.0,1,0,0.6219512195121951,CLE,17.04508097519504,9.829897211207996,12.827382481147875,13.76968495309258,46.52795437935651
68.0,Phoenix Suns,2023,2.7,28.1,45.0,37.0,2.1,115.1,0.3,113.0,-1.8,2.1,98.2,-0.9,0.241,-0.025,0.57,-0.011,6.0,5.0,1,0,0.5487804878048781,PHO,19.178773973438712,26.225921123848096,19.87448266959932,2.776260089244806,31.94456214386907
69.0,Golden State Warriors,2023,2.7,27.3,44.0,38.0,1.7,116.1,1.3,114.4,-0.4,1.7,101.6,2.5,0.224,-0.042,0.6,0.019,6.0,7.0,1,0,0.5365853658536586,GSW,4.000968518539124,19.877964739598948,30.65201605573292,18.613254484595025,26.855796201533987
70.0,Sacramento Kings,2023,2.0,25.4,48.0,34.0,2.3,119.4,4.6,116.8,2.0,2.6,100.3,1.2,0.284,0.018,0.608,0.027,3.0,4.0,1,0,0.5853658536585366,SAC,27.833660480831064,16.47498395185815,27.22905873604637,7.306215185349085,21.156081645915332
72.0,Milwaukee Bucks,2023,1.6,29.8,58.0,24.0,3.6,115.4,0.6,111.9,-2.9,3.5,100.5,1.4,0.248,-0.018,0.583,0.002,1.0,4.0,1,0,0.7073170731707317,MIL,9.328676143660608,28.388789713172653,21.526893330129234,31.409474480594202,9.346166332443303
73.0,Toronto Raptors,2023,1.6,25.8,41.0,41.0,1.6,115.5,0.7,114.0,-0.8,1.5,97.1,-2.0,0.257,-0.009,0.555,-0.026,0.0,0.0,0,0,0.5,TOR,38.52476158028443,19.543350770159787,17.566247300992035,13.978437755949663,10.387202592614088
74.0,Chicago Bulls,2023,1.4,27.5,40.0,42.0,1.4,113.5,-1.3,112.2,-2.6,1.3,98.5,-0.6,0.251,-0.015,0.587,0.006,0.0,0.0,0,0,0.4878048780487805,CHI,5.732797585021716,7.99179932416313,19.76495363160241,23.445091079123966,43.06535838008878
75.0,Memphis Grizzlies,2023,1.2,24.4,51.0,31.0,3.6,115.1,0.3,111.2,-3.6,3.9,101.1,2.0,0.259,-0.007,0.57,-0.011,2.0,4.0,1,0,0.6219512195121951,MEM,19.830631087088502,11.040080113758934,31.333390777434122,17.68997239355035,20.10592562816809
76.0,Oklahoma City Thunder,2023,0.9,22.8,40.0,42.0,1.0,115.2,0.4,114.2,-0.6,1.0,101.1,2.0,0.256,-0.01,0.57,-0.011,0.0,0.0,0,0,0.4878048780487805,OKC,0.3163883512665128,11.385231695711221,41.74731234190046,5.61775032249903,40.933317288622774
77.0,Atlanta Hawks,2023,0.3,24.9,41.0,41.0,0.3,116.6,1.8,116.3,1.5,0.3,100.7,1.6,0.244,-0.022,0.579,-0.002,2.0,4.0,1,0,0.5,ATL,20.748530751066863,17.847743640837795,31.24272853647913,14.524083482575678,15.636913589040532
78.0,Dallas Mavericks,2023,-0.2,27.8,38.0,44.0,-0.1,116.8,2.0,116.7,1.9,0.1,96.6,-2.5,0.298,0.032,0.599,0.018,0.0,0.0,0,0,0.4634146341463415,DAL,27.687115166973836,2.1650881570502096,54.66662947257066,6.95518960265863,8.525977600746664
79.0,Utah Jazz,2023,-1.2,26.5,37.0,45.0,-1.0,115.8,1.0,116.7,1.9,-0.9,100.5,1.4,0.265,-0.001,0.584,0.003,0.0,0.0,0,0,0.4512195121951219,UTA,20.777168639486042,7.072109399672331,1.1578422637177839,23.2197337143893,47.77314598273454
80.0,Los Angeles Clippers,2023,-1.3,29.7,44.0,38.0,0.3,115.0,0.2,114.5,-0.3,0.5,98.0,-1.1,0.278,0.012,0.588,0.007,1.0,4.0,1,0,0.5365853658536586,LAC,6.564761685472032,16.538529929951725,33.566162669021885,14.525875524927937,28.804670190626418
81.0,Washington Wizards,2023,-1.3,26.2,35.0,47.0,-1.1,114.4,-0.4,115.6,0.8,-1.2,98.6,-0.5,0.258,-0.008,0.585,0.004,0.0,0.0,0,0,0.4268292682926829,WAS,4.850377194959156,16.206850851081107,18.32663019711619,8.387167919645814,52.228973837197735
83.0,Minnesota Timberwolves,2023,-2.2,25.8,42.0,40.0,-0.2,113.7,-1.1,113.8,-1.0,-0.1,101.0,1.9,0.271,0.005,0.592,0.011,1.0,4.0,1,0,0.5121951219512195,MIN,28.2291880130436,30.89695785861269,17.266160176628375,7.705346866006763,15.902347085708572
84.0,Orlando Magic,2023,-2.7,23.1,34.0,48.0,-2.4,111.6,-3.2,114.2,-0.6,-2.6,99.3,0.2,0.29,0.024,0.573,-0.008,0.0,0.0,0,0,0.4146341463414634,ORL,7.9977649053676325,34.75546996926054,30.518390143080072,11.784190600560734,14.944184381731027
85.0,Indiana Pacers,2023,-3.1,24.5,35.0,47.0,-2.9,114.6,-0.2,117.7,2.9,-3.1,101.1,2.0,0.265,-0.001,0.581,0.0,0.0,0.0,0,0,0.4268292682926829,IND,43.385094653204185,7.964268618401404,7.687190981805037,37.572276633194036,3.3911691133953363
86.0,Portland Trail Blazers,2023,-4.3,25.1,33.0,49.0,-4.0,114.8,0.0,118.8,4.0,-4.0,98.6,-0.5,0.289,0.023,0.589,0.008,0.0,0.0,0,0,0.4024390243902439,POR,2.004330875418245,20.697327074617277,35.95362252819559,12.390273651289831,28.954445870479056
88.0,Houston Rockets,2023,-8.4,22.1,22.0,60.0,-7.6,111.4,-3.4,119.3,4.5,-7.9,99.0,-0.1,0.285,0.019,0.554,-0.027,0.0,0.0,0,0,0.2682926829268293,HOU,8.279432659003291,21.305175022613053,6.965067240705573,23.74517531169496,39.70514976598312
89.0,Detroit Pistons,2023,-8.7,24.1,17.0,65.0,-7.7,110.7,-4.1,118.9,4.1,-8.2,99.0,-0.1,0.295,0.029,0.561,-0.02,0.0,0.0,0,0,0.2073170731707317,DET,25.56631835530794,2.3293214391898616,32.8573624519531,1.8099821216905316,37.43701563185857
90.0,San Antonio Spurs,2023,-10.6,23.9,22.0,60.0,-9.8,110.2,-4.6,120.0,5.2,-9.8,101.6,2.5,0.229,-0.037,0.554,-0.027,0.0,0.0,0,0,0.2682926829268293,SAS,23.552538765086982,11.71980242216976,2.7538366601235356,42.73034508749246,19.24347706512726
91.0,Golden State Warriors,2022,11.0,27.6,53.0,29.0,5.5,112.5,0.5,106.9,-5.1,5.6,98.4,0.2,0.235,-0.013,0.582,0.016,16.0,6.0,1,1,0.6463414634146342,GSW,4.36365022945343,14.425411489090562,28.76637663104054,24.84958440614189,27.59497724427358
92.0,Boston Celtics,2022,9.4,26.1,51.0,31.0,7.0,114.4,2.4,106.9,-5.1,7.5,96.6,-1.6,0.239,-0.009,0.578,0.012,14.0,10.0,1,0,0.6219512195121951,BOS,28.932284295335236,3.368123539527405,10.071821493820233,43.825277718136235,13.802492953180886
93.0,Miami Heat,2022,8.7,28.2,53.0,29.0,4.2,113.7,1.7,109.1,-2.9,4.6,95.9,-2.3,0.252,0.004,0.584,0.018,11.0,7.0,1,0,0.6463414634146342,MIA,28.178551744941277,3.6859007941920416,21.730160057794212,29.371013043477586,17.034374359594885
94.0,Memphis Grizzlies,2022,7.6,24.0,56.0,26.0,5.4,114.6,2.6,109.0,-3.0,5.6,100.3,2.1,0.245,-0.003,0.553,-0.013,6.0,6.0,1,0,0.6829268292682927,MEM,21.17765444173521,14.094746164800123,22.15071336469908,21.223126400852568,21.353759627913018
95.0,Dallas Mavericks,2022,7.2,26.7,52.0,30.0,3.1,112.8,0.8,109.4,-2.6,3.4,95.4,-2.8,0.249,0.001,0.572,0.006,9.0,9.0,1,0,0.6341463414634146,DAL,14.904626016586395,30.88821202730065,37.5427102494052,10.57433995718192,6.090111749525839
96.0,Milwaukee Bucks,2022,5.9,28.5,51.0,31.0,3.2,115.1,3.1,111.8,-0.2,3.3,99.9,1.7,0.257,0.009,0.58,0.014,7.0,5.0,1,0,0.6219512195121951,MIL,17.278229886375016,25.080355194858374,22.374284720518837,24.412303244321325,10.854826953926448
97.0,Phoenix Suns,2022,5.1,27.5,64.0,18.0,6.9,114.8,2.8,107.3,-4.7,7.5,99.8,1.6,0.221,-0.027,0.581,0.015,7.0,6.0,1,0,0.7804878048780488,PHO,7.236688232989487,11.974869306853538,36.58849941898607,14.355238989008484,29.84470405216243
98.0,Philadelphia 76ers,2022,4.6,26.8,51.0,31.0,2.6,113.5,1.5,110.8,-1.2,2.7,96.2,-2.0,0.282,0.034,0.578,0.012,6.0,6.0,1,0,0.6219512195121951,PHI,29.96977252402997,26.52646634288879,30.362235140838067,6.326894259825878,6.814631732417298
99.0,Utah Jazz,2022,3.6,29.3,49.0,33.0,5.7,116.7,4.7,110.5,-1.5,6.2,97.1,-1.1,0.271,0.023,0.589,0.023,2.0,4.0,1,0,0.5975609756097561,UTA,24.825452168325455,16.98300338778359,13.821523306128391,14.321314874474192,30.048706263288373
100.0,Cleveland Cavaliers,2022,2.2,24.7,44.0,38.0,2.0,111.9,-0.1,109.7,-2.3,2.2,96.1,-2.1,0.261,0.013,0.571,0.005,0.0,0.0,0,0,0.5365853658536586,CLE,15.60914009862611,36.71920299177635,21.862038565443736,10.79475336754614,15.014864976607663
101.0,Minnesota Timberwolves,2022,1.9,24.2,46.0,36.0,2.5,114.3,2.3,111.7,-0.3,2.6,100.9,2.7,0.254,0.006,0.573,0.007,2.0,4.0,1,0,0.5609756097560976,MIN,24.47895225655992,14.577800935230133,33.924930470656854,4.607942769771445,22.410373567781644
102.0,Denver Nuggets,2022,0.7,27.7,48.0,34.0,2.2,114.5,2.5,112.1,0.1,2.4,97.8,-0.4,0.244,-0.004,0.59,0.024,1.0,4.0,1,0,0.5853658536585366,DEN,34.78754907329058,28.943131154515267,12.729110313149583,0.0,23.54020945904458
105.0,Toronto Raptors,2022,0.3,24.8,48.0,34.0,2.4,112.9,0.9,110.5,-1.5,2.4,96.0,-2.2,0.234,-0.014,0.543,-0.023,2.0,4.0,1,0,0.5853658536585366,TOR,9.08525908461115,52.68452208006046,18.506412322825945,17.848208891243633,1.8755976212588097
107.0,Los Angeles Clippers,2022,0.2,27.5,42.0,40.0,0.1,110.1,-1.9,110.1,-1.9,0.0,98.0,-0.2,0.224,-0.024,0.564,-0.002,0.0,0.0,0,0,0.5121951219512195,LAC,6.0188089348136335,27.608455749133093,11.796502343754872,38.32439622030114,16.251836751997264
108.0,New York Knicks,2022,-0.2,26.0,37.0,45.0,0.0,110.4,-1.6,110.5,-1.5,-0.1,95.9,-2.3,0.28,0.032,0.55,-0.016,0.0,0.0,0,0,0.4512195121951219,NYK,11.411863164611415,18.662498362163237,37.923015262332385,9.866212236351226,22.136410974541743
109.0,San Antonio Spurs,2022,-0.2,24.5,34.0,48.0,0.0,112.4,0.4,112.3,0.3,0.1,100.0,1.8,0.22,-0.028,0.556,-0.01,0.0,0.0,0,0,0.4146341463414634,SAS,13.311923680562874,29.548421556186,23.670900150747258,11.345709176355019,22.123045436148846
110.0,Atlanta Hawks,2022,-1.4,26.1,43.0,39.0,1.6,116.5,4.5,114.9,2.9,1.6,97.7,-0.5,0.253,0.005,0.581,0.015,1.0,4.0,1,0,0.524390243902439,ATL,21.31057441084637,37.321037235663276,6.759874162384777,10.54229642353892,24.06621776756666
111.0,Chicago Bulls,2022,-3.4,26.3,46.0,36.0,-0.4,113.2,1.2,113.6,1.6,-0.4,98.3,0.1,0.248,0.0,0.579,0.013,1.0,4.0,1,0,0.5609756097560976,CHI,24.268293776646164,39.66497931070687,5.499412876381706,20.436936327714132,10.130377708551125
112.0,Los Angeles Lakers,2022,-3.4,30.2,33.0,49.0,-3.1,110.3,-1.7,113.3,1.3,-3.0,100.1,1.9,0.259,0.011,0.567,0.001,0.0,0.0,0,0,0.4024390243902439,LAL,24.641981612468246,5.370596337767353,28.595831616899854,29.850445919663667,11.541144513200884
113.0,Washington Wizards,2022,-3.5,25.9,35.0,47.0,-3.2,111.1,-0.9,114.5,2.5,-3.4,97.0,-1.2,0.252,0.004,0.568,0.002,0.0,0.0,0,0,0.4268292682926829,WAS,8.272764301839862,41.42087018439356,2.8032992019704506,2.665284432243646,44.83778187955249
114.0,Indiana Pacers,2022,-3.9,26.0,25.0,57.0,-3.3,112.6,0.6,116.1,4.1,-3.5,98.0,-0.2,0.239,-0.009,0.564,-0.002,0.0,0.0,0,0,0.3048780487804878,IND,24.453389352458547,8.226129815558497,25.859414923178708,2.488895029250153,38.9721708795541
115.0,Sacramento Kings,2022,-5.7,25.8,30.0,52.0,-5.3,109.9,-2.1,115.3,3.3,-5.4,99.8,1.6,0.264,0.016,0.561,-0.005,0.0,0.0,0,0,0.3658536585365853,SAC,29.574312341116283,18.301013577835075,26.36074177328876,17.533179345817505,8.230752961942386
116.0,Detroit Pistons,2022,-8.1,23.6,23.0,59.0,-7.4,106.0,-6.0,113.8,1.8,-7.8,98.4,0.2,0.249,0.001,0.533,-0.033,0.0,0.0,0,0,0.2804878048780488,DET,20.749698655212438,25.652952008184037,34.89346189670284,5.025514848745708,13.678372591154982
117.0,Orlando Magic,2022,-8.4,23.3,22.0,60.0,-7.7,104.5,-7.5,112.5,0.5,-8.0,99.2,1.0,0.223,-0.025,0.538,-0.028,0.0,0.0,0,0,0.2682926829268293,ORL,16.897519280074945,4.134260669035477,32.07442451051628,7.3832411886185305,39.51055435175476
118.0,Oklahoma City Thunder,2022,-8.6,22.4,24.0,58.0,-7.9,104.6,-7.4,112.8,0.8,-8.2,98.5,0.3,0.223,-0.025,0.53,-0.036,0.0,0.0,0,0,0.2926829268292683,OKC,29.943547422468875,19.32690863496375,20.229600932686303,9.262565969122589,21.23737704075848
119.0,Houston Rockets,2022,-9.1,24.1,20.0,62.0,-8.3,108.4,-3.6,116.7,4.7,-8.3,100.9,2.7,0.284,0.036,0.565,-0.001,0.0,0.0,0,0,0.2439024390243902,HOU,31.168125663596168,3.929955149852868,0.0,10.30029640147467,54.6016227850763
120.0,Portland Trail Blazers,2022,-9.1,25.6,27.0,55.0,-8.6,107.8,-4.2,116.9,4.9,-9.1,98.3,0.1,0.248,0.0,0.55,-0.016,0.0,0.0,0,0,0.3292682926829268,POR,17.553917330373526,0.0,47.33602791613267,9.522799371176987,25.587255382316815
121.0,Phoenix Suns,2021,10.5,26.6,51.0,21.0,5.7,117.2,4.9,111.3,-1.0,5.9,97.2,-2.0,0.212,-0.035,0.597,0.025,14.0,8.0,1,0,0.7083333333333334,PHO,9.306820426153566,15.02597633186065,40.03297090201127,6.599314120996802,29.03491821897771
122.0,Los Angeles Clippers,2021,10.2,28.8,47.0,25.0,6.0,117.6,5.3,111.2,-1.1,6.4,96.9,-2.3,0.222,-0.025,0.599,0.027,10.0,9.0,1,0,0.6527777777777778,LAC,13.309300003490062,12.355551128397348,14.013578621676709,53.63577827792992,6.685791968505958
123.0,Milwaukee Bucks,2021,10.2,28.1,46.0,26.0,5.6,117.2,4.9,111.4,-0.9,5.8,102.2,3.0,0.233,-0.014,0.593,0.021,16.0,7.0,1,1,0.6388888888888888,MIL,12.631432480458221,21.71512701708554,23.874859320362752,33.077418406127926,8.701162775965555
124.0,Utah Jazz,2021,9.0,28.5,52.0,20.0,9.0,117.6,5.3,108.3,-4.0,9.3,98.5,-0.7,0.244,-0.003,0.597,0.025,6.0,5.0,1,0,0.7222222222222222,UTA,28.48278668580335,3.6791208515826535,29.517479070933405,27.638939402573865,10.681673989106724
126.0,Philadelphia 76ers,2021,8.2,27.1,49.0,23.0,5.3,113.2,0.9,107.6,-4.7,5.6,99.5,0.3,0.293,0.046,0.579,0.007,7.0,5.0,1,0,0.6805555555555556,PHI,22.348491651521012,27.420219945182822,26.285568903662725,9.888957200786736,14.056762298846703
127.0,Atlanta Hawks,2021,4.5,25.4,41.0,31.0,2.1,115.7,3.4,113.3,1.0,2.4,97.6,-1.6,0.278,0.031,0.581,0.009,10.0,8.0,1,0,0.5694444444444444,ATL,23.016332265599907,23.927647367044525,11.848511381187395,10.794177308959865,30.413331677208312
128.0,Denver Nuggets,2021,3.5,26.1,47.0,25.0,4.8,117.1,4.8,112.1,-0.2,5.0,97.1,-2.1,0.219,-0.028,0.588,0.016,4.0,6.0,1,0,0.6527777777777778,DEN,26.25009043974148,32.46013345337407,25.05723381769542,10.67617480984801,5.556367479341023
129.0,Portland Trail Blazers,2021,2.3,27.4,42.0,30.0,1.8,117.8,5.5,116.0,3.7,1.8,98.4,-0.8,0.238,-0.009,0.577,0.005,2.0,4.0,1,0,0.5833333333333334,POR,13.843851631335516,14.170629897051878,30.17611174301129,1.2856127724095296,40.52379395619178
130.0,Dallas Mavericks,2021,2.1,26.3,42.0,30.0,2.3,115.4,3.1,113.0,0.7,2.4,97.3,-1.9,0.242,-0.005,0.582,0.01,3.0,4.0,1,0,0.5833333333333334,DAL,51.71392726169116,17.58503457597487,15.04018243714133,0.4823774967635094,15.178478228429132
131.0,Los Angeles Lakers,2021,1.9,28.2,42.0,30.0,2.8,109.9,-2.4,107.1,-5.2,2.8,98.7,-0.5,0.271,0.024,0.569,-0.003,2.0,4.0,1,0,0.5833333333333334,LAL,27.69341372844743,26.302446559919705,28.645573054442668,3.6344646792536683,13.724101977936526
132.0,Golden State Warriors,2021,1.3,26.7,39.0,33.0,1.1,111.1,-1.2,110.1,-2.2,1.0,102.2,3.0,0.239,-0.008,0.583,0.011,0.0,0.0,0,0,0.5416666666666666,GSW,11.4892802226689,46.01624692068868,36.735159883701165,1.8845843843879555,3.874728588553298
133.0,Memphis Grizzlies,2021,0.5,24.2,38.0,34.0,1.1,112.0,-0.3,111.0,-1.3,1.0,100.4,1.2,0.232,-0.015,0.56,-0.012,1.0,4.0,1,0,0.5277777777777778,MEM,17.350538369581937,15.73207843256369,31.618106156651088,27.90745787536984,7.3918191658334464
134.0,New York Knicks,2021,0.0,25.6,41.0,31.0,2.1,110.6,-1.7,108.2,-4.1,2.4,95.9,-3.3,0.242,-0.005,0.559,-0.013,1.0,4.0,1,0,0.5694444444444444,NYK,13.576691445710667,30.598992056870266,26.32065230193612,10.884539698037374,18.61912449744557
135.0,Indiana Pacers,2021,-0.2,26.5,34.0,38.0,-0.1,112.4,0.1,112.4,0.1,0.0,101.6,2.4,0.227,-0.02,0.575,0.003,0.0,0.0,0,0,0.4722222222222222,IND,18.689829331846337,25.725474148427953,21.77786240952027,2.7276029762486105,31.07923113395683
137.0,Toronto Raptors,2021,-0.9,26.6,27.0,45.0,-0.5,112.0,-0.3,112.5,0.2,-0.5,99.2,0.0,0.241,-0.006,0.567,-0.005,0.0,0.0,0,0,0.375,TOR,13.55760698164556,28.652603783594127,26.64521911860447,13.327406030069957,17.81716408608589
138.0,Chicago Bulls,2021,-1.2,25.6,31.0,41.0,-0.9,111.1,-1.2,112.0,-0.3,-0.9,99.0,-0.2,0.197,-0.05,0.575,0.003,0.0,0.0,0,0,0.4305555555555556,CHI,30.702010389555568,29.536011046371513,7.1890542550030565,1.2096092227598219,31.363315086310045
139.0,Boston Celtics,2021,-1.4,25.1,36.0,36.0,1.3,114.0,1.7,112.5,0.2,1.5,98.3,-0.9,0.234,-0.013,0.574,0.002,1.0,4.0,1,0,0.5,BOS,3.624156043196807,15.014530722207736,35.286188004239946,22.40784022388447,23.667285006471044
140.0,San Antonio Spurs,2021,-1.7,26.2,33.0,39.0,-1.6,111.0,-1.3,112.8,0.5,-1.8,98.9,-0.3,0.243,-0.004,0.554,-0.018,0.0,0.0,0,0,0.4583333333333333,SAS,26.372635073433482,48.82858544088753,14.663081355400177,6.306419074876953,3.8292790554018645
142.0,Sacramento Kings,2021,-3.7,25.6,31.0,41.0,-3.5,113.6,1.3,117.2,4.9,-3.6,100.0,0.8,0.248,0.001,0.578,0.006,0.0,0.0,0,0,0.4305555555555556,SAC,11.424826657661807,27.88641825691857,14.651017108027704,3.210611272319626,42.827126705072295
143.0,Miami Heat,2021,-3.8,27.4,40.0,32.0,-0.1,111.2,-1.1,111.2,-1.1,0.0,96.6,-2.6,0.252,0.005,0.581,0.009,0.0,4.0,1,0,0.5555555555555556,MIA,15.960625109391744,8.747160089185702,15.80270352785083,40.18983063590001,19.299680637671717
144.0,Washington Wizards,2021,-4.1,26.6,34.0,38.0,-1.9,111.2,-1.1,113.0,0.7,-1.8,104.1,4.9,0.288,0.041,0.569,-0.003,1.0,4.0,1,0,0.4722222222222222,WAS,16.23420609308697,17.965721992566035,35.50283170325857,3.3375634203840723,26.959676790704346
145.0,Detroit Pistons,2021,-5.1,24.5,20.0,52.0,-4.4,108.0,-4.3,112.5,0.2,-4.5,97.9,-1.3,0.273,0.026,0.556,-0.016,0.0,0.0,0,0,0.2777777777777778,DET,17.550201855931043,4.655330406660152,25.808606727906447,30.275790536366532,21.710070473135826
146.0,Minnesota Timberwolves,2021,-5.9,23.2,23.0,49.0,-5.3,109.5,-2.8,115.0,2.7,-5.5,101.6,2.4,0.254,0.007,0.555,-0.017,0.0,0.0,0,0,0.3194444444444444,MIN,29.22387666345157,2.946347176154086,37.60994095524707,3.0539047262359764,27.1659304789113
147.0,Houston Rockets,2021,-8.4,26.5,17.0,55.0,-7.5,107.1,-5.2,114.9,2.6,-7.8,101.4,2.2,0.252,0.005,0.553,-0.019,0.0,0.0,0,0,0.2361111111111111,HOU,26.171133175148253,2.0338775119577703,41.36237173664911,3.5372873416700235,26.89533023457484
148.0,Cleveland Cavaliers,2021,-8.8,24.0,22.0,50.0,-8.2,105.8,-6.5,114.4,2.1,-8.6,97.3,-1.9,0.261,0.014,0.543,-0.029,0.0,0.0,0,0,0.3055555555555556,CLE,9.512635651178707,46.758820721329684,10.551568501072072,10.59294639999136,22.584028726428176
149.0,Orlando Magic,2021,-9.7,25.6,21.0,51.0,-9.0,105.1,-7.2,114.5,2.2,-9.4,98.7,-0.5,0.24,-0.007,0.527,-0.045,0.0,0.0,0,0,0.2916666666666667,ORL,12.07148874445856,5.054292607079194,23.604995194966715,2.437021097558777,56.83220235593676
150.0,Oklahoma City Thunder,2021,-10.8,22.8,22.0,50.0,-10.1,103.5,-8.8,114.0,1.7,-10.5,101.0,1.8,0.242,-0.005,0.539,-0.033,0.0,0.0,0,0,0.3055555555555556,OKC,53.138377799551726,19.599053929279663,3.378160479922001,11.647106006652177,12.237301784594425
151.0,Los Angeles Lakers,2020,11.1,29.5,52.0,19.0,6.3,112.0,1.4,106.3,-4.3,5.7,100.9,0.6,0.276,0.016,0.573,0.008,16.0,5.0,1,1,0.7323943661971831,LAL,4.9927514655186505,28.814862835697753,40.64119239102859,0.0,25.55119330775501
152.0,Boston Celtics,2020,9.9,25.3,48.0,24.0,5.8,113.3,2.7,107.0,-3.6,6.3,99.5,-0.8,0.259,-0.001,0.57,0.005,10.0,7.0,1,0,0.6666666666666666,BOS,6.7683369367801145,10.666204875291982,30.82870156271918,29.487795358224787,22.248961266983937
153.0,Los Angeles Clippers,2020,9.3,27.4,49.0,23.0,6.7,113.9,3.3,107.6,-3.0,6.3,101.5,1.2,0.295,0.035,0.577,0.012,7.0,6.0,1,0,0.6805555555555556,LAC,12.816671506664838,5.662234079331293,18.035357870883033,57.000906657532724,6.484829885588117
154.0,Toronto Raptors,2020,8.8,26.6,53.0,19.0,6.0,111.1,0.5,105.0,-5.6,6.1,100.9,0.6,0.264,0.004,0.574,0.009,7.0,4.0,1,0,0.7361111111111112,TOR,41.429639909398915,6.837064061320635,28.23321099798345,6.349136085249442,17.150948946047563
155.0,Milwaukee Bucks,2020,8.7,29.2,56.0,17.0,9.4,112.4,1.8,102.9,-7.7,9.5,105.1,4.8,0.271,0.011,0.583,0.018,5.0,5.0,1,0,0.7671232876712328,MIL,13.990691987062826,30.21196607980441,20.545300666157676,29.28268500629792,5.969356260677172
156.0,Miami Heat,2020,8.2,25.9,44.0,29.0,2.6,112.5,1.9,109.5,-1.1,3.0,98.3,-2.0,0.299,0.039,0.587,0.022,14.0,7.0,1,0,0.6027397260273972,MIA,18.108357913943486,12.446168628389245,14.610439337119763,42.04973566611408,12.785298454433427
157.0,Houston Rockets,2020,5.0,29.2,44.0,28.0,3.1,112.9,2.3,110.1,-0.5,2.8,103.7,3.4,0.288,0.028,0.578,0.013,5.0,7.0,1,0,0.6111111111111112,HOU,14.559113834524215,17.709733376255386,26.19741260621322,13.70135218688883,27.832387996118346
158.0,Denver Nuggets,2020,4.2,25.6,46.0,27.0,2.4,113.1,2.5,111.0,0.4,2.1,97.1,-3.2,0.235,-0.025,0.567,0.002,9.0,10.0,1,0,0.6301369863013698,DEN,34.4063149677996,32.07446535457205,4.766771068542771,14.353452673624767,14.398995935460817
159.0,Utah Jazz,2020,3.8,27.3,44.0,28.0,2.5,112.3,1.7,109.9,-0.7,2.4,98.6,-1.7,0.268,0.008,0.585,0.02,3.0,4.0,1,0,0.6111111111111112,UTA,25.395641309841828,12.155937161462893,30.19266252181239,16.537436928812337,15.718322078070551
160.0,Dallas Mavericks,2020,3.1,26.1,43.0,32.0,4.9,116.7,6.1,111.7,1.1,5.0,99.3,-1.0,0.264,0.004,0.581,0.016,2.0,4.0,1,0,0.5733333333333334,DAL,35.73371832155408,13.125535068139873,16.695791867528946,1.1713839389165208,33.273570803860586
161.0,Oklahoma City Thunder,2020,1.4,25.5,44.0,28.0,2.3,110.8,0.2,108.8,-1.8,2.0,98.8,-1.5,0.29,0.03,0.573,0.008,3.0,4.0,1,0,0.6111111111111112,OKC,23.34073919692689,19.805721121338767,40.51601424195035,13.372019132276494,2.9655063075075017
162.0,Phoenix Suns,2020,0.5,24.6,34.0,39.0,0.6,111.7,1.1,111.4,0.8,0.3,101.3,1.0,0.271,0.011,0.576,0.011,0.0,0.0,0,0,0.4657534246575342,PHO,22.793624879955942,7.396376221219874,18.732196374142678,19.472575461864228,31.60522706281728
163.0,Philadelphia 76ers,2020,-0.2,26.3,43.0,30.0,2.3,111.3,0.7,109.0,-1.6,2.3,99.0,-1.3,0.255,-0.005,0.566,0.001,0.0,4.0,1,0,0.589041095890411,PHI,45.32980484329983,29.582676288861503,7.677421014632876,4.968640344107672,12.441457509098118
165.0,San Antonio Spurs,2020,-0.8,27.6,32.0,39.0,-0.7,112.4,1.8,113.5,2.9,-1.1,100.5,0.2,0.262,0.002,0.572,0.007,0.0,0.0,0,0,0.4507042253521127,SAS,28.074488278382432,20.275624541255674,13.180816253412567,26.531382707122468,11.937688219826862
166.0,Indiana Pacers,2020,-1.0,25.6,45.0,28.0,1.6,110.0,-0.6,108.0,-2.6,2.0,98.9,-1.4,0.216,-0.044,0.565,0.0,0.0,4.0,1,0,0.6164383561643836,IND,18.514229679631562,14.86490370959819,22.972246461079415,13.854036637767878,29.794583511922955
167.0,Memphis Grizzlies,2020,-1.0,24.1,34.0,39.0,-0.9,109.2,-1.4,110.3,-0.3,-1.1,102.8,2.5,0.24,-0.02,0.561,-0.004,0.0,0.0,0,0,0.4657534246575342,MEM,47.60931012131103,3.107954052033821,22.656331272124845,18.835465657029207,7.7909388975010945
168.0,Orlando Magic,2020,-1.2,26.1,33.0,40.0,-0.9,108.5,-2.1,109.5,-1.1,-1.0,98.6,-1.7,0.256,-0.004,0.544,-0.021,1.0,4.0,1,0,0.4520547945205479,ORL,25.880880176675912,30.436819248842852,14.188733379956208,17.704772842554593,11.788794351970436
169.0,Sacramento Kings,2020,-1.8,27.0,31.0,41.0,-1.6,110.2,-0.4,112.2,1.6,-2.0,98.9,-1.4,0.23,-0.03,0.566,0.001,0.0,0.0,0,0,0.4305555555555556,SAC,9.968905323741623,14.880213222679192,24.057100353096015,36.14031814376057,14.9534629567226
170.0,Portland Trail Blazers,2020,-2.1,27.5,35.0,39.0,-0.6,113.7,3.1,114.8,4.2,-1.1,100.7,0.4,0.242,-0.018,0.57,0.005,1.0,4.0,1,0,0.4729729729729729,POR,34.846548678934354,10.584048429397974,24.402832630518255,5.8421825333509565,24.324387727798463
171.0,Chicago Bulls,2020,-4.5,24.4,22.0,43.0,-4.0,106.7,-3.9,109.8,-0.8,-3.1,99.7,-0.6,0.231,-0.029,0.547,-0.018,0.0,0.0,0,0,0.3384615384615385,CHI,14.563308138730818,16.05807956206521,12.047818498280522,47.07805532989695,10.2527384710265
173.0,Minnesota Timberwolves,2020,-4.7,24.8,19.0,45.0,-4.0,108.1,-2.5,112.2,1.6,-4.1,103.4,3.1,0.277,0.017,0.551,-0.014,0.0,0.0,0,0,0.296875,MIN,25.589712306081953,16.509785408157096,24.774070195141952,3.252350104526873,29.874081986092126
174.0,Detroit Pistons,2020,-5.0,25.9,20.0,46.0,-4.4,109.0,-1.6,112.7,2.1,-3.7,97.6,-2.7,0.261,0.001,0.561,-0.004,0.0,0.0,0,0,0.303030303030303,DET,12.754087926320823,37.75824195758932,9.927956393611668,10.923550886446783,28.63616283603141
175.0,Washington Wizards,2020,-5.7,25.1,25.0,47.0,-5.2,110.9,0.3,115.5,4.9,-4.6,102.7,2.4,0.27,0.01,0.562,-0.003,0.0,0.0,0,0,0.3472222222222222,WAS,27.799230974329138,13.334238311808921,11.08321485611639,14.99541349365896,32.78790236408659
176.0,New York Knicks,2020,-7.3,24.5,21.0,45.0,-6.7,106.5,-4.1,113.0,2.4,-6.5,98.6,-1.7,0.263,0.003,0.531,-0.034,0.0,0.0,0,0,0.3181818181818182,NYK,11.777691237790759,48.902340464170976,19.244203685104157,0.9981420076149066,19.0776226053192
178.0,Atlanta Hawks,2020,-8.4,24.1,20.0,47.0,-7.7,107.2,-3.4,114.8,4.2,-7.6,103.0,2.7,0.258,-0.002,0.554,-0.011,0.0,0.0,0,0,0.2985074626865671,ATL,15.400090071924403,26.581797222766966,23.31538887604774,11.713342462605315,22.989381366655575
179.0,Cleveland Cavaliers,2020,-8.5,25.0,19.0,46.0,-7.8,107.5,-3.1,115.4,4.8,-7.9,98.7,-1.6,0.227,-0.033,0.553,-0.012,0.0,0.0,0,0,0.2923076923076923,CLE,23.377258311780693,47.91610095010936,11.437984009220127,4.5347011574141955,12.733955571475622
180.0,Golden State Warriors,2020,-9.0,24.4,15.0,50.0,-8.1,105.2,-5.4,113.8,3.2,-8.6,100.3,0.0,0.264,0.004,0.54,-0.025,0.0,0.0,0,0,0.2307692307692307,GSW,7.240428297587218,21.711067984355655,40.4706720777089,27.429212830737633,3.1486188096106
181.0,Milwaukee Bucks,2019,13.0,26.9,60.0,22.0,8.0,113.8,3.4,105.2,-5.2,8.6,103.3,3.3,0.255,-0.004,0.583,0.023,10.0,5.0,1,0,0.7317073170731707,MIL,11.645333669376019,35.75917707816056,27.644213041958437,18.43028073452453,6.52099547598045
182.0,Toronto Raptors,2019,11.0,27.3,58.0,24.0,5.5,113.1,2.7,107.1,-3.3,6.0,100.2,0.2,0.247,-0.012,0.579,0.019,16.0,8.0,1,1,0.7073170731707317,TOR,32.95821142632583,1.4536817005019687,29.03889182210258,18.431848606525065,18.117366444544565
183.0,Golden State Warriors,2019,9.5,28.4,57.0,25.0,6.4,115.9,5.5,109.5,-0.9,6.4,100.9,0.9,0.227,-0.032,0.596,0.036,14.0,8.0,1,0,0.6951219512195121,GSW,6.983103632202536,13.149664701376338,32.77328665444082,32.80070937463348,14.293235637346836
184.0,Houston Rockets,2019,8.2,29.2,53.0,29.0,5.0,115.5,5.1,110.7,0.3,4.8,97.9,-2.1,0.279,0.02,0.581,0.021,6.0,5.0,1,0,0.6463414634146342,HOU,12.05056748922205,10.235046817218825,55.07708089113649,0.20629304883732197,22.43101175358531
185.0,Denver Nuggets,2019,6.4,24.9,54.0,28.0,4.2,113.0,2.6,108.9,-1.5,4.1,97.7,-2.3,0.232,-0.027,0.558,-0.002,7.0,7.0,1,0,0.6585365853658537,DEN,33.20983921363524,31.249564221960497,4.849396437126543,12.240601766746618,18.450598360531103
186.0,Portland Trail Blazers,2019,5.5,26.2,53.0,29.0,4.4,114.7,4.3,110.5,0.1,4.2,99.1,-0.9,0.258,-0.001,0.568,0.008,8.0,8.0,1,0,0.6463414634146342,POR,19.99761359765332,6.71076483098069,36.18717186474414,9.773270307811172,27.331179398810672
187.0,Philadelphia 76ers,2019,5.4,26.4,51.0,31.0,2.3,112.6,2.2,110.0,-0.4,2.6,101.6,1.6,0.312,0.053,0.574,0.014,7.0,5.0,1,0,0.6219512195121951,PHI,34.555589471481866,19.59064444470071,7.564047559594819,20.773674421385014,17.516044102837586
188.0,Boston Celtics,2019,4.7,25.7,49.0,33.0,3.9,112.2,1.8,107.8,-2.6,4.4,99.6,-0.4,0.215,-0.044,0.567,0.007,5.0,4.0,1,0,0.5975609756097561,BOS,30.01394054036446,29.810682526113602,20.280690749890216,5.665191302886374,14.229494880745348
189.0,Utah Jazz,2019,2.7,27.3,50.0,32.0,5.3,110.9,0.5,105.7,-4.7,5.2,100.3,0.3,0.295,0.036,0.572,0.012,1.0,4.0,1,0,0.6097560975609756,UTA,39.93237521284378,12.866836899266506,23.620338878549262,12.3153371186683,11.26511189067215
190.0,San Antonio Spurs,2019,2.2,28.8,48.0,34.0,1.8,112.9,2.5,111.2,0.8,1.7,98.3,-1.7,0.237,-0.022,0.572,0.012,3.0,4.0,1,0,0.5853658536585366,SAS,25.32117798077742,20.494209911927637,13.252638121672785,1.5142062100032243,39.417767775618934
191.0,Oklahoma City Thunder,2019,2.1,25.7,49.0,33.0,3.6,110.3,-0.1,107.0,-3.4,3.3,102.8,2.8,0.266,0.007,0.545,-0.015,1.0,4.0,1,0,0.5975609756097561,OKC,19.196733545153187,10.765345421180578,40.03465403657924,23.659259115166694,6.344007881920296
192.0,Indiana Pacers,2019,0.7,27.0,48.0,34.0,2.8,109.9,-0.5,106.5,-3.9,3.4,98.1,-1.9,0.242,-0.017,0.561,0.001,0.0,4.0,1,0,0.5853658536585366,IND,11.813399592737332,17.088665311481034,19.716884548427227,18.21666164203006,33.16438890532435
193.0,Los Angeles Clippers,2019,0.2,27.2,48.0,34.0,1.1,112.4,2.0,111.5,1.1,0.9,101.7,1.7,0.326,0.067,0.575,0.015,2.0,4.0,1,0,0.5853658536585366,LAC,19.978328939066763,23.45871336295055,15.191141344845352,20.43014218692849,20.941674166208845
194.0,Miami Heat,2019,-0.5,27.0,39.0,43.0,-0.5,107.3,-3.1,107.6,-2.8,-0.3,98.2,-1.8,0.247,-0.012,0.542,-0.018,0.0,0.0,0,0,0.4756097560975609,MIA,24.001395422546583,38.229981001602795,14.535323778291717,3.9899724331567783,19.243327364402127
195.0,Sacramento Kings,2019,-0.9,24.8,39.0,43.0,-0.8,110.4,0.0,111.5,1.1,-1.1,103.1,3.1,0.244,-0.015,0.554,-0.006,0.0,0.0,0,0,0.4756097560975609,SAC,13.953741936359565,41.17968928160392,10.228403482144481,3.6478535229478597,30.990311776944175
196.0,Dallas Mavericks,2019,-1.2,26.9,33.0,49.0,-0.9,109.4,-1.0,110.7,0.3,-1.3,99.0,-1.0,0.291,0.032,0.555,-0.005,0.0,0.0,0,0,0.4024390243902439,DAL,14.922788221690464,9.383003955511361,12.134282315550426,6.403430677398643,57.1564948298491
197.0,Minnesota Timberwolves,2019,-1.2,26.2,36.0,46.0,-1.0,111.4,1.0,112.9,2.5,-1.5,100.2,0.2,0.267,0.008,0.552,-0.008,0.0,0.0,0,0,0.4390243902439024,MIN,19.773037282462596,18.283515499024368,27.096421852073465,32.89666048738717,1.9503648790523935
200.0,Los Angeles Lakers,2019,-1.5,26.2,37.0,45.0,-1.3,107.8,-2.6,109.5,-0.9,-1.7,103.2,3.2,0.257,-0.002,0.554,-0.006,0.0,0.0,0,0,0.4512195121951219,LAL,4.884935631316957,10.80265758878628,18.512123321767806,43.956988039892096,21.843295418236863
201.0,Memphis Grizzlies,2019,-2.4,27.7,33.0,49.0,-2.1,106.1,-4.3,108.8,-1.6,-2.7,96.6,-3.4,0.272,0.013,0.548,-0.012,0.0,0.0,0,0,0.4024390243902439,MEM,14.40841807788049,6.364550989965512,27.603826460631574,35.80925053620102,15.813953935321406
202.0,Orlando Magic,2019,-2.6,25.7,42.0,40.0,0.3,108.9,-1.5,108.1,-2.3,0.8,98.1,-1.9,0.216,-0.043,0.55,-0.01,1.0,4.0,1,0,0.5121951219512195,ORL,23.5837877518927,35.9795010719084,4.392603678685975,1.7113507185721824,34.33275677894074
204.0,Washington Wizards,2019,-3.7,26.5,32.0,50.0,-3.3,111.1,0.7,113.9,3.5,-2.8,101.4,1.4,0.266,0.007,0.567,0.007,0.0,0.0,0,0,0.3902439024390244,WAS,20.958152354031366,25.856079176793628,21.42864581865021,8.21662864501212,23.540494005512677
205.0,Detroit Pistons,2019,-4.5,26.9,41.0,41.0,-0.6,109.0,-1.4,109.2,-1.2,-0.2,97.4,-2.6,0.262,0.003,0.544,-0.016,0.0,4.0,1,0,0.5,DET,25.910629333887087,36.66371178984528,21.389463101465655,3.5495105769317874,12.48668519787019
206.0,Atlanta Hawks,2019,-6.5,25.1,29.0,53.0,-6.1,108.1,-2.3,113.9,3.5,-5.8,103.9,3.9,0.255,-0.004,0.555,-0.005,0.0,0.0,0,0,0.3536585365853658,ATL,37.0582772972441,10.718507626701802,8.64357489320608,7.747078374061216,35.8325618087868
207.0,Chicago Bulls,2019,-9.1,24.0,22.0,60.0,-8.3,104.8,-5.6,113.2,2.8,-8.4,99.0,-1.0,0.235,-0.024,0.541,-0.019,0.0,0.0,0,0,0.2682926829268293,CHI,30.724358948399132,5.060629388419371,4.709072213371376,33.05927336304768,26.446666086762445
208.0,Phoenix Suns,2019,-9.5,24.0,19.0,63.0,-8.6,105.9,-4.5,115.1,4.7,-9.2,100.5,0.5,0.259,0.0,0.552,-0.008,0.0,0.0,0,0,0.2317073170731707,PHO,2.6307871127921785,7.965450446764695,35.412690469154626,30.427643771582087,23.563428199706415
209.0,New York Knicks,2019,-9.9,23.4,17.0,65.0,-8.9,104.5,-5.9,113.7,3.3,-9.2,99.6,-0.4,0.27,0.011,0.529,-0.031,0.0,0.0,0,0,0.2073170731707317,NYK,40.677404650175156,17.672805698304035,20.470230600230053,10.843909036352855,10.335650014937901
210.0,Cleveland Cavaliers,2019,-10.3,25.2,19.0,63.0,-9.4,107.7,-2.7,117.6,7.2,-9.9,96.6,-3.4,0.236,-0.023,0.54,-0.02,0.0,0.0,0,0,0.2317073170731707,CLE,23.348588334173566,27.491523286390002,31.762825931181393,4.31370117839089,13.083361269864152
211.0,Golden State Warriors,2018,14.0,28.8,58.0,24.0,5.8,113.6,5.0,107.6,-1.0,6.0,99.6,2.3,0.239,-0.013,0.603,0.047,16.0,5.0,1,1,0.7073170731707317,GSW,9.173261724339497,15.143056252567156,40.47588607613316,14.11728324725833,21.09051269970186
212.0,Houston Rockets,2018,9.8,29.8,65.0,17.0,8.2,114.7,6.1,106.1,-2.5,8.6,97.6,0.3,0.298,0.046,0.59,0.034,11.0,6.0,1,0,0.7926829268292683,HOU,6.947309602370086,26.10394218249904,22.04794851347052,7.074550752078864,37.82624894958148
213.0,Utah Jazz,2018,5.5,26.7,48.0,34.0,4.5,108.4,-0.2,103.9,-4.7,4.5,95.7,-1.6,0.26,0.008,0.564,0.008,5.0,6.0,1,0,0.5853658536585366,UTA,36.472034616240805,3.785404903895525,19.66826547343638,26.5581273102267,13.516167696200586
214.0,Philadelphia 76ers,2018,5.3,25.8,52.0,30.0,4.3,109.5,0.9,105.0,-3.6,4.5,99.8,2.5,0.263,0.011,0.568,0.012,5.0,5.0,1,0,0.6341463414634146,PHI,38.12102562285284,3.5874810761523235,11.407747995966092,20.397179036266888,26.48656626876185
215.0,Toronto Raptors,2018,5.1,25.8,59.0,23.0,7.3,113.8,5.2,105.9,-2.7,7.9,97.4,0.1,0.25,-0.002,0.575,0.019,4.0,6.0,1,0,0.7195121951219512,TOR,15.409266547023575,18.35482662073762,26.677800466624507,8.974236933681969,30.58386943193233
216.0,Boston Celtics,2018,4.6,24.7,55.0,27.0,3.2,107.6,-1.0,103.9,-4.7,3.7,96.0,-1.3,0.243,-0.009,0.552,-0.004,11.0,8.0,1,0,0.6707317073170732,BOS,30.215452314881357,3.7458370307547675,22.120913218882365,38.67218710511912,5.245610330362389
217.0,Cleveland Cavaliers,2018,3.4,30.6,50.0,32.0,0.6,112.9,4.3,111.9,3.3,1.0,98.0,0.7,0.275,0.023,0.584,0.028,12.0,10.0,1,0,0.6097560975609756,CLE,48.05176852682946,0.0,18.91847932665747,2.7630936911302353,30.26665845538283
218.0,Indiana Pacers,2018,3.0,26.2,48.0,34.0,1.2,109.5,0.9,108.1,-0.5,1.4,96.0,-1.3,0.222,-0.03,0.557,0.001,3.0,4.0,1,0,0.5853658536585366,IND,20.261761789281728,20.61190120531889,20.83852143229446,13.901694086441022,24.386121486663896
220.0,Oklahoma City Thunder,2018,2.7,27.3,48.0,34.0,3.4,110.7,2.1,107.2,-1.4,3.5,96.7,-0.6,0.275,0.023,0.546,-0.01,2.0,4.0,1,0,0.5853658536585366,OKC,16.909765478378514,26.070113436285176,21.78533849280494,23.058123465125018,12.176659127406355
221.0,Denver Nuggets,2018,1.8,25.1,46.0,36.0,1.6,112.5,3.9,111.0,2.4,1.5,96.8,-0.5,0.258,0.006,0.57,0.014,0.0,0.0,0,0,0.5609756097560976,DEN,15.481157605613355,55.56391797063607,7.742202517820123,13.44441021037109,7.768311695559363
222.0,Washington Wizards,2018,1.6,26.9,43.0,39.0,0.5,109.3,0.7,108.7,0.1,0.6,96.6,-0.7,0.254,0.002,0.56,0.004,2.0,4.0,1,0,0.524390243902439,WAS,27.44520795693145,8.087693190946615,15.394060212571464,23.465179521227846,25.607859118322622
223.0,Minnesota Timberwolves,2018,1.2,27.1,47.0,35.0,2.4,113.4,4.8,111.1,2.5,2.3,96.0,-1.3,0.28,0.028,0.566,0.01,1.0,4.0,1,0,0.573170731707317,MIN,29.12627132803006,17.49915121800241,21.67527368235332,7.384079717831386,24.31522405378282
224.0,San Antonio Spurs,2018,1.0,29.3,47.0,35.0,2.9,107.9,-0.7,104.8,-3.8,3.1,95.0,-2.3,0.245,-0.007,0.543,-0.013,1.0,4.0,1,0,0.573170731707317,SAS,34.428039289771675,8.582532200907114,25.508090303085723,18.56311144655279,12.918226759682701
225.0,Milwaukee Bucks,2018,0.5,25.9,44.0,38.0,-0.5,109.8,1.2,110.1,1.5,-0.3,96.2,-1.1,0.281,0.029,0.571,0.015,3.0,4.0,1,0,0.5365853658536586,MIL,16.92188419144287,39.18477578954674,29.895956995469625,1.3696703505847212,12.627712672956045
226.0,Los Angeles Clippers,2018,0.2,27.0,42.0,40.0,0.2,110.3,1.7,110.2,1.6,0.1,98.7,1.4,0.299,0.047,0.564,0.008,0.0,0.0,0,0,0.5121951219512195,LAC,26.518381776006063,15.166422219980472,5.80898108295956,22.536522196351175,29.969692724702735
228.0,Portland Trail Blazers,2018,-0.1,25.6,49.0,33.0,2.6,109.1,0.5,106.4,-2.2,2.7,96.5,-0.8,0.24,-0.012,0.549,-0.007,0.0,4.0,1,0,0.5975609756097561,POR,19.727185649085182,7.7205276990575795,25.05947341460239,25.14055826564896,22.352254971605888
229.0,Detroit Pistons,2018,-0.3,25.9,39.0,43.0,-0.3,107.2,-1.4,107.3,-1.3,-0.1,96.2,-1.1,0.227,-0.025,0.543,-0.013,0.0,0.0,0,0,0.4756097560975609,DET,22.931458580181875,41.81802842116759,21.003875557976215,5.489101328093807,8.757536112580508
230.0,Los Angeles Lakers,2018,-1.7,23.7,35.0,47.0,-1.4,106.5,-2.1,108.0,-0.6,-1.5,100.3,3.0,0.264,0.012,0.548,-0.008,0.0,0.0,0,0,0.4268292682926829,LAL,39.66883909209243,1.493450684339817,14.763147550653175,23.979933820524987,20.09462885238959
231.0,Miami Heat,2018,-1.9,26.5,44.0,38.0,0.2,106.8,-1.8,106.3,-2.3,0.5,95.6,-1.7,0.229,-0.023,0.551,-0.005,1.0,4.0,1,0,0.5365853658536586,MIA,23.581796752355526,26.732394881424526,31.02797193073552,7.780719017447161,10.87711741803727
232.0,Dallas Mavericks,2018,-3.4,27.7,24.0,58.0,-2.7,106.3,-2.3,109.5,0.9,-3.2,95.6,-1.7,0.217,-0.035,0.544,-0.012,0.0,0.0,0,0,0.2926829268292683,DAL,26.937844371124037,40.33811602824579,4.081743693997828,26.861535848840994,1.780760057791346
233.0,New York Knicks,2018,-4.0,26.3,29.0,53.0,-3.5,107.1,-1.5,110.7,2.1,-3.6,96.8,-0.5,0.216,-0.036,0.544,-0.012,0.0,0.0,0,0,0.3536585365853658,NYK,22.760531096910324,15.742848891089853,12.277115226865318,5.613346382376947,43.60615840275756
235.0,Orlando Magic,2018,-5.6,25.6,25.0,57.0,-4.9,105.2,-3.4,110.1,1.5,-4.9,98.1,0.8,0.238,-0.014,0.545,-0.011,0.0,0.0,0,0,0.3048780487804878,ORL,38.79254482075574,6.1925520438295525,7.477302088712058,22.903277882242612,24.634323164460046
236.0,Atlanta Hawks,2018,-6.0,25.4,24.0,58.0,-5.3,105.0,-3.6,110.6,2.0,-5.6,98.3,1.0,0.236,-0.016,0.547,-0.009,0.0,0.0,0,0,0.2926829268292683,ATL,33.42624295146093,4.031447138710897,23.06674790371445,9.399233518656363,30.076328487457367
237.0,Memphis Grizzlies,2018,-6.6,26.0,22.0,60.0,-5.8,104.5,-4.1,111.0,2.4,-6.5,94.9,-2.4,0.255,0.003,0.539,-0.017,0.0,0.0,0,0,0.2682926829268293,MEM,23.431099948588436,12.017200323593261,33.92041107029184,23.404355879383132,7.226932778143333
238.0,Sacramento Kings,2018,-7.2,26.4,27.0,55.0,-6.6,103.7,-4.9,111.1,2.5,-7.4,94.9,-2.4,0.194,-0.058,0.529,-0.027,0.0,0.0,0,0,0.3292682926829268,SAC,18.477158604032397,20.8036017351162,8.849100857634605,19.66077014778278,32.20936865543402
239.0,Chicago Bulls,2018,-7.4,24.4,27.0,55.0,-6.8,103.8,-4.8,110.9,2.3,-7.1,98.3,1.0,0.216,-0.036,0.529,-0.027,0.0,0.0,0,0,0.3292682926829268,CHI,42.37790354445634,13.050941073838965,18.79286685443678,9.590862852834237,16.187425674433683
240.0,Phoenix Suns,2018,-9.6,23.7,21.0,61.0,-8.8,103.5,-5.1,112.8,4.2,-9.3,100.3,3.0,0.275,0.023,0.532,-0.024,0.0,0.0,0,0,0.2560975609756097,PHO,28.02288016875685,38.38415468390756,9.484922782756486,13.439444832727235,10.668597531851866
241.0,Golden State Warriors,2017,18.7,28.2,67.0,15.0,11.4,115.6,6.8,104.0,-4.8,11.6,99.8,3.4,0.259,-0.012,0.597,0.045,16.0,1.0,1,1,0.8170731707317073,GSW,8.71062396492845,43.31718146013458,18.08950324824531,11.49733587143718,18.385355455254476
242.0,Cleveland Cavaliers,2017,11.3,29.2,51.0,31.0,2.9,113.6,4.8,110.3,1.5,3.3,96.2,-0.2,0.275,0.004,0.58,0.028,13.0,5.0,1,0,0.6219512195121951,CLE,22.13344577902526,18.422492093229447,15.964004451138821,29.822273449149105,13.657784227457368
243.0,San Antonio Spurs,2017,8.9,29.6,61.0,21.0,7.1,111.1,2.3,103.5,-5.3,7.6,94.2,-2.2,0.263,-0.008,0.564,0.012,8.0,8.0,1,0,0.7439024390243902,SAS,17.781987404998667,21.50657937558262,18.734246014506883,17.863676818998716,24.11351038591311
244.0,Houston Rockets,2017,7.7,27.4,55.0,27.0,5.8,114.7,5.9,109.0,0.2,5.7,100.0,3.6,0.304,0.033,0.583,0.031,6.0,5.0,1,0,0.6707317073170732,HOU,3.755066805295667,27.335192709353485,35.76539944134889,0.09987395639851272,33.044467087603444
245.0,Los Angeles Clippers,2017,4.5,30.0,51.0,31.0,4.4,112.7,3.9,108.2,-0.6,4.5,96.1,-0.3,0.312,0.041,0.574,0.022,3.0,4.0,1,0,0.6219512195121951,LAC,21.814866673170393,21.137594444934404,22.510009667996002,11.64643823748295,22.89109097641625
246.0,Utah Jazz,2017,4.5,26.8,51.0,31.0,4.0,109.6,0.8,105.3,-3.5,4.3,91.6,-4.8,0.288,0.017,0.563,0.011,4.0,7.0,1,0,0.6219512195121951,UTA,3.9103205478246172,26.165251238504055,19.086069037416646,36.42729603146063,14.411063144794051
247.0,Washington Wizards,2017,2.6,26.0,49.0,33.0,1.4,111.2,2.4,109.3,0.5,1.9,97.4,1.0,0.254,-0.017,0.564,0.012,7.0,6.0,1,0,0.5975609756097561,WAS,31.55940440682899,8.096781774556515,23.885159424416287,10.961544150492472,25.497110243705734
248.0,Toronto Raptors,2017,1.8,26.1,51.0,31.0,3.7,112.3,3.5,107.8,-1.0,4.5,94.7,-1.7,0.293,0.022,0.561,0.009,4.0,6.0,1,0,0.6219512195121951,TOR,16.66262650950321,22.02482356017679,18.791509393190076,18.488093473328608,24.032947063801316
249.0,Boston Celtics,2017,1.7,25.9,53.0,29.0,2.3,111.2,2.4,108.4,-0.4,2.8,96.8,0.4,0.273,0.002,0.567,0.015,9.0,9.0,1,0,0.6463414634146342,BOS,41.13695851581923,19.919843402389777,10.869083004400256,13.127670515231685,14.946444562159048
250.0,Miami Heat,2017,0.8,26.5,41.0,41.0,0.8,107.8,-1.0,106.7,-2.1,1.1,95.2,-1.2,0.251,-0.02,0.541,-0.011,0.0,0.0,0,0,0.5,MIA,37.918222616584636,13.966071183430886,30.074314833158862,3.6243925543150537,14.416998812510567
251.0,Denver Nuggets,2017,0.7,25.2,40.0,42.0,0.7,113.2,4.4,112.7,3.9,0.5,98.3,1.9,0.276,0.005,0.568,0.016,0.0,0.0,0,0,0.4878048780487805,DEN,12.47948863360879,26.009627297906857,10.046012741147809,38.52078110773745,12.944090219599094
252.0,Milwaukee Bucks,2017,0.3,25.6,42.0,40.0,-0.5,109.1,0.3,109.3,0.5,-0.2,94.5,-1.9,0.274,0.003,0.565,0.013,2.0,4.0,1,0,0.5121951219512195,MIL,35.1331915327162,27.890640918377237,10.510530291049298,19.833157680332235,6.6324795775250385
253.0,Memphis Grizzlies,2017,0.0,29.5,43.0,39.0,1.0,107.7,-1.1,107.1,-1.7,0.6,92.3,-4.1,0.28,0.009,0.535,-0.017,2.0,4.0,1,0,0.524390243902439,MEM,21.073006169867252,17.148234429314517,26.056551111431464,27.37932959484899,8.342878694537777
254.0,Oklahoma City Thunder,2017,-0.1,24.7,47.0,35.0,1.1,108.3,-0.5,107.5,-1.3,0.8,97.8,1.4,0.295,0.024,0.54,-0.012,1.0,4.0,1,0,0.573170731707317,OKC,4.497019117504475,24.789833690236204,39.13704553271288,13.60856344651054,17.967538213035894
256.0,Atlanta Hawks,2017,-1.0,27.9,43.0,39.0,-1.2,104.9,-3.9,105.7,-3.1,-0.8,97.4,1.0,0.295,0.024,0.541,-0.011,2.0,4.0,1,0,0.524390243902439,ATL,25.071171760061883,37.397653600356065,5.65394457218998,29.25720762081227,2.6200224465797977
257.0,Minnesota Timberwolves,2017,-1.0,24.0,31.0,51.0,-0.6,110.8,2.0,112.0,3.2,-1.2,94.6,-1.8,0.287,0.016,0.555,0.003,0.0,0.0,0,0,0.3780487804878049,MIN,29.12182477593957,13.745970098322271,32.659446769764344,14.975849622198423,9.496908733775388
258.0,Chicago Bulls,2017,-1.4,26.9,41.0,41.0,0.0,107.4,-1.4,107.0,-1.8,0.4,95.3,-1.1,0.259,-0.012,0.53,-0.022,2.0,4.0,1,0,0.5,CHI,15.306649271349162,9.715629392592621,22.74082770349119,19.877093801803852,32.35979983076317
259.0,Detroit Pistons,2017,-1.4,25.4,37.0,45.0,-1.3,106.0,-2.8,107.1,-1.7,-1.1,95.0,-1.4,0.218,-0.053,0.521,-0.031,0.0,0.0,0,0,0.4512195121951219,DET,36.38882665454848,30.544144639924582,22.41248794586753,5.338799497853757,5.315741261805647
260.0,Indiana Pacers,2017,-1.8,27.0,42.0,40.0,-0.6,108.6,-0.2,108.8,0.0,-0.2,95.9,-0.5,0.261,-0.01,0.558,0.006,0.0,4.0,1,0,0.5121951219512195,IND,13.784846366221574,23.361704464216267,21.092360636380082,25.834757751161312,15.92633078202076
262.0,Portland Trail Blazers,2017,-2.5,24.8,41.0,41.0,-0.2,110.3,1.5,110.8,2.0,-0.5,96.7,0.3,0.275,0.004,0.559,0.007,0.0,4.0,1,0,0.5,POR,1.8647756390490378,25.538100047408463,24.922826578719047,25.21755279032385,22.4567449444996
263.0,Dallas Mavericks,2017,-2.8,27.6,33.0,49.0,-2.5,105.6,-3.2,108.8,0.0,-3.2,92.2,-4.2,0.225,-0.046,0.541,-0.011,0.0,0.0,0,0,0.4024390243902439,DAL,14.71751526596163,52.08579720440175,12.880843762443494,0.0,20.315843767193122
264.0,Sacramento Kings,2017,-3.6,27.9,32.0,50.0,-3.3,107.3,-1.5,111.3,2.5,-4.0,94.9,-1.5,0.284,0.013,0.556,0.004,0.0,0.0,0,0,0.3902439024390244,SAC,15.613921319251043,10.396729307834605,14.01904500356215,26.63107994378857,33.33922442556363
265.0,New York Knicks,2017,-4.3,27.3,31.0,51.0,-3.9,107.7,-1.1,111.5,2.7,-3.8,96.0,-0.4,0.239,-0.032,0.534,-0.018,0.0,0.0,0,0,0.3780487804878049,NYK,31.91964571495431,15.464606497280847,30.037522850723047,4.054981462871923,18.523243474169874
266.0,Phoenix Suns,2017,-5.8,25.0,24.0,58.0,-5.1,106.6,-2.2,112.2,3.4,-5.6,100.3,3.9,0.297,0.026,0.538,-0.014,0.0,0.0,0,0,0.2926829268292683,PHO,26.013523134810683,25.4024416460816,21.822724024591817,3.9208054636441503,22.840505730871755
267.0,Philadelphia 76ers,2017,-6.4,24.6,28.0,54.0,-5.8,103.2,-5.6,108.9,0.1,-5.7,98.5,2.1,0.258,-0.013,0.539,-0.013,0.0,0.0,0,0,0.3414634146341463,PHI,34.52781317949676,4.317901789393481,32.769891739686855,6.906900743871271,21.477492547551634
268.0,Los Angeles Lakers,2017,-6.9,25.1,26.0,56.0,-6.3,106.0,-2.8,113.0,4.2,-7.0,98.5,2.1,0.259,-0.012,0.537,-0.015,0.0,0.0,0,0,0.3170731707317073,LAL,27.120580998537168,6.369986845804363,8.251650323058508,37.219095475415365,21.03868635718459
269.0,Orlando Magic,2017,-7.1,25.3,29.0,53.0,-6.6,103.7,-5.1,110.5,1.7,-6.8,96.8,0.4,0.246,-0.025,0.524,-0.028,0.0,0.0,0,0,0.3536585365853658,ORL,31.893257593939918,15.592964254938229,7.914572843426513,20.062181207043462,24.537024100651877
271.0,Cleveland Cavaliers,2016,14.2,28.1,57.0,25.0,5.5,110.9,4.5,104.5,-1.9,6.4,93.3,-2.5,0.259,-0.017,0.558,0.017,16.0,5.0,1,1,0.6951219512195121,CLE,6.054432636258673,40.98158417798795,19.221290076872428,24.179855819317215,9.562837289563733
272.0,Oklahoma City Thunder,2016,12.9,25.8,55.0,27.0,7.1,113.1,6.7,105.6,-0.8,7.5,96.7,0.9,0.292,0.016,0.565,0.024,11.0,7.0,1,0,0.6707317073170732,OKC,3.2342285647789506,24.048357736346116,24.25836629941302,31.876065034839797,16.582982364622115
273.0,San Antonio Spurs,2016,12.6,30.3,67.0,15.0,10.3,110.3,3.9,99.0,-7.4,11.3,93.8,-2.0,0.246,-0.03,0.564,0.023,6.0,4.0,1,0,0.8170731707317073,SAS,8.662929172428123,33.596655318305444,20.2215659679811,21.662553051142083,15.856296490143244
274.0,Golden State Warriors,2016,12.1,27.4,73.0,9.0,10.4,114.5,8.1,103.8,-2.6,10.7,99.3,3.5,0.25,-0.026,0.593,0.052,15.0,9.0,1,0,0.8902439024390244,GSW,22.407705355333313,18.27171403768628,19.033084169949614,17.53575996812477,22.75173646890602
275.0,Miami Heat,2016,6.1,28.4,48.0,34.0,1.5,106.1,-0.3,104.4,-2.0,1.7,93.6,-2.2,0.282,0.006,0.545,0.004,7.0,7.0,1,0,0.5853658536585366,MIA,3.242890427454207,47.635258746583425,19.821381664984767,3.2077348338758784,26.092734327101724
276.0,Los Angeles Clippers,2016,3.9,29.7,53.0,29.0,4.1,108.3,1.9,103.8,-2.6,4.5,95.8,0.0,0.318,0.042,0.556,0.015,2.0,4.0,1,0,0.6463414634146342,LAC,24.13238154133774,23.53089067354378,25.882035969073304,16.310597534048046,10.144094281997127
277.0,Atlanta Hawks,2016,3.6,28.2,48.0,34.0,3.5,105.1,-1.3,101.4,-5.0,3.7,97.1,1.3,0.237,-0.039,0.552,0.011,4.0,6.0,1,0,0.5853658536585366,ATL,32.51380911197695,31.5556393808481,17.30840795880002,8.230119631647279,10.39202391672765
278.0,Portland Trail Blazers,2016,3.4,24.3,44.0,38.0,1.0,108.8,2.4,108.0,1.6,0.8,96.0,0.2,0.268,-0.008,0.548,0.007,5.0,6.0,1,0,0.5365853658536586,POR,13.315275213864622,27.36852472095357,14.681076807502361,22.642944826631577,21.992178431047872
279.0,Indiana Pacers,2016,2.9,26.9,45.0,37.0,1.6,104.6,-1.8,102.9,-3.5,1.7,96.6,0.8,0.268,-0.008,0.536,-0.005,3.0,4.0,1,0,0.5487804878048781,IND,15.516818970615127,8.841833030904652,24.297118104304744,35.91394039168307,15.43028950249241
280.0,Toronto Raptors,2016,2.4,26.3,56.0,26.0,4.1,110.0,3.6,105.2,-1.2,4.8,92.9,-2.9,0.328,0.052,0.552,0.011,10.0,10.0,1,0,0.6829268292682927,TOR,13.26812459998723,17.50637727358124,18.746105853187558,25.918193696744435,24.56119857649954
281.0,Utah Jazz,2016,1.8,24.2,40.0,42.0,1.8,105.9,-0.5,103.9,-2.5,2.0,91.0,-4.8,0.286,0.01,0.54,-0.001,0.0,0.0,0,0,0.4878048780487805,UTA,3.66998230880447,32.8680415407324,10.528585376245198,32.78370729168793,20.149683482529998
282.0,Boston Celtics,2016,1.4,25.2,48.0,34.0,2.8,106.8,0.4,103.6,-2.8,3.2,98.5,2.7,0.264,-0.012,0.531,-0.01,2.0,4.0,1,0,0.5853658536585366,BOS,8.332344817333743,36.137554591696315,21.20187178698904,11.841487173185982,22.48674163079492
284.0,Washington Wizards,2016,-0.5,27.3,41.0,41.0,-0.5,105.3,-1.1,105.8,-0.6,-0.5,98.5,2.7,0.263,-0.013,0.544,0.003,0.0,0.0,0,0,0.5,WAS,19.670317843109945,23.32776810421576,26.821226015817523,12.271102507377156,17.909585529479617
285.0,Chicago Bulls,2016,-1.4,27.6,42.0,40.0,-1.5,105.0,-1.4,106.5,0.1,-1.5,95.7,-0.1,0.24,-0.036,0.526,-0.015,0.0,0.0,0,0,0.5121951219512195,CHI,24.871155555183712,17.96042228845551,25.99895397069612,9.79344266671076,21.376025518953888
286.0,Detroit Pistons,2016,-1.4,25.0,44.0,38.0,0.4,106.1,-0.3,105.5,-0.9,0.6,95.1,-0.7,0.296,0.02,0.522,-0.019,0.0,4.0,1,0,0.5365853658536586,DET,16.40801366506831,31.90230828144129,28.424231321018002,6.874779527764906,16.39066720470749
287.0,Orlando Magic,2016,-1.9,23.9,35.0,47.0,-1.7,105.1,-1.3,106.8,0.4,-1.7,96.0,0.2,0.232,-0.044,0.533,-0.008,0.0,0.0,0,0,0.4268292682926829,ORL,27.421663732618235,24.022473187573375,28.49773617566193,10.022502774616378,10.03562412953008
288.0,Houston Rockets,2016,-2.4,27.8,41.0,41.0,0.3,108.3,1.9,108.1,1.7,0.2,97.6,1.8,0.352,0.076,0.553,0.012,1.0,4.0,1,0,0.5,HOU,37.8570804139122,13.382075813501631,10.312022490066806,12.690355721340135,25.75846556117923
289.0,Sacramento Kings,2016,-2.6,26.6,33.0,49.0,-2.3,106.0,-0.4,108.4,2.0,-2.4,100.0,4.2,0.295,0.019,0.546,0.005,0.0,0.0,0,0,0.4024390243902439,SAC,37.59605430894118,6.5044008770421975,21.568142176210685,20.056704410179023,14.274698227626919
290.0,Denver Nuggets,2016,-3.1,24.7,33.0,49.0,-2.8,105.6,-0.8,108.9,2.5,-3.3,95.7,-0.1,0.282,0.006,0.531,-0.01,0.0,0.0,0,0,0.4024390243902439,DEN,10.180108766032422,23.575817970959537,21.920898449569023,33.5847348946773,10.73843991876172
291.0,New York Knicks,2016,-3.1,27.2,32.0,50.0,-2.7,104.6,-1.8,107.6,1.2,-3.0,93.4,-2.4,0.255,-0.021,0.527,-0.014,0.0,0.0,0,0,0.3902439024390244,NYK,20.894098523754383,15.070717079002865,13.268551088982608,37.49553936533149,13.271093942928655
292.0,Dallas Mavericks,2016,-3.7,30.3,42.0,40.0,0.0,106.7,0.3,107.0,0.6,-0.3,94.3,-1.5,0.265,-0.011,0.544,0.003,1.0,4.0,1,0,0.5121951219512195,DAL,9.826097745673335,17.151063870070047,24.821696262792994,48.201142121463626,0.0
293.0,Minnesota Timberwolves,2016,-3.9,24.6,29.0,53.0,-3.4,106.5,0.1,110.1,3.7,-3.6,95.2,-0.6,0.332,0.056,0.549,0.008,0.0,0.0,0,0,0.3536585365853658,MIN,32.2862800660335,24.09799701378488,23.416765956792577,16.600948418813783,3.5980085445752636
295.0,Milwaukee Bucks,2016,-4.3,23.5,33.0,49.0,-4.0,104.3,-2.1,108.7,2.3,-4.4,94.2,-1.6,0.276,0.0,0.537,-0.004,0.0,0.0,0,0,0.4024390243902439,MIL,31.579977237121227,9.709095342003703,15.689027678491568,1.2581948585655065,41.763704883817994
296.0,Memphis Grizzlies,2016,-5.6,30.5,42.0,40.0,-2.1,105.4,-1.0,107.8,1.4,-2.4,93.3,-2.5,0.295,0.019,0.524,-0.017,0.0,4.0,1,0,0.5121951219512195,MEM,30.402756557021572,20.951565743600057,18.892389099102335,16.762687869705537,12.990600730570497
297.0,Phoenix Suns,2016,-7.1,26.0,23.0,59.0,-6.3,102.2,-4.2,109.0,2.6,-6.8,98.5,2.7,0.271,-0.005,0.526,-0.015,0.0,0.0,0,0,0.2804878048780488,PHO,26.42367685408713,10.4834069235419,24.80038137109966,12.180041067637841,26.112493783633468
299.0,Los Angeles Lakers,2016,-9.9,26.5,17.0,65.0,-8.9,101.6,-4.8,111.6,5.2,-10.0,95.6,-0.2,0.292,0.016,0.509,-0.032,0.0,0.0,0,0,0.2073170731707317,LAL,24.44879130196561,12.649375037002422,7.162742353752326,37.402132894646385,18.33695841263326
300.0,Philadelphia 76ers,2016,-11.2,23.3,10.0,72.0,-9.9,98.8,-7.6,109.2,2.8,-10.4,97.9,2.1,0.269,-0.007,0.519,-0.022,0.0,0.0,0,0,0.1219512195121951,PHI,27.39764489728882,30.47745042651225,12.895707072600107,3.4074638451048718,25.821733758493952
301.0,Golden State Warriors,2015,14.4,26.6,67.0,15.0,10.0,111.6,6.0,101.4,-4.2,10.2,98.3,4.4,0.239,-0.034,0.571,0.037,16.0,5.0,1,1,0.8170731707317073,GSW,25.820163715483364,22.390238878564674,22.167437821369816,21.340031944667786,8.28212763991436
302.0,Cleveland Cavaliers,2015,9.5,26.9,53.0,29.0,4.1,111.1,5.5,106.3,0.7,4.8,92.3,-1.6,0.287,0.014,0.557,0.023,14.0,6.0,1,0,0.6463414634146342,CLE,23.04164707919097,27.699574254445935,10.048118057822998,33.47573989263014,5.734920715909963
303.0,Los Angeles Clippers,2015,8.4,28.8,56.0,26.0,6.8,112.4,6.8,105.5,-0.1,6.9,94.7,0.8,0.303,0.03,0.565,0.031,7.0,7.0,1,0,0.6829268292682927,LAC,15.65563785822612,33.95225079054989,33.79211066424447,6.63676408122928,9.963236605750241
304.0,San Antonio Spurs,2015,7.2,29.8,55.0,27.0,6.3,108.5,2.9,102.0,-3.6,6.5,93.8,-0.1,0.256,-0.017,0.555,0.021,3.0,4.0,1,0,0.6707317073170732,SAS,31.648875727746468,14.948551934652427,26.799669567316176,6.32114484622637,20.28175792405856
305.0,Memphis Grizzlies,2015,6.4,29.6,55.0,27.0,3.6,105.7,0.1,102.2,-3.4,3.5,92.0,-1.9,0.276,0.003,0.531,-0.003,6.0,5.0,1,0,0.6707317073170732,MEM,25.264791274279375,24.662270359133487,15.785721930831475,12.344128045210851,21.94308839054481
306.0,Houston Rockets,2015,6.2,27.6,56.0,26.0,3.8,107.0,1.4,103.4,-2.2,3.6,96.5,2.6,0.312,0.039,0.548,0.014,9.0,8.0,1,0,0.6829268292682927,HOU,36.00870448741718,9.752407233242964,4.103242135568223,16.57624333120739,33.55940281256425
307.0,Chicago Bulls,2015,5.2,28.8,50.0,32.0,2.5,107.5,1.9,104.3,-1.3,3.2,92.8,-1.1,0.304,0.031,0.536,0.002,6.0,6.0,1,0,0.6097560975609756,CHI,20.44580428348999,30.683926752137364,29.700501869087077,10.62681557453832,8.542951520747248
308.0,Atlanta Hawks,2015,3.8,27.8,60.0,22.0,4.8,108.9,3.3,103.1,-2.5,5.8,93.9,0.0,0.259,-0.014,0.563,0.029,8.0,8.0,1,0,0.7317073170731707,ATL,25.00600054705985,24.38052009694755,21.65521969361148,11.871229028137146,17.087030634243984
309.0,Washington Wizards,2015,2.9,28.6,46.0,36.0,0.2,103.7,-1.9,103.0,-2.6,0.7,93.7,-0.2,0.259,-0.014,0.534,0.0,6.0,4.0,1,0,0.5609756097560976,WAS,22.498350311572935,11.24683011819366,26.40600229166994,25.22794738576967,14.620869892793797
310.0,Oklahoma City Thunder,2015,2.7,25.4,45.0,37.0,2.5,107.8,2.2,105.5,-0.1,2.3,95.7,1.8,0.284,0.011,0.532,-0.002,0.0,0.0,0,0,0.5487804878048781,OKC,2.9891257172545305,21.877849939010456,26.86063178086519,33.737068323184275,14.535324239685538
311.0,Dallas Mavericks,2015,2.3,29.9,50.0,32.0,3.4,109.5,3.9,106.4,0.8,3.1,95.2,1.3,0.262,-0.011,0.55,0.016,1.0,4.0,1,0,0.6097560975609756,DAL,20.896360051396062,14.75692468632028,29.77337873838871,22.991780738872507,11.581555785022442
312.0,Portland Trail Blazers,2015,2.2,27.0,51.0,31.0,4.4,108.2,2.6,103.7,-1.9,4.5,94.2,0.3,0.225,-0.048,0.544,0.01,1.0,4.0,1,0,0.6219512195121951,POR,22.27812849676884,21.935297314001875,7.506742232847717,23.572623499108868,24.707208457272696
313.0,Utah Jazz,2015,0.6,23.4,38.0,44.0,0.7,105.1,-0.5,104.9,-0.7,0.2,90.4,-3.5,0.297,0.024,0.531,-0.003,0.0,0.0,0,0,0.4634146341463415,UTA,2.4626651126377097,38.93193964745903,12.978516452792677,35.367298251285916,10.259580535824659
315.0,Indiana Pacers,2015,-0.3,28.3,38.0,44.0,-0.2,103.5,-2.1,103.2,-2.4,0.3,93.2,-0.7,0.266,-0.007,0.523,-0.011,0.0,0.0,0,0,0.4634146341463415,IND,26.485810450910723,23.226449391791682,15.960858035107133,28.70601730087488,5.620864821315581
316.0,Phoenix Suns,2015,-0.4,25.7,39.0,43.0,-0.4,105.3,-0.3,106.2,0.6,-0.9,96.3,2.4,0.251,-0.022,0.537,0.003,0.0,0.0,0,0,0.4756097560975609,PHO,7.587166369574476,15.814290556300564,32.96927176727239,17.525724076973564,26.103547229879005
317.0,Toronto Raptors,2015,-1.6,26.1,49.0,33.0,2.5,111.0,5.4,107.7,2.1,3.3,92.8,-1.1,0.295,0.022,0.553,0.019,0.0,4.0,1,0,0.5975609756097561,TOR,16.327539995604106,24.736602285022162,24.395122280152684,13.92420546876593,20.61652997045512
318.0,Detroit Pistons,2015,-1.7,25.9,32.0,50.0,-1.4,105.3,-0.3,106.4,0.8,-1.1,92.8,-1.1,0.261,-0.012,0.515,-0.019,0.0,0.0,0,0,0.3902439024390244,DET,12.850079287448498,17.48017047023385,22.546009682697658,29.422627000154726,17.701113559465263
319.0,Boston Celtics,2015,-2.6,25.0,40.0,42.0,-0.4,104.7,-0.9,104.5,-1.1,0.2,95.8,1.9,0.233,-0.04,0.523,-0.011,0.0,4.0,1,0,0.4878048780487805,BOS,7.221779709961715,26.851053965354215,21.665048693396937,21.058743416597782,23.203374214689354
320.0,Milwaukee Bucks,2015,-2.8,24.6,41.0,41.0,-0.1,102.7,-2.9,102.2,-3.4,0.5,94.1,0.2,0.258,-0.015,0.536,0.002,2.0,4.0,1,0,0.5,MIL,34.783521848298584,23.800529407746986,14.199442164829854,1.838113228439017,25.378393350685563
322.0,Miami Heat,2015,-3.1,28.5,37.0,45.0,-2.9,103.9,-1.7,106.7,1.1,-2.8,90.9,-3.0,0.306,0.033,0.54,0.006,0.0,0.0,0,0,0.4512195121951219,MIA,34.29834182078972,10.540000724138215,6.707035750457874,15.99737825093376,32.45724345368043
323.0,Denver Nuggets,2015,-3.5,26.4,30.0,52.0,-3.1,104.5,-1.1,108.2,2.6,-3.7,96.1,2.2,0.278,0.005,0.518,-0.016,0.0,0.0,0,0,0.3658536585365853,DEN,7.840110565087523,4.964431038166708,32.73517539190667,38.86505066525712,15.595232339581974
324.0,Sacramento Kings,2015,-3.6,26.0,29.0,53.0,-3.1,105.3,-0.3,109.2,3.6,-3.9,95.4,1.5,0.363,0.09,0.542,0.008,0.0,0.0,0,0,0.3536585365853658,SAC,21.964659465555723,28.724872741173662,13.983668920427014,27.485500624288584,7.84129824855502
326.0,Orlando Magic,2015,-6.5,24.3,25.0,57.0,-5.9,101.6,-4.0,107.7,2.1,-6.1,93.8,-0.1,0.23,-0.043,0.524,-0.01,0.0,0.0,0,0,0.3048780487804878,ORL,8.636150577719889,36.387282968347286,12.460968699533082,10.332260223709904,32.18333753068984
327.0,Los Angeles Lakers,2015,-7.0,27.0,21.0,61.0,-6.2,103.4,-2.2,110.6,5.0,-7.2,94.0,0.1,0.276,0.003,0.513,-0.021,0.0,0.0,0,0,0.2560975609756097,LAL,16.979773101447677,14.465800104466558,17.29114613813404,3.2537755740162453,48.00950508193548
328.0,Minnesota Timberwolves,2015,-9.0,24.4,16.0,66.0,-8.0,102.9,-2.7,112.2,6.6,-9.3,94.4,0.5,0.309,0.036,0.517,-0.017,0.0,0.0,0,0,0.1951219512195122,MIN,25.523918231967706,29.695298536974047,10.30927898823143,16.776364770435194,17.695139472391617
329.0,Philadelphia 76ers,2015,-10.0,23.2,18.0,64.0,-9.0,95.5,-10.1,104.8,-0.8,-9.3,95.7,1.8,0.288,0.015,0.494,-0.04,0.0,0.0,0,0,0.2195121951219512,PHI,37.279584208487975,29.20776094579266,6.955626920256938,5.760897243643968,20.796130681818457
330.0,New York Knicks,2015,-10.5,26.9,17.0,65.0,-9.5,99.9,-5.7,110.0,4.4,-10.1,91.2,-2.7,0.234,-0.039,0.508,-0.026,0.0,0.0,0,0,0.2073170731707317,NYK,54.835322290619594,4.799553247301186,24.825549019891554,2.8179546350384213,12.721620807149241
331.0,San Antonio Spurs,2014,15.0,28.9,62.0,20.0,8.0,110.5,3.8,102.4,-4.3,8.1,95.0,1.1,0.24,-0.044,0.571,0.03,16.0,7.0,1,1,0.7560975609756098,SAS,33.455192236575996,16.446578310538825,21.565936653712033,8.944421985776394,19.58787081339675
332.0,Los Angeles Clippers,2014,9.4,28.1,57.0,25.0,7.3,112.1,5.4,104.8,-1.9,7.3,95.9,2.0,0.353,0.069,0.567,0.026,6.0,7.0,1,0,0.6951219512195121,LAC,16.934345978928445,26.705469234773123,31.703576354516862,14.445787611976149,10.210820819805429
333.0,Oklahoma City Thunder,2014,7.5,26.2,59.0,23.0,6.7,110.5,3.8,103.9,-2.8,6.6,95.4,1.5,0.303,0.019,0.566,0.025,10.0,9.0,1,0,0.7195121951219512,OKC,17.46350716591567,23.27561678752394,23.18273337422575,26.26739208202686,9.810750590307789
334.0,Miami Heat,2014,6.8,30.6,54.0,28.0,4.2,110.9,4.2,105.8,-0.9,5.1,91.2,-2.7,0.3,0.016,0.59,0.049,13.0,7.0,1,0,0.6585365853658537,MIA,25.62013719579086,29.910647188585727,8.598728059871027,7.883539344419948,27.986948211332436
335.0,Houston Rockets,2014,5.3,25.4,54.0,28.0,5.1,111.0,4.3,106.3,-0.4,4.7,96.3,2.4,0.386,0.102,0.571,0.03,2.0,4.0,1,0,0.6585365853658537,HOU,39.545644273528296,7.582936736163251,18.751165442432,7.421338992798837,26.698914555077614
336.0,Golden State Warriors,2014,5.0,26.3,51.0,31.0,5.2,107.5,0.8,102.6,-4.1,4.9,96.2,2.3,0.247,-0.037,0.55,0.009,3.0,4.0,1,0,0.6219512195121951,GSW,26.409500317976587,22.483221552536822,19.664877939810783,23.601933868573152,7.840466321102657
337.0,Portland Trail Blazers,2014,4.6,25.8,54.0,28.0,4.4,111.5,4.8,107.4,0.7,4.1,94.9,1.0,0.27,-0.014,0.548,0.007,5.0,6.0,1,0,0.6585365853658537,POR,17.611034500473902,29.400358840660573,10.765623974630287,24.960713663389466,17.262269020845768
338.0,Dallas Mavericks,2014,4.1,30.6,49.0,33.0,2.9,111.2,4.5,108.7,2.0,2.5,93.5,-0.4,0.253,-0.031,0.564,0.023,3.0,4.0,1,0,0.5975609756097561,DAL,14.104674400469738,35.08574060643462,14.421831224198764,15.020322914852885,21.367430854043995
339.0,Indiana Pacers,2014,3.5,27.2,56.0,26.0,3.6,104.1,-2.6,99.3,-7.4,4.8,92.5,-1.4,0.29,0.006,0.535,-0.006,10.0,9.0,1,0,0.6829268292682927,IND,29.28428589833903,29.71656821839001,15.21021470396482,21.576986434906082,4.211944744400056
340.0,Phoenix Suns,2014,3.3,26.2,48.0,34.0,3.0,109.5,2.8,106.7,0.0,2.8,95.8,1.9,0.293,0.009,0.558,0.017,0.0,0.0,0,0,0.5853658536585366,PHO,14.961934169422216,28.527613757557873,12.934146302789994,4.456806439120693,39.11949933110922
341.0,Minnesota Timberwolves,2014,3.1,26.3,40.0,42.0,3.1,108.9,2.2,106.2,-0.5,2.7,97.3,3.4,0.321,0.037,0.535,-0.006,0.0,0.0,0,0,0.4878048780487805,MIN,22.36423622305277,32.100533648082425,12.511826834753212,15.689862361585893,17.3335409325257
342.0,Washington Wizards,2014,3.0,26.3,44.0,38.0,0.5,106.0,-0.7,104.6,-2.1,1.4,93.2,-0.7,0.248,-0.036,0.538,-0.003,6.0,5.0,1,0,0.5365853658536586,WAS,21.15746746478729,4.718734180818116,14.974095457686925,37.684436392965885,21.465266503741784
343.0,Memphis Grizzlies,2014,2.3,28.5,50.0,32.0,2.2,106.3,-0.4,104.6,-2.1,1.7,89.9,-4.0,0.248,-0.036,0.529,-0.012,3.0,4.0,1,0,0.6097560975609756,MEM,25.02808991519425,31.238223584542514,12.051248348033287,12.26825066761806,19.41418748461189
344.0,Toronto Raptors,2014,1.4,25.6,48.0,34.0,2.6,108.8,2.1,105.3,-1.4,3.5,91.8,-2.1,0.306,0.022,0.545,0.004,3.0,4.0,1,0,0.5853658536585366,TOR,14.63292548568251,26.165565008067304,14.334297323831146,12.202885332921307,32.66432684949773
346.0,Atlanta Hawks,2014,-0.1,27.5,38.0,44.0,-0.9,105.9,-0.8,106.4,-0.3,-0.5,94.6,0.7,0.266,-0.018,0.554,0.013,3.0,4.0,1,0,0.4634146341463415,ATL,32.43042279801645,19.323483960663417,28.645316193564557,4.739558038568742,14.861219009186835
347.0,Chicago Bulls,2014,-0.5,28.6,48.0,34.0,1.2,102.5,-4.2,100.5,-6.2,2.0,90.2,-3.7,0.29,0.006,0.518,-0.023,1.0,4.0,1,0,0.5853658536585366,CHI,18.902461048459685,36.11766633120245,35.33009776453264,5.294619608470581,4.355155247334643
349.0,New York Knicks,2014,-1.5,28.3,37.0,45.0,-1.4,108.3,1.6,109.1,2.4,-0.8,90.3,-3.6,0.248,-0.036,0.541,0.0,0.0,0.0,0,0,0.4512195121951219,NYK,83.51042987827172,1.5045223990841652,9.729542476271897,0.0,5.2555052463722145
350.0,Denver Nuggets,2014,-1.6,26.0,36.0,46.0,-1.4,106.0,-0.7,108.2,1.5,-2.2,98.1,4.2,0.306,0.022,0.536,-0.005,0.0,0.0,0,0,0.4390243902439024,DEN,30.2499007194265,14.47089758883133,27.328359317864937,19.12002779237083,8.8308145815064
352.0,Sacramento Kings,2014,-2.6,24.9,28.0,54.0,-2.1,105.7,-1.0,108.8,2.1,-3.1,94.4,0.5,0.331,0.047,0.532,-0.009,0.0,0.0,0,0,0.3414634146341463,SAC,14.492998540708198,26.364112459290258,2.6839802000526887,50.853687513586266,5.605221286362589
353.0,Cleveland Cavaliers,2014,-4.2,24.9,33.0,49.0,-3.9,104.2,-2.5,107.7,1.0,-3.5,93.1,-0.8,0.268,-0.016,0.518,-0.023,0.0,0.0,0,0,0.4024390243902439,CLE,26.029058523815056,14.229401304809,18.051123170486488,28.792742415315608,12.89767458557385
354.0,Detroit Pistons,2014,-4.6,24.7,29.0,53.0,-4.1,105.9,-0.8,109.7,3.0,-3.8,94.9,1.0,0.296,0.012,0.514,-0.027,0.0,0.0,0,0,0.3536585365853658,DET,5.568875994586423,29.370539804712042,17.366254469453356,24.181111923170132,23.513217808078046
355.0,Boston Celtics,2014,-5.6,25.4,25.0,57.0,-5.0,102.9,-3.8,107.7,1.0,-4.8,93.3,-0.6,0.248,-0.036,0.517,-0.024,0.0,0.0,0,0,0.3048780487804878,BOS,3.096172943133907,30.887098065163126,24.284380981527473,29.812088413977634,11.920259596197859
356.0,Los Angeles Lakers,2014,-5.9,26.8,27.0,55.0,-5.3,104.2,-2.5,110.6,3.9,-6.4,98.7,4.8,0.263,-0.021,0.542,0.001,0.0,0.0,0,0,0.3292682926829268,LAL,31.06889193018032,5.33029293247064,14.33685664496574,2.3625704745817275,46.90138801780158
357.0,Orlando Magic,2014,-6.6,24.6,23.0,59.0,-5.9,101.7,-5.0,107.4,0.7,-5.7,93.6,-0.3,0.253,-0.031,0.525,-0.016,0.0,0.0,0,0,0.2804878048780488,ORL,13.812414867171825,14.509401299829285,22.82792536464105,8.672748509988319,40.17750995836952
358.0,Utah Jazz,2014,-6.9,24.5,25.0,57.0,-6.3,103.5,-3.2,111.3,4.6,-7.8,91.4,-2.5,0.271,-0.013,0.523,-0.018,0.0,0.0,0,0,0.3048780487804878,UTA,2.5148098827739136,33.126183989300166,11.091519102053423,37.667227106237775,15.600259919634713
359.0,Milwaukee Bucks,2014,-9.5,24.7,15.0,67.0,-8.4,103.0,-3.7,111.8,5.1,-8.8,91.8,-2.1,0.274,-0.01,0.519,-0.022,0.0,0.0,0,0,0.1829268292682926,MIL,22.929415329258024,35.71288490013562,19.498459769410207,3.0518575017288687,18.80738249946728
360.0,Philadelphia 76ers,2014,-11.6,23.4,19.0,63.0,-10.7,99.4,-7.3,109.9,3.2,-10.5,99.2,5.3,0.268,-0.016,0.51,-0.031,0.0,0.0,0,0,0.2317073170731707,PHI,10.234405366080056,62.46973188692236,19.80529880841513,2.7908302201932305,4.699733718389224
361.0,San Antonio Spurs,2013,12.3,28.6,58.0,24.0,6.7,108.3,2.4,101.6,-4.3,6.7,94.2,2.2,0.258,-0.012,0.568,0.033,15.0,6.0,1,0,0.7073170731707317,SAS,14.12571880614081,18.773007766745664,20.96353520561005,16.973484556527016,29.164253664976457
362.0,Miami Heat,2013,12.1,30.3,66.0,16.0,7.0,112.3,6.4,103.7,-2.2,8.6,90.7,-1.3,0.297,0.027,0.588,0.053,16.0,7.0,1,1,0.8048780487804879,MIA,27.85605665469728,29.1274917125023,5.806124369986774,12.41776190024856,24.79256536256508
363.0,Oklahoma City Thunder,2013,9.7,26.0,60.0,22.0,9.2,112.4,6.5,102.6,-3.3,9.8,93.3,1.3,0.338,0.068,0.58,0.045,5.0,6.0,1,0,0.7317073170731707,OKC,16.300914553855613,15.275299990812558,19.733295488519925,27.06349636700181,21.626993599810096
364.0,Memphis Grizzlies,2013,8.7,27.0,56.0,26.0,4.3,104.9,-1.0,100.3,-5.6,4.6,88.4,-3.6,0.261,-0.009,0.514,-0.021,8.0,7.0,1,0,0.6829268292682927,MEM,27.800283011174482,28.307668708774102,18.601591708685337,18.05845531509833,7.232001256267748
365.0,New York Knicks,2013,5.7,30.2,54.0,28.0,3.7,111.1,5.2,106.3,0.4,4.8,89.8,-2.2,0.258,-0.012,0.55,0.015,6.0,6.0,1,0,0.6585365853658537,NYK,26.308690430452163,46.14312649483088,6.718361510059284,12.80419687308787,8.025624691569805
366.0,Indiana Pacers,2013,5.6,25.7,49.0,32.0,3.3,104.3,-1.6,99.8,-6.1,4.5,90.2,-1.8,0.293,0.023,0.521,-0.014,11.0,8.0,1,0,0.6049382716049383,IND,29.846569893780334,23.17916229274925,13.49416333439956,30.578476940671283,2.9016275383995684
367.0,Los Angeles Clippers,2013,4.8,28.8,56.0,26.0,6.4,110.6,4.7,103.6,-2.3,7.0,91.1,-0.9,0.286,0.016,0.557,0.022,2.0,4.0,1,0,0.6829268292682927,LAC,17.56606576540257,20.382502256494647,32.67881325398869,19.56990078526428,9.802717938849808
368.0,Golden State Warriors,2013,4.4,25.3,47.0,35.0,1.3,106.4,0.5,105.5,-0.4,0.9,94.5,2.5,0.255,-0.015,0.545,0.01,6.0,6.0,1,0,0.573170731707317,GSW,33.061126094271174,24.04658603822241,5.6852741343839375,25.580431938381455,11.626581794741018
369.0,Denver Nuggets,2013,3.7,26.1,57.0,25.0,5.4,110.4,4.5,105.1,-0.8,5.3,95.1,3.1,0.308,0.038,0.549,0.014,2.0,4.0,1,0,0.6951219512195121,DEN,25.231159898116346,14.678546840121957,12.98529806571564,21.578039857357382,25.52695533868868
370.0,Houston Rockets,2013,3.5,24.4,45.0,37.0,3.7,109.7,3.8,106.1,0.2,3.6,96.1,4.1,0.308,0.038,0.564,0.029,2.0,4.0,1,0,0.5487804878048781,HOU,2.631728673683453,18.049581338576314,33.451789779580956,11.281278474293584,34.58562173386569
372.0,Utah Jazz,2013,0.4,26.3,43.0,39.0,0.3,106.7,0.8,106.8,0.9,-0.1,90.9,-1.1,0.281,0.011,0.533,-0.002,0.0,0.0,0,0,0.524390243902439,UTA,23.36808138185332,26.227339235822196,21.035048487037898,20.56796208347044,8.801568811816148
373.0,Chicago Bulls,2013,-0.1,28.0,45.0,37.0,0.0,103.5,-2.4,103.2,-2.7,0.3,89.3,-2.7,0.259,-0.011,0.512,-0.023,5.0,7.0,1,0,0.5487804878048781,CHI,18.357075198155908,37.458319820008256,9.172353113175234,23.570557754237093,11.441694114423512
374.0,Dallas Mavericks,2013,-0.2,29.5,41.0,41.0,-0.2,105.9,0.0,106.5,0.6,-0.6,94.1,2.1,0.242,-0.028,0.544,0.009,0.0,0.0,0,0,0.5,DAL,19.819422540182398,48.495244745157784,10.180154621574133,5.8886065357708395,15.616571557314845
375.0,Atlanta Hawks,2013,-0.7,27.1,44.0,38.0,-0.1,104.8,-1.1,104.4,-1.5,0.4,92.6,0.6,0.244,-0.026,0.546,0.011,2.0,4.0,1,0,0.5365853658536586,ATL,33.411250143886505,22.732629433278916,3.9392758334152527,13.59750028350165,26.319344305917674
376.0,Boston Celtics,2013,-1.2,29.1,41.0,40.0,-0.6,103.1,-2.8,103.3,-2.6,-0.2,91.7,-0.3,0.263,-0.007,0.542,0.007,2.0,4.0,1,0,0.5061728395061729,BOS,20.348111877284403,22.4234164681398,17.688721522822075,23.856631727282345,15.68311840447138
377.0,Minnesota Timberwolves,2013,-2.2,26.4,31.0,51.0,-1.8,102.9,-3.0,105.4,-0.5,-2.5,92.8,0.8,0.305,0.035,0.516,-0.019,0.0,0.0,0,0,0.3780487804878049,MIN,12.139394221646672,33.43505145522749,13.385698456444771,20.0396712866932,21.00018457998787
378.0,Toronto Raptors,2013,-2.2,25.4,34.0,48.0,-2.0,105.9,0.0,107.5,1.6,-1.6,90.4,-1.6,0.274,0.004,0.532,-0.003,0.0,0.0,0,0,0.4146341463414634,TOR,8.98015139670331,25.228960171690357,13.308785899723585,43.565449929940016,8.916652601942735
379.0,Los Angeles Lakers,2013,-2.4,30.7,45.0,37.0,1.5,107.8,1.9,106.6,0.7,1.2,94.4,2.4,0.345,0.075,0.548,0.013,0.0,4.0,1,0,0.5487804878048781,LAL,0.9782186292943217,28.333820517307167,20.83298948556832,9.582269947306878,40.27270142052332
380.0,Portland Trail Blazers,2013,-2.8,24.4,33.0,49.0,-2.5,105.8,-0.1,109.2,3.3,-3.4,91.4,-0.6,0.25,-0.02,0.536,0.001,0.0,0.0,0,0,0.4024390243902439,POR,4.249763602253207,39.73116486113866,15.174495071279845,24.281280104290794,16.563296361037494
381.0,Washington Wizards,2013,-3.3,25.4,29.0,53.0,-2.8,100.2,-5.7,103.0,-2.9,-2.8,92.2,0.2,0.261,-0.009,0.512,-0.023,0.0,0.0,0,0,0.3536585365853658,WAS,40.28646132777416,16.268624195653437,18.502692035568423,13.362180034186183,11.580042406817794
383.0,Philadelphia 76ers,2013,-3.8,25.2,34.0,48.0,-3.5,102.0,-3.9,105.7,-0.2,-3.7,91.0,-1.0,0.2,-0.07,0.509,-0.026,0.0,0.0,0,0,0.4146341463414634,PHI,25.714544609231847,19.47829614812777,6.135605361823475,19.619465759334805,29.052088121482093
384.0,Milwaukee Bucks,2013,-4.5,26.4,38.0,44.0,-1.8,103.6,-2.3,105.2,-0.7,-1.6,94.7,2.7,0.236,-0.034,0.51,-0.025,0.0,4.0,1,0,0.4634146341463415,MIL,38.71786475059355,17.710154124903607,7.450388817121996,16.085997798743872,20.035594508636972
385.0,Detroit Pistons,2013,-4.8,25.3,29.0,53.0,-4.3,103.8,-2.1,108.1,2.2,-4.3,90.8,-1.2,0.282,0.012,0.521,-0.014,0.0,0.0,0,0,0.3536585365853658,DET,9.066277956369863,28.561865969475203,27.610721675562672,19.39496761717119,15.366166781421065
386.0,Sacramento Kings,2013,-4.8,25.6,28.0,54.0,-4.3,106.2,0.3,111.4,5.5,-5.2,93.6,1.6,0.271,0.001,0.532,-0.003,0.0,0.0,0,0,0.3414634146341463,SAC,22.800101704119186,14.18044019323165,5.462504461811745,28.382808961921775,29.174144678915642
387.0,Cleveland Cavaliers,2013,-5.6,24.1,24.0,58.0,-4.9,104.3,-1.6,109.4,3.5,-5.1,92.3,0.3,0.265,-0.005,0.514,-0.021,0.0,0.0,0,0,0.2926829268292683,CLE,29.801704801643652,20.633780743982904,21.76024318501638,15.914004976108329,11.890266293248738
388.0,Phoenix Suns,2013,-6.4,26.9,25.0,57.0,-5.8,101.2,-4.7,108.1,2.2,-6.9,93.4,1.4,0.234,-0.036,0.512,-0.023,0.0,0.0,0,0,0.3048780487804878,PHO,22.582827724674456,14.394061023363527,21.762607460785752,31.699217139100927,9.561286652075339
389.0,Orlando Magic,2013,-8.0,24.6,20.0,62.0,-7.1,101.6,-4.3,109.1,3.2,-7.5,92.2,0.2,0.197,-0.073,0.514,-0.021,0.0,0.0,0,0,0.2439024390243902,ORL,16.53877502932189,13.396231831360577,14.61654323137541,40.075305110567264,15.373144797374854
391.0,Miami Heat,2012,12.0,28.3,46.0,20.0,5.7,106.6,2.0,100.2,-4.4,6.4,91.2,-0.1,0.307,0.031,0.549,0.022,16.0,7.0,1,1,0.696969696969697,MIA,7.326506741062157,29.19752906263437,6.607349176392129,26.884297743597514,29.98431727631384
392.0,San Antonio Spurs,2012,11.9,27.5,50.0,16.0,7.3,110.9,6.3,103.2,-1.4,7.7,92.9,1.6,0.261,-0.015,0.562,0.035,10.0,4.0,1,0,0.7575757575757576,SAS,37.80759795029086,9.895751747711307,22.04830607149185,4.3209188447271885,25.927425385778797
393.0,Oklahoma City Thunder,2012,10.5,25.1,47.0,19.0,6.4,109.8,5.2,103.2,-1.4,6.6,93.0,1.7,0.334,0.058,0.567,0.04,13.0,7.0,1,0,0.7121212121212122,OKC,22.953668517350064,8.784383121987878,17.590686225003903,28.961780602252308,21.709481533405846
394.0,Chicago Bulls,2012,6.6,27.1,50.0,16.0,7.4,107.4,2.8,98.3,-6.3,9.1,89.1,-2.2,0.255,-0.021,0.523,-0.004,2.0,4.0,1,0,0.7575757575757576,CHI,17.874145638181176,23.162016499147196,17.174144941089498,18.358237082548584,23.431455839033546
395.0,Boston Celtics,2012,5.9,29.3,39.0,27.0,2.3,101.0,-3.6,98.2,-6.4,2.8,90.4,-0.9,0.257,-0.019,0.535,0.008,11.0,9.0,1,0,0.5909090909090909,BOS,39.90959397516931,6.6981038323544215,15.242628569872213,20.487621584369766,17.66205203823429
396.0,Indiana Pacers,2012,5.2,26.3,42.0,24.0,2.6,106.7,2.1,103.1,-1.5,3.6,90.7,-0.6,0.321,0.045,0.526,-0.001,6.0,5.0,1,0,0.6363636363636364,IND,14.104103894566428,34.89151206238185,9.01666209844295,34.456966513070384,7.530755431538388
397.0,Philadelphia 76ers,2012,4.9,24.9,35.0,31.0,3.6,103.9,-0.7,99.2,-5.4,4.7,89.7,-1.6,0.217,-0.059,0.511,-0.016,7.0,6.0,1,0,0.5303030303030303,PHI,35.55130046252009,13.751634599558985,10.885801477562916,38.610700954283075,1.2005625060749352
398.0,Denver Nuggets,2012,3.3,26.6,38.0,28.0,3.2,109.2,4.6,106.2,1.6,3.0,94.2,2.9,0.326,0.05,0.556,0.029,3.0,4.0,1,0,0.5757575757575758,DEN,22.895308625289275,13.988626364094984,3.0936493107550014,25.968086031589205,34.054329668271535
399.0,Memphis Grizzlies,2012,3.2,25.6,41.0,25.0,2.4,104.0,-0.6,101.8,-2.8,2.2,90.8,-0.5,0.277,0.001,0.515,-0.012,3.0,4.0,1,0,0.6212121212121212,MEM,21.547367081396196,30.06323357352063,12.258808996000882,23.42174399406944,12.708846355012849
400.0,Los Angeles Clippers,2012,2.7,27.3,40.0,26.0,2.8,108.5,3.9,105.7,1.1,2.8,89.2,-2.1,0.287,0.011,0.533,0.006,4.0,7.0,1,0,0.6060606060606061,LAC,15.419800586014379,13.198679851493825,26.08535378807617,17.773016070978358,27.523149703437266
401.0,Los Angeles Lakers,2012,2.7,29.7,41.0,25.0,2.0,106.0,1.4,104.4,-0.2,1.6,90.5,-0.8,0.299,0.023,0.534,0.007,5.0,7.0,1,0,0.6212121212121212,LAL,20.601934326861393,26.186181742218306,10.13121240228148,11.364355087793378,31.716316440845443
402.0,Atlanta Hawks,2012,1.4,27.9,40.0,26.0,2.7,104.9,0.3,101.2,-3.4,3.7,90.2,-1.1,0.259,-0.017,0.535,0.008,2.0,4.0,1,0,0.6060606060606061,ATL,26.2822091753046,18.158060695572722,3.4335630157474895,14.193973744701522,37.932193368673666
403.0,Houston Rockets,2012,0.7,26.2,34.0,32.0,0.6,105.5,0.9,105.2,0.6,0.3,91.7,0.4,0.235,-0.041,0.529,0.002,0.0,0.0,0,0,0.5151515151515151,HOU,34.82519648428321,21.06911599400557,15.335574980382392,3.1739556819517962,25.59615685937703
404.0,Dallas Mavericks,2012,0.4,31.3,36.0,30.0,1.8,103.3,-1.3,102.3,-2.3,1.0,91.4,0.1,0.246,-0.03,0.527,0.0,0.0,4.0,1,0,0.5454545454545454,DAL,12.665518454679356,26.606362544519556,16.356742294271132,23.810069003888376,20.561307702641578
405.0,Phoenix Suns,2012,0.3,28.9,33.0,33.0,0.3,106.2,1.6,106.5,1.9,-0.3,92.6,1.3,0.257,-0.019,0.536,0.009,0.0,0.0,0,0,0.5,PHO,17.506839629458156,20.765511645518515,24.40711781206717,22.485552643253683,14.834978269702475
406.0,Milwaukee Bucks,2012,-0.3,26.2,31.0,35.0,-0.2,105.5,0.9,105.2,0.6,0.3,93.7,2.4,0.25,-0.026,0.521,-0.006,0.0,0.0,0,0,0.4696969696969697,MIL,32.73321665503448,16.54295663178389,3.7928939256523617,13.18408298068058,33.74684980684869
407.0,Portland Trail Blazers,2012,-0.5,27.5,28.0,38.0,-0.2,105.7,1.1,106.4,1.8,-0.7,91.2,-0.1,0.263,-0.013,0.531,0.004,0.0,0.0,0,0,0.4242424242424242,POR,14.025206286870079,30.19270731672664,35.24580039362503,4.380947920895065,16.155338081883187
408.0,New York Knicks,2012,-1.2,26.3,36.0,30.0,2.4,104.4,-0.2,101.0,-3.6,3.4,93.2,1.9,0.306,0.03,0.533,0.006,1.0,4.0,1,0,0.5454545454545454,NYK,22.982539573052257,34.34557967456119,8.720596752575315,31.177865014803974,2.773418985007259
409.0,Minnesota Timberwolves,2012,-2.2,24.4,26.0,40.0,-1.8,104.3,-0.3,106.6,2.0,-2.3,93.3,2.0,0.306,0.03,0.524,-0.003,0.0,0.0,0,0,0.3939393939393939,MIN,24.68513179474213,21.327808913390655,13.68671029845206,30.91675848319742,9.383590510217738
410.0,Utah Jazz,2012,-2.2,25.6,36.0,30.0,0.9,106.8,2.2,106.1,1.5,0.7,91.4,0.1,0.302,0.026,0.525,-0.002,0.0,4.0,1,0,0.5454545454545454,UTA,26.34191742079332,23.45651686129451,22.45791584540617,11.427185241614126,16.316464630891872
411.0,Orlando Magic,2012,-2.4,27.5,37.0,29.0,0.5,105.0,0.4,104.1,-0.5,0.9,89.0,-2.3,0.292,0.016,0.533,0.006,1.0,4.0,1,0,0.5606060606060606,ORL,28.715928824414895,17.910010607664365,20.994164697341898,22.11918725396535,10.260708616613494
412.0,Golden State Warriors,2012,-3.3,25.3,23.0,43.0,-2.8,105.4,0.8,109.1,4.5,-3.7,92.3,1.0,0.227,-0.049,0.539,0.012,0.0,0.0,0,0,0.3484848484848485,GSW,31.613892811093507,24.18060877770877,8.39711117229552,31.72800243796142,4.080384800940784
414.0,Toronto Raptors,2012,-4.2,25.7,23.0,43.0,-3.7,100.8,-3.8,104.5,-0.1,-3.7,89.3,-2.0,0.274,-0.002,0.518,-0.009,0.0,0.0,0,0,0.3484848484848485,TOR,28.163259430630916,16.29516764363732,29.08614476717601,16.8371168236908,9.618311334864957
415.0,Sacramento Kings,2012,-5.5,24.3,22.0,44.0,-5.0,103.8,-0.8,109.8,5.2,-6.0,94.7,3.4,0.268,-0.008,0.51,-0.017,0.0,0.0,0,0,0.3333333333333333,SAC,20.847949488981,9.547909981355746,6.325370687381689,36.698800351061045,26.579969491220517
416.0,Detroit Pistons,2012,-5.6,26.3,25.0,41.0,-5.2,101.0,-3.6,106.3,1.7,-5.3,89.2,-2.1,0.279,0.003,0.51,-0.017,0.0,0.0,0,0,0.3787878787878788,DET,9.917217834441486,29.502729418002566,10.06507083217504,15.714227144145488,34.80075477123542
417.0,Washington Wizards,2012,-5.8,24.2,20.0,46.0,-5.1,101.0,-3.6,106.2,1.6,-5.2,92.5,1.2,0.253,-0.023,0.508,-0.019,0.0,0.0,0,0,0.303030303030303,WAS,3.7564292434649955,27.221110400895697,13.421180072200539,52.927112472256724,2.6741678111820453
419.0,Cleveland Cavaliers,2012,-7.9,26.0,21.0,45.0,-7.3,101.1,-3.5,108.9,4.3,-7.8,91.3,0.0,0.307,0.031,0.505,-0.022,0.0,0.0,0,0,0.3181818181818182,CLE,18.573341744945644,51.41858370323406,10.681020047326998,7.278565554318728,12.048488950174567
421.0,Dallas Mavericks,2011,11.6,30.9,57.0,25.0,4.4,109.7,2.4,105.0,-2.3,4.7,91.3,-0.8,0.286,-0.014,0.565,0.024,16.0,5.0,1,1,0.6951219512195121,DAL,23.39644402312347,19.831044351661095,13.292430369275547,26.109421626551615,17.37065962938828
422.0,Miami Heat,2011,9.6,29.0,58.0,24.0,6.8,111.7,4.4,103.5,-3.8,8.2,90.9,-1.2,0.363,0.063,0.573,0.032,14.0,7.0,1,0,0.7073170731707317,MIA,10.480800277548997,29.52103508064381,1.9830166894215382,24.498065859390895,33.51708209299476
423.0,Chicago Bulls,2011,8.7,26.4,62.0,20.0,6.5,108.3,1.0,100.3,-7.0,8.0,90.4,-1.7,0.305,0.005,0.541,0.0,9.0,7.0,1,0,0.7560975609756098,CHI,32.749530884041775,7.047564623322596,17.3314697860625,21.196489420420157,21.67494528615298
424.0,Oklahoma City Thunder,2011,7.0,23.7,55.0,27.0,3.8,111.2,3.9,107.2,-0.1,4.0,92.7,0.6,0.363,0.063,0.561,0.02,9.0,8.0,1,0,0.6707317073170732,OKC,44.81170357540517,3.7244834838550047,14.90090313002598,9.361720586415935,27.201189224297913
425.0,Boston Celtics,2011,6.0,29.5,56.0,26.0,4.8,106.2,-1.1,100.3,-7.0,5.9,90.4,-1.7,0.305,0.005,0.561,0.02,5.0,4.0,1,0,0.6829268292682927,BOS,20.20456710704813,30.154368290071364,14.578620138080103,20.866123316560195,14.196321148240207
426.0,Los Angeles Lakers,2011,5.4,30.2,57.0,25.0,6.0,111.0,3.7,104.3,-3.0,6.7,90.7,-1.4,0.293,-0.007,0.545,0.004,4.0,6.0,1,0,0.6951219512195121,LAL,36.343323639528805,10.016944991135873,8.518573305360109,14.76624985066222,30.354908213313
427.0,Memphis Grizzlies,2011,5.0,25.2,46.0,36.0,2.6,107.6,0.3,105.1,-2.2,2.5,91.9,-0.2,0.291,-0.009,0.534,-0.007,7.0,6.0,1,0,0.5609756097560976,MEM,8.608218155001348,30.096833296421742,11.128103202271324,34.98832595926444,15.178519387041145
428.0,San Antonio Spurs,2011,4.8,28.8,61.0,21.0,5.9,111.8,4.5,105.6,-1.7,6.2,92.3,0.2,0.299,-0.001,0.567,0.026,2.0,4.0,1,0,0.7439024390243902,SAS,31.601176086510048,12.546453892186992,21.543460835273486,16.53011502105148,17.778794164977995
429.0,Orlando Magic,2011,4.2,27.6,52.0,30.0,4.9,107.9,0.6,102.0,-5.3,5.9,91.2,-0.9,0.328,0.028,0.554,0.013,2.0,4.0,1,0,0.6341463414634146,ORL,26.409564946981074,9.936483834878024,17.926644867231936,22.81222670790239,22.91507964300657
430.0,Denver Nuggets,2011,3.1,27.3,50.0,32.0,4.8,112.3,5.0,107.3,0.0,5.0,95.6,3.5,0.367,0.067,0.574,0.033,1.0,4.0,1,0,0.6097560975609756,DEN,15.505443579378477,38.73555951908653,12.924286653266877,29.87139695413003,2.96331329413808
431.0,Houston Rockets,2011,2.5,26.5,43.0,39.0,2.4,111.3,4.0,109.0,1.7,2.3,94.2,2.1,0.299,-0.001,0.55,0.009,0.0,0.0,0,0,0.524390243902439,HOU,47.95599466135953,17.554350464521875,11.748088307467889,1.1880007076846357,21.55356585896607
432.0,Portland Trail Blazers,2011,1.0,26.7,48.0,34.0,1.9,108.8,1.5,107.1,-0.2,1.7,87.9,-4.2,0.278,-0.022,0.533,-0.008,2.0,4.0,1,0,0.5853658536585366,POR,19.934120690438633,16.708100596555273,12.898200443653268,19.825935590480235,30.633642678872597
433.0,Atlanta Hawks,2011,0.9,27.4,44.0,38.0,-1.1,106.1,-1.2,107.0,-0.3,-0.9,89.3,-2.8,0.269,-0.031,0.542,0.001,6.0,6.0,1,0,0.5365853658536586,ATL,17.331616939817202,17.748837415776393,2.0878907805959503,11.61906610558478,51.21258875822568
435.0,Philadelphia 76ers,2011,-0.2,24.7,41.0,41.0,1.0,106.6,-0.7,105.0,-2.3,1.6,91.7,-0.4,0.273,-0.027,0.535,-0.006,1.0,4.0,1,0,0.5,PHI,15.231009619270544,29.476776496243197,2.3793928373891258,37.76330232925651,15.149518717840627
436.0,Phoenix Suns,2011,-0.5,29.6,40.0,42.0,-0.5,109.5,2.2,110.4,3.1,-0.9,94.4,2.3,0.283,-0.017,0.559,0.018,0.0,0.0,0,0,0.4878048780487805,PHO,13.163108227528378,15.078124713921659,19.01445936513426,8.191297803220705,44.55300989019499
437.0,Milwaukee Bucks,2011,-1.2,26.7,35.0,47.0,-1.0,101.6,-5.7,102.5,-4.8,-0.9,89.8,-2.3,0.287,-0.013,0.511,-0.03,0.0,0.0,0,0,0.4268292682926829,MIL,20.912512559326558,12.982668459730014,7.6466673824165525,20.26481603352161,38.19333556500526
438.0,New York Knicks,2011,-1.5,25.3,42.0,40.0,0.5,110.9,3.6,110.1,2.8,0.8,95.6,3.5,0.304,0.004,0.561,0.02,0.0,4.0,1,0,0.5121951219512195,NYK,48.9441696178584,4.61072054152244,33.45761729992678,5.8226558541964994,7.164836686495877
439.0,Utah Jazz,2011,-1.5,26.8,39.0,43.0,-1.4,108.1,0.8,110.1,2.8,-2.0,91.0,-1.1,0.313,0.013,0.544,0.003,0.0,0.0,0,0,0.4756097560975609,UTA,32.74901651617612,15.424497937868903,12.929542067404723,32.014204554828495,6.882738923721756
440.0,Golden State Warriors,2011,-2.2,25.2,36.0,46.0,-2.0,108.2,0.9,110.7,3.4,-2.5,94.8,2.7,0.241,-0.059,0.544,0.003,0.0,0.0,0,0,0.4390243902439024,GSW,21.510400970908353,35.73321814089742,7.168381095506381,8.04659089266014,27.541408900027708
441.0,Indiana Pacers,2011,-2.2,25.9,37.0,45.0,-1.4,104.8,-2.5,106.0,-1.3,-1.2,94.7,2.6,0.3,0.0,0.533,-0.008,1.0,4.0,1,0,0.4512195121951219,IND,16.513689752947965,4.839380323971585,17.82762349878847,30.411849940276348,30.407456484015633
442.0,Los Angeles Clippers,2011,-3.1,24.6,32.0,50.0,-2.7,105.3,-2.0,108.7,1.4,-3.4,92.8,0.7,0.332,0.032,0.535,-0.006,0.0,0.0,0,0,0.3902439024390244,LAC,25.237646702275505,18.690389883728304,22.506566143586944,19.07288383981284,14.492513430596402
443.0,Detroit Pistons,2011,-4.2,27.2,30.0,52.0,-3.8,107.7,0.4,111.7,4.4,-4.0,89.2,-2.9,0.279,-0.021,0.533,-0.008,0.0,0.0,0,0,0.3658536585365853,DET,7.647721074629262,23.548140347543587,9.433563750789183,21.50167055399117,37.8689042730468
445.0,Sacramento Kings,2011,-5.5,24.8,24.0,58.0,-4.8,103.5,-3.8,109.0,1.7,-5.5,95.2,3.1,0.284,-0.016,0.519,-0.022,0.0,0.0,0,0,0.2926829268292683,SAC,41.883206206926026,7.243750731418669,17.516995488453183,18.358307013408943,14.997740559793183
446.0,Minnesota Timberwolves,2011,-7.0,23.8,17.0,65.0,-6.0,104.2,-3.1,111.1,3.8,-6.9,96.5,4.4,0.282,-0.018,0.526,-0.015,0.0,0.0,0,0,0.2073170731707317,MIN,24.721501952233826,8.512789106920614,23.145142717344108,30.377882827317233,13.24268339618422
448.0,Toronto Raptors,2011,-7.1,24.5,22.0,60.0,-6.3,106.1,-1.2,112.9,5.6,-6.8,92.9,0.8,0.293,-0.007,0.533,-0.008,0.0,0.0,0,0,0.2682926829268293,TOR,19.28016039726942,20.13062300033347,27.07789541278392,17.483069506126522,16.028251683486673
449.0,Washington Wizards,2011,-8.0,24.9,23.0,59.0,-7.3,102.4,-4.9,110.2,2.9,-7.8,93.8,1.7,0.29,-0.01,0.513,-0.028,0.0,0.0,0,0,0.2804878048780488,WAS,3.2105240635500243,25.511760992822442,11.803133657896305,52.037639235706614,7.436942050024611
450.0,Cleveland Cavaliers,2011,-9.8,26.6,19.0,63.0,-8.9,102.2,-5.1,111.8,4.5,-9.6,93.0,0.9,0.312,0.012,0.518,-0.023,0.0,0.0,0,0,0.2317073170731707,CLE,18.887684741403643,26.83263807529575,33.631940983173074,11.043447578737151,9.604288621390376
452.0,Los Angeles Lakers,2010,9.8,28.4,57.0,25.0,4.8,108.8,1.2,103.7,-3.9,5.1,92.8,0.1,0.289,-0.011,0.538,-0.005,16.0,7.0,1,1,0.6951219512195121,LAL,32.032942859003214,9.359291907328183,7.739642277045235,17.64868772754473,33.219435229078634
453.0,Phoenix Suns,2010,9.8,28.5,54.0,28.0,4.7,115.3,7.7,110.2,2.6,5.1,95.3,2.6,0.312,0.012,0.585,0.042,10.0,6.0,1,0,0.6585365853658537,PHO,7.214473638568177,30.053278238433624,34.10451355940319,7.53748819348118,21.090246370113835
454.0,Boston Celtics,2010,8.5,29.4,50.0,32.0,3.4,107.7,0.1,103.8,-3.8,3.9,91.6,-1.1,0.332,0.032,0.564,0.021,15.0,9.0,1,0,0.6097560975609756,BOS,11.883649999398013,27.15121122845849,8.143092689267814,28.398755749478934,24.423290333396753
455.0,Cleveland Cavaliers,2010,7.1,28.0,61.0,21.0,6.2,111.2,3.6,104.1,-3.5,7.1,91.4,-1.3,0.341,0.041,0.57,0.027,6.0,5.0,1,0,0.7439024390243902,CLE,26.38202683780719,21.664825379680686,19.475073833877413,23.62662538403898,8.851448564595733
456.0,Utah Jazz,2010,4.9,25.6,53.0,29.0,5.3,110.7,3.1,105.0,-2.6,5.7,93.8,1.1,0.34,0.04,0.565,0.022,4.0,6.0,1,0,0.6463414634146342,UTA,15.388768538650938,27.790805024617498,20.880652283727215,27.978468463745504,7.961305689258845
457.0,Denver Nuggets,2010,4.4,27.7,53.0,29.0,4.2,111.8,4.2,107.5,-0.1,4.3,94.8,2.1,0.376,0.076,0.561,0.018,2.0,4.0,1,0,0.6463414634146342,DEN,1.5377012752107087,38.75004717435048,26.756987960286143,30.931861163269375,2.0234024268832957
458.0,San Antonio Spurs,2010,4.1,28.7,50.0,32.0,5.1,110.0,2.4,104.5,-3.1,5.5,91.7,-1.0,0.296,-0.004,0.552,0.009,4.0,6.0,1,0,0.6097560975609756,SAS,31.789351859600174,11.806686899201994,18.768989951208265,21.78566052943014,15.84931076055943
459.0,Oklahoma City Thunder,2010,3.6,23.2,50.0,32.0,3.6,108.3,0.7,104.6,-3.0,3.7,93.1,0.4,0.333,0.033,0.547,0.004,2.0,4.0,1,0,0.6097560975609756,OKC,42.04107489007455,14.785931431521613,14.320354578553617,12.236462775495921,16.6161763243543
460.0,Dallas Mavericks,2010,3.5,30.7,55.0,27.0,2.7,109.2,1.6,106.3,-1.3,2.9,92.5,-0.2,0.277,-0.023,0.552,0.009,2.0,4.0,1,0,0.6707317073170732,DAL,20.907819110010966,26.30944024705608,12.502726943755468,19.89914134078126,20.380872358396225
461.0,Atlanta Hawks,2010,2.8,26.5,53.0,29.0,4.4,111.9,4.3,106.7,-0.9,5.2,90.1,-2.6,0.281,-0.019,0.545,0.002,4.0,7.0,1,0,0.6463414634146342,ATL,15.093346925658576,19.060276475800148,11.593596031917427,16.396465191120924,37.85631537550292
462.0,Milwaukee Bucks,2010,1.3,26.4,46.0,36.0,1.4,104.9,-2.7,103.1,-4.5,1.8,91.7,-1.0,0.239,-0.061,0.518,-0.025,3.0,4.0,1,0,0.5609756097560976,MIL,32.55335521309189,5.441368509571511,13.201993862750875,5.33043455164527,43.472847862940455
463.0,Portland Trail Blazers,2010,0.8,26.6,50.0,32.0,3.2,110.8,3.2,107.1,-0.5,3.7,87.7,-5.0,0.315,0.015,0.547,0.004,2.0,4.0,1,0,0.6097560975609756,POR,26.829556040872777,31.872066958144945,15.214374011744116,11.235681897638873,14.848321091599287
464.0,Houston Rockets,2010,0.1,26.0,42.0,40.0,0.0,107.6,0.0,108.0,0.4,-0.4,94.0,1.3,0.292,-0.008,0.537,-0.006,0.0,0.0,0,0,0.5121951219512195,HOU,9.439787597401853,33.2837239617432,6.670719916686547,13.916741291904271,36.68902723226413
465.0,Miami Heat,2010,-0.2,27.1,47.0,35.0,2.0,106.6,-1.0,104.1,-3.5,2.5,89.6,-3.1,0.296,-0.004,0.537,-0.006,1.0,4.0,1,0,0.573170731707317,MIA,34.03885701997193,16.198509109567322,2.839040352662902,21.964658668920155,24.95893484887769
467.0,Memphis Grizzlies,2010,-1.4,24.1,40.0,42.0,-1.4,108.3,0.7,109.9,2.3,-1.6,93.6,0.9,0.32,0.02,0.536,-0.007,0.0,0.0,0,0,0.4878048780487805,MEM,27.626422836544712,33.701157596849654,12.437782923850929,11.737407572995549,14.497229069759163
468.0,Toronto Raptors,2010,-1.8,25.2,40.0,42.0,-1.8,111.3,3.7,113.2,5.6,-1.9,93.1,0.4,0.319,0.019,0.564,0.021,0.0,0.0,0,0,0.4878048780487805,TOR,30.288771828592925,15.818644469917412,28.902734247334283,17.56332681088836,7.426522643267025
470.0,Chicago Bulls,2010,-2.7,26.2,41.0,41.0,-1.6,103.5,-4.1,105.3,-2.3,-1.8,93.1,0.4,0.287,-0.013,0.52,-0.023,1.0,4.0,1,0,0.5,CHI,26.125828108705424,10.339968270267677,18.149792406538527,23.003807212562556,22.380604001925814
471.0,Indiana Pacers,2010,-3.5,26.6,32.0,50.0,-3.1,103.7,-3.9,106.8,-0.8,-3.1,97.1,4.4,0.296,-0.004,0.536,-0.007,0.0,0.0,0,0,0.3902439024390244,IND,16.84916474528519,21.535032451515356,19.61760088489526,37.39369888543662,4.604503032867574
472.0,Golden State Warriors,2010,-3.9,25.1,26.0,56.0,-3.3,108.1,0.5,111.7,4.1,-3.6,100.4,7.7,0.294,-0.006,0.557,0.014,0.0,0.0,0,0,0.3170731707317073,GSW,30.04631082741891,28.942730590573607,6.784307791583781,3.173206567628263,31.05344422279544
473.0,New York Knicks,2010,-4.5,25.4,29.0,53.0,-4.0,107.6,0.0,111.6,4.0,-4.0,94.0,1.3,0.256,-0.044,0.547,0.004,0.0,0.0,0,0,0.3536585365853658,NYK,25.600104921724405,14.614872963439362,16.71357127173689,6.872721307820494,36.19872953527885
474.0,Philadelphia 76ers,2010,-4.5,25.4,27.0,55.0,-3.9,106.1,-1.5,110.3,2.7,-4.2,91.6,-1.1,0.27,-0.03,0.534,-0.009,0.0,0.0,0,0,0.3292682926829268,PHI,23.860500582174556,28.511596860341186,10.060977609975046,28.558449383725996,9.008475563783216
475.0,Sacramento Kings,2010,-4.7,24.1,25.0,57.0,-4.1,105.3,-2.3,109.9,2.3,-4.6,94.0,1.3,0.286,-0.014,0.528,-0.015,0.0,0.0,0,0,0.3048780487804878,SAC,10.891096146620324,31.62246583086193,12.647361746668635,23.458769743286947,21.380306532562166
476.0,Washington Wizards,2010,-5.3,27.6,26.0,56.0,-4.7,104.2,-3.4,109.4,1.8,-5.2,91.6,-1.1,0.283,-0.017,0.524,-0.019,0.0,0.0,0,0,0.3170731707317073,WAS,5.7038648091250845,8.099419647493225,44.588151854488956,22.72759723435257,18.880966454540165
477.0,Detroit Pistons,2010,-5.6,26.7,27.0,55.0,-5.0,105.6,-2.0,111.4,3.8,-5.8,88.5,-4.2,0.303,0.003,0.515,-0.028,0.0,0.0,0,0,0.3292682926829268,DET,17.468037774565442,17.702872773515637,4.676640752461891,22.151388047630842,38.001060651826194
478.0,Los Angeles Clippers,2010,-6.5,27.3,29.0,53.0,-6.0,103.3,-4.3,110.1,2.5,-6.8,92.6,-0.1,0.283,-0.017,0.529,-0.014,0.0,0.0,0,0,0.3536585365853658,LAC,30.127851280102853,5.9911929857794,32.2733444983745,21.03964080333934,10.567970432403914
479.0,Minnesota Timberwolves,2010,-10.1,24.1,15.0,67.0,-9.1,101.7,-5.9,111.6,4.0,-9.9,96.1,3.4,0.278,-0.022,0.518,-0.025,0.0,0.0,0,0,0.1829268292682926,MIN,49.83478731717433,7.291749807183195,13.783268618225634,20.953683177209932,8.136511080206912
481.0,Cleveland Cavaliers,2009,14.3,26.6,66.0,16.0,8.7,112.4,4.1,102.4,-5.9,10.0,88.7,-3.0,0.312,0.006,0.56,0.016,10.0,4.0,1,0,0.8048780487804879,CLE,15.467652000129387,24.979268253529487,14.520504987816956,39.37701335270846,5.655561405815708
482.0,Los Angeles Lakers,2009,13.1,27.4,65.0,17.0,7.1,112.8,4.5,104.7,-3.6,8.1,94.3,2.6,0.299,-0.007,0.555,0.011,16.0,7.0,1,1,0.7926829268292683,LAL,25.512133673849046,18.786111110937206,7.237200563174406,14.623652736578984,33.84090191546036
483.0,Denver Nuggets,2009,11.3,27.7,54.0,28.0,3.1,110.4,2.1,106.8,-1.5,3.6,94.3,2.6,0.382,0.076,0.563,0.019,10.0,6.0,1,0,0.6585365853658537,DEN,7.617853345621825,43.973132696139885,39.88197961657359,5.0772062507675315,3.449828090897173
484.0,Orlando Magic,2009,9.6,27.3,59.0,23.0,6.5,109.2,0.9,101.9,-6.4,7.3,92.3,0.6,0.351,0.045,0.559,0.015,13.0,11.0,1,0,0.7195121951219512,ORL,20.426107790462282,34.00697225398759,24.883091042894886,11.068741231531282,9.61508768112396
485.0,Boston Celtics,2009,6.9,27.8,62.0,20.0,7.4,110.5,2.2,102.3,-6.0,8.2,90.4,-1.3,0.328,0.022,0.571,0.027,7.0,7.0,1,0,0.7560975609756098,BOS,8.04197369422012,29.510869197966894,23.47651229633628,18.528112686479176,20.44253212499753
486.0,Houston Rockets,2009,6.0,27.9,53.0,29.0,3.7,108.4,0.1,104.0,-4.3,4.4,90.2,-1.5,0.292,-0.014,0.548,0.004,7.0,6.0,1,0,0.6463414634146342,HOU,25.851379409298257,15.52995884082739,3.293306277617991,11.306494947462486,44.01886052479387
487.0,Portland Trail Blazers,2009,3.5,24.0,54.0,28.0,5.0,113.9,5.6,107.8,-0.5,6.1,86.6,-5.1,0.306,0.0,0.553,0.009,2.0,4.0,1,0,0.6585365853658537,POR,27.74291007550292,23.009982353754417,17.440804802491872,21.59228905086409,10.214013717386706
488.0,Dallas Mavericks,2009,2.4,29.0,50.0,32.0,1.7,110.5,2.2,108.4,0.1,2.1,91.5,-0.2,0.274,-0.032,0.55,0.006,5.0,5.0,1,0,0.6097560975609756,DAL,14.503283675032593,20.503264600697477,23.215073469429075,16.204451497941427,25.573926756899425
489.0,Phoenix Suns,2009,1.9,29.5,46.0,36.0,1.6,113.6,5.3,111.6,3.3,2.0,96.0,4.3,0.336,0.03,0.584,0.04,0.0,0.0,0,0,0.5609756097560976,PHO,29.505796185694805,21.998487887482092,19.12151195184079,4.171762220143535,25.202441754838777
490.0,Miami Heat,2009,1.2,25.6,43.0,39.0,0.5,107.8,-0.5,107.6,-0.7,0.2,89.9,-1.8,0.282,-0.024,0.54,-0.004,3.0,4.0,1,0,0.524390243902439,MIA,44.97011204177739,15.59874193177535,5.206702997401661,13.582775464982443,20.64166756406315
491.0,San Antonio Spurs,2009,1.2,30.4,54.0,28.0,3.4,108.5,0.2,104.3,-4.0,4.2,88.4,-3.3,0.251,-0.055,0.548,0.004,1.0,4.0,1,0,0.6585365853658537,SAS,35.279635755866366,16.561992067226058,21.067546348807532,11.050990128622882,16.03983569947716
492.0,Chicago Bulls,2009,0.8,24.9,41.0,41.0,-0.2,108.4,0.1,108.7,0.4,-0.3,93.1,1.4,0.3,-0.006,0.541,-0.003,3.0,4.0,1,0,0.5,CHI,22.760410076777234,16.770195535891688,10.038029769742685,24.469821362711393,25.961543254877
493.0,Utah Jazz,2009,0.8,25.5,48.0,34.0,2.3,110.1,1.8,107.3,-1.0,2.8,93.1,1.4,0.355,0.049,0.554,0.01,1.0,4.0,1,0,0.5853658536585366,UTA,19.063379769833887,41.73333768210566,12.532491529189988,10.307589081750399,16.36320193712006
494.0,Atlanta Hawks,2009,0.5,25.8,47.0,35.0,1.7,109.3,1.0,107.6,-0.7,1.7,89.6,-2.1,0.323,0.017,0.546,0.002,4.0,7.0,1,0,0.573170731707317,ATL,14.11100046592252,15.318690417370343,33.467057693413594,11.935805382872125,25.16744604042142
495.0,Philadelphia 76ers,2009,-0.6,26.1,41.0,41.0,0.2,107.9,-0.4,107.8,-0.5,0.1,90.0,-1.7,0.339,0.033,0.532,-0.012,2.0,4.0,1,0,0.5,PHI,20.600023708904654,32.106761616369596,15.676480071761459,17.142988391830215,14.473746211134076
496.0,Indiana Pacers,2009,-0.9,26.5,36.0,46.0,-0.8,108.1,-0.2,109.2,0.9,-1.1,96.5,4.8,0.267,-0.039,0.545,0.001,0.0,0.0,0,0,0.4390243902439024,IND,25.22279718375548,21.522663803054222,15.791497601612953,15.092214959118241,22.370826452459106
497.0,Milwaukee Bucks,2009,-1.1,26.3,34.0,48.0,-0.9,106.7,-1.6,107.9,-0.4,-1.2,92.6,0.9,0.306,0.0,0.531,-0.013,0.0,0.0,0,0,0.4146341463414634,MIL,20.70957577935746,8.003659696494676,17.053412203194863,22.685000623712774,31.548351697240225
500.0,New York Knicks,2009,-2.7,25.7,32.0,50.0,-2.3,108.1,-0.2,110.8,2.5,-2.7,96.7,5.0,0.268,-0.038,0.544,0.0,0.0,0.0,0,0,0.3902439024390244,NYK,35.60858268912555,11.978942923675362,9.874218145544992,27.53055096230203,15.007705279352065
501.0,Toronto Raptors,2009,-2.9,27.0,33.0,49.0,-2.5,107.0,-1.3,110.0,1.7,-3.0,92.0,0.3,0.279,-0.027,0.542,-0.002,0.0,0.0,0,0,0.4024390243902439,TOR,22.865875651932114,8.138818149217657,19.0124470210546,33.98205881887698,16.00080035891865
502.0,Detroit Pistons,2009,-3.4,28.2,39.0,43.0,-0.4,107.4,-0.9,108.0,-0.3,-0.6,86.7,-5.0,0.282,-0.024,0.524,-0.02,0.0,4.0,1,0,0.4756097560975609,DET,28.67160227042656,6.816764281000685,33.63928761398377,13.751318009549696,17.121027825039288
503.0,Golden State Warriors,2009,-4.3,25.0,29.0,53.0,-3.8,109.5,1.2,113.3,5.0,-3.8,98.2,6.5,0.339,0.033,0.549,0.005,0.0,0.0,0,0,0.3536585365853658,GSW,22.192162891922226,21.246244140816934,18.17480769997695,17.19929611062126,21.187489156662632
505.0,Minnesota Timberwolves,2009,-5.4,25.4,24.0,58.0,-4.7,106.1,-2.2,111.4,3.1,-5.3,91.6,-0.1,0.289,-0.017,0.526,-0.018,0.0,0.0,0,0,0.2926829268292683,MIN,39.23504755144403,20.810119281733026,5.2855279289548065,26.28531378322138,8.38399145464675
506.0,Memphis Grizzlies,2009,-5.9,23.3,24.0,58.0,-5.2,103.5,-4.8,109.5,1.2,-6.0,90.1,-1.6,0.329,0.023,0.533,-0.011,0.0,0.0,0,0,0.2926829268292683,MEM,34.181507289867604,5.802556846575241,9.941034730916435,21.460445033318873,28.61445609932185
507.0,Oklahoma City Thunder,2009,-6.8,24.5,23.0,59.0,-6.0,102.9,-5.4,109.4,1.1,-6.5,93.6,1.9,0.308,0.002,0.521,-0.023,0.0,0.0,0,0,0.2804878048780488,OKC,27.63598628181933,23.189582606701606,19.821073564625106,12.054273090616634,17.299084456237328
508.0,Washington Wizards,2009,-7.9,26.9,19.0,63.0,-7.0,105.4,-2.9,113.6,5.3,-8.2,91.0,-0.7,0.293,-0.013,0.524,-0.02,0.0,0.0,0,0,0.2317073170731707,WAS,39.81308315248591,17.814032692326023,15.121178707566305,1.277297497667933,25.974407949953825
509.0,Los Angeles Clippers,2009,-9.4,26.6,19.0,63.0,-8.5,102.3,-6.0,111.7,3.4,-9.4,92.1,0.4,0.275,-0.031,0.52,-0.024,0.0,0.0,0,0,0.2317073170731707,LAC,29.856479086027804,26.09516431807363,19.03780147430847,3.32966304632908,21.68089207526102
510.0,Sacramento Kings,2009,-9.6,26.3,17.0,65.0,-8.6,105.5,-2.8,114.7,6.4,-9.2,94.2,2.5,0.315,0.009,0.542,-0.002,0.0,0.0,0,0,0.2073170731707317,SAC,6.5342803915792045,43.143443804338524,23.86487955543139,5.213284297388046,21.244111951262827
511.0,Boston Celtics,2008,11.8,27.9,66.0,16.0,9.3,110.2,2.7,98.9,-8.6,11.3,90.9,-1.5,0.346,0.04,0.569,0.029,16.0,10.0,1,1,0.8048780487804879,BOS,8.561509682145594,40.59376130178973,4.812860517510415,22.00188515802777,24.029983340526492
512.0,Los Angeles Lakers,2008,10.9,26.7,57.0,25.0,7.3,113.0,5.5,105.5,-2.0,7.5,95.6,3.2,0.333,0.027,0.57,0.03,14.0,7.0,1,0,0.6951219512195121,LAL,26.518777800480265,18.320143828784275,7.413959210972741,17.60607201373241,30.14104714603031
513.0,Detroit Pistons,2008,9.5,28.3,59.0,23.0,6.7,111.4,3.9,102.9,-4.6,8.5,87.3,-5.1,0.3,-0.006,0.539,-0.001,10.0,7.0,1,0,0.7195121951219512,DET,23.125605953630018,16.342525658513694,26.643974191856472,16.074049726846205,17.813844469153615
515.0,Utah Jazz,2008,8.3,25.3,54.0,28.0,6.9,113.8,6.3,106.5,-1.0,7.3,93.2,0.8,0.349,0.043,0.573,0.033,6.0,6.0,1,0,0.6585365853658537,UTA,20.270206204284612,20.57387734635594,12.414479413695844,33.06053879682288,13.680898238840724
516.0,San Antonio Spurs,2008,7.1,31.4,56.0,26.0,5.1,107.2,-0.3,101.8,-5.7,5.4,88.8,-3.6,0.276,-0.03,0.543,0.003,9.0,8.0,1,0,0.6829268292682927,SAS,46.318829410507654,10.871079101723772,17.878745763412187,6.449438974455915,18.481906749900475
517.0,Orlando Magic,2008,5.9,26.7,52.0,30.0,4.8,111.3,3.8,105.5,-2.0,5.8,93.4,1.0,0.355,0.049,0.575,0.035,5.0,5.0,1,0,0.6341463414634146,ORL,16.748120085512454,48.244544380917844,12.075658650433475,13.849308339611142,9.082368543525089
518.0,Cleveland Cavaliers,2008,5.7,27.1,45.0,37.0,-0.5,106.0,-1.5,106.4,-1.1,-0.4,90.2,-2.2,0.308,0.002,0.52,-0.02,7.0,6.0,1,0,0.5487804878048781,CLE,38.609244773904955,6.464661459093094,11.52627527184274,31.448662819242962,11.951155675916251
519.0,Houston Rockets,2008,5.0,28.3,55.0,27.0,4.8,106.8,-0.7,101.6,-5.9,5.2,90.4,-2.0,0.276,-0.03,0.528,-0.012,2.0,4.0,1,0,0.6707317073170732,HOU,25.160294836793717,8.411040510912263,12.892718463895122,12.973622081669534,40.56232410672936
520.0,Phoenix Suns,2008,4.7,29.3,55.0,27.0,5.1,113.3,5.8,108.1,0.6,5.2,96.7,4.3,0.292,-0.014,0.59,0.05,1.0,4.0,1,0,0.6707317073170732,PHO,48.019044188359594,11.904238023810777,20.291708855616896,5.26631585935365,14.518693072859081
521.0,Golden State Warriors,2008,2.7,25.5,48.0,34.0,2.4,111.8,4.3,109.5,2.0,2.3,98.8,6.4,0.276,-0.03,0.548,0.008,0.0,0.0,0,0,0.5853658536585366,GSW,29.89498140237635,12.791293858869562,33.092015299043275,20.02572772549226,4.195981714218555
522.0,Dallas Mavericks,2008,2.2,28.9,51.0,31.0,4.7,111.1,3.6,106.1,-1.4,5.0,90.2,-2.2,0.318,0.012,0.554,0.014,1.0,4.0,1,0,0.6219512195121951,DAL,14.289040809514347,22.05457210630817,25.410612179694198,14.630255761449062,23.61551914303422
523.0,Toronto Raptors,2008,1.3,26.3,41.0,41.0,2.5,110.2,2.7,107.0,-0.5,3.2,90.2,-2.2,0.247,-0.059,0.551,0.011,1.0,4.0,1,0,0.5,TOR,38.150181198124834,21.30408793650467,18.593337254592125,11.913855409646859,10.038538201131516
524.0,Denver Nuggets,2008,1.1,28.5,50.0,32.0,3.7,110.0,2.5,106.3,-1.2,3.7,99.7,7.3,0.358,0.052,0.557,0.017,0.0,4.0,1,0,0.6097560975609756,DEN,21.16873744984108,26.99610901970531,1.1428984326046983,20.841548828856503,29.85070626899241
525.0,Philadelphia 76ers,2008,-0.4,25.3,40.0,42.0,0.2,106.4,-1.1,106.0,-1.5,0.4,90.4,-2.0,0.321,0.015,0.522,-0.018,2.0,4.0,1,0,0.4878048780487805,PHI,27.153971695172412,22.0060558398511,24.800676585795788,10.409092632013687,15.630203247167012
526.0,Portland Trail Blazers,2008,-0.5,24.1,41.0,41.0,-0.5,107.3,-0.2,108.4,0.9,-1.1,87.9,-4.5,0.281,-0.025,0.532,-0.008,0.0,0.0,0,0,0.5,POR,45.7156562287095,19.34744069925022,11.195480446188615,12.978714777846381,10.76270784800528
527.0,Washington Wizards,2008,-1.6,27.2,43.0,39.0,-0.6,109.2,1.7,109.6,2.1,-0.4,89.5,-2.9,0.297,-0.009,0.535,-0.005,2.0,4.0,1,0,0.524390243902439,WAS,21.140976952003275,38.71420700653297,11.91874514683596,17.403402320879703,10.82266857374809
528.0,Sacramento Kings,2008,-2.0,27.3,38.0,44.0,-1.9,107.5,0.0,109.9,2.4,-2.4,94.7,2.3,0.346,0.04,0.556,0.016,0.0,0.0,0,0,0.4634146341463415,SAC,27.167741632105074,37.225413156966745,7.9721773848461766,14.364948105015603,13.269719721066398
529.0,Indiana Pacers,2008,-2.1,26.7,36.0,46.0,-1.9,106.0,-1.5,107.5,0.0,-1.5,97.7,5.3,0.292,-0.014,0.54,0.0,0.0,0.0,0,0,0.4390243902439024,IND,40.96561087451342,17.25737288233324,13.06462154087,5.6426416170500255,23.06975308523331
530.0,Atlanta Hawks,2008,-2.9,24.2,37.0,45.0,-2.2,106.9,-0.6,108.9,1.4,-2.0,91.1,-1.3,0.34,0.034,0.535,-0.005,3.0,4.0,1,0,0.4512195121951219,ATL,16.469144168159705,6.320230216769598,37.620364093149384,10.002994757102023,29.587266764819294
531.0,Chicago Bulls,2008,-3.5,25.7,33.0,49.0,-3.2,103.9,-3.6,107.2,-0.3,-3.3,93.0,0.6,0.296,-0.01,0.515,-0.025,0.0,0.0,0,0,0.4024390243902439,CHI,4.197199346933476,18.97964718742882,43.40097818464888,20.060075555592753,13.362099725396078
534.0,Memphis Grizzlies,2008,-6.5,24.5,22.0,60.0,-5.8,105.0,-2.5,111.4,3.9,-6.4,95.3,2.9,0.311,0.005,0.539,-0.001,0.0,0.0,0,0,0.2682926829268293,MEM,45.30924564248567,16.484716316990337,9.20405679887842,4.970492468080311,24.031488773565265
535.0,Minnesota Timberwolves,2008,-7.0,24.6,22.0,60.0,-6.3,103.8,-3.7,111.2,3.7,-7.4,91.9,-0.5,0.248,-0.058,0.518,-0.022,0.0,0.0,0,0,0.2682926829268293,MIN,15.110132007308655,30.60029534708647,13.020142663275921,12.267868121482389,29.00156186084657
536.0,Los Angeles Clippers,2008,-7.3,28.5,23.0,59.0,-6.6,101.2,-6.3,109.1,1.6,-7.9,92.1,-0.3,0.338,0.032,0.519,-0.021,0.0,0.0,0,0,0.2804878048780488,LAC,20.58452127505083,42.83153162859099,4.652812876655489,14.167784487610517,17.76334973209218
537.0,New York Knicks,2008,-7.3,25.7,23.0,59.0,-6.6,104.7,-2.8,111.9,4.4,-7.2,91.6,-0.8,0.31,0.004,0.518,-0.022,0.0,0.0,0,0,0.2804878048780488,NYK,33.766531511914245,9.457439366486613,23.703246138068597,18.828717665961676,14.244065317568866
538.0,Milwaukee Bucks,2008,-7.5,25.8,26.0,56.0,-6.9,105.3,-2.2,112.8,5.3,-7.5,91.3,-1.1,0.294,-0.012,0.522,-0.018,0.0,0.0,0,0,0.3170731707317073,MIL,23.54886434865597,8.91241941091964,14.51843986806317,23.170382319258888,29.849894053102332
540.0,Miami Heat,2008,-9.6,27.4,15.0,67.0,-8.5,100.5,-7.0,110.0,2.5,-9.5,90.2,-2.2,0.3,-0.006,0.522,-0.018,0.0,0.0,0,0,0.1829268292682926,MIA,17.06108615475614,33.6988599247386,14.210842288562553,14.172651236361459,20.856560395581244
541.0,San Antonio Spurs,2007,11.7,30.4,58.0,24.0,8.4,109.2,2.7,99.9,-6.6,9.3,89.8,-2.1,0.313,-0.014,0.561,0.02,16.0,4.0,1,1,0.7073170731707317,SAS,38.46713380733174,13.193209196608738,17.086902228192947,10.16261936026288,21.090135407603697
542.0,Phoenix Suns,2007,10.3,27.6,61.0,21.0,7.3,113.9,7.4,106.4,-0.1,7.5,95.6,3.7,0.267,-0.06,0.59,0.049,6.0,5.0,1,0,0.7439024390243902,PHO,35.21195900777753,4.366831026019733,17.533772090653343,33.40526076284299,9.482177112706403
543.0,Detroit Pistons,2007,7.6,29.0,53.0,29.0,3.7,108.9,2.4,104.2,-2.3,4.7,87.3,-4.6,0.307,-0.02,0.535,-0.006,10.0,6.0,1,0,0.6463414634146342,DET,36.842481748041465,12.008560857326106,15.586023633987143,14.887541670744989,20.675392089900292
544.0,Cleveland Cavaliers,2007,6.4,26.9,50.0,32.0,3.3,105.5,-1.0,101.3,-5.2,4.2,90.8,-1.1,0.32,-0.007,0.522,-0.019,12.0,8.0,1,0,0.6097560975609756,CLE,20.196688774203025,19.699551981974736,16.671575334559126,14.478346581602555,28.953837327660555
545.0,Utah Jazz,2007,6.4,25.9,51.0,31.0,3.1,110.1,3.6,107.0,0.5,3.1,91.6,-0.3,0.38,0.053,0.551,0.01,9.0,8.0,1,0,0.6219512195121951,UTA,21.998875166041312,19.702303250699853,6.898854524635316,31.2704370971884,20.129529961435118
546.0,Chicago Bulls,2007,5.0,26.0,49.0,33.0,4.5,104.9,-1.6,99.6,-6.9,5.3,93.6,1.7,0.313,-0.014,0.534,-0.007,6.0,4.0,1,0,0.5975609756097561,CHI,32.37438515984084,35.559943723606274,12.57871932921569,8.274569103003719,11.212382684333475
547.0,Dallas Mavericks,2007,4.5,28.1,67.0,15.0,7.3,111.3,4.8,103.2,-3.3,8.1,89.5,-2.4,0.317,-0.01,0.559,0.018,2.0,4.0,1,0,0.8170731707317073,DAL,18.518808481448627,36.34047764412976,5.022537880528581,20.609837775333276,19.508338218559754
548.0,Houston Rockets,2007,4.2,28.2,52.0,30.0,5.0,106.0,-0.5,100.7,-5.8,5.3,90.7,-1.2,0.292,-0.035,0.54,-0.001,3.0,4.0,1,0,0.6341463414634146,HOU,29.812950341672707,11.9766233881297,8.316735364315186,16.37164632101828,33.52204458486413
549.0,Golden State Warriors,2007,3.6,24.6,42.0,40.0,0.0,107.0,0.5,107.4,0.9,-0.4,99.2,7.3,0.3,-0.027,0.548,0.007,5.0,6.0,1,0,0.5121951219512195,GSW,20.29265227486295,13.951441810506887,25.120610183788685,14.427698241495609,26.20759748934587
601.0,Phoenix Suns,2005,11.4,25.2,62.0,20.0,7.1,114.5,8.4,107.1,1.0,7.4,95.9,5.0,0.296,-0.028,0.571,0.042,9.0,6.0,1,0,0.7560975609756098,PHO,0.0,33.41653666146646,35.8814352574103,14.714508580343214,15.987519500780031
602.0,San Antonio Spurs,2005,11.3,28.5,59.0,23.0,7.8,107.5,1.4,98.8,-7.3,8.7,88.9,-2.0,0.329,0.005,0.534,0.005,16.0,7.0,1,1,0.7195121951219512,SAS,31.642694928084786,0.0,7.797123391370174,60.56018168054504,0.0
603.0,Detroit Pistons,2005,9.1,27.9,54.0,28.0,3.3,105.6,-0.5,101.2,-4.9,4.4,87.2,-3.7,0.335,0.011,0.519,-0.01,15.0,10.0,1,0,0.6585365853658537,DET,100.0,0.0,0.0,0.0,0.0
604.0,Miami Heat,2005,8.4,28.0,59.0,23.0,5.8,110.2,4.1,103.1,-3.0,7.1,90.8,-0.1,0.387,0.063,0.559,0.03,11.0,4.0,1,0,0.7195121951219512,MIA,49.64029989048942,10.240080869345464,5.177322887709544,34.942296352455564,0.0
605.0,Dallas Mavericks,2005,6.4,27.7,58.0,24.0,5.9,110.3,4.2,104.1,-2.0,6.2,92.7,1.8,0.346,0.022,0.545,0.016,6.0,7.0,1,0,0.7073170731707317,DAL,23.74888293118856,14.217708118512409,0.0,24.89688595586719,37.13652299443184
607.0,Houston Rockets,2005,4.3,29.7,51.0,31.0,4.3,106.2,0.1,101.7,-4.4,4.5,88.8,-2.1,0.309,-0.015,0.534,0.005,3.0,4.0,1,0,0.6219512195121951,HOU,33.766189210052325,35.207136118020415,6.175486748434686,24.85118792349258,0.0
608.0,Minnesota Timberwolves,2005,1.9,29.0,44.0,38.0,1.7,108.2,2.1,106.6,0.5,1.6,89.1,-1.8,0.275,-0.049,0.534,0.005,0.0,0.0,0,0,0.5365853658536586,MIN,11.186406392232225,14.852837058764035,0.0,73.96075654900375,0.0
609.0,Sacramento Kings,2005,1.2,27.7,50.0,32.0,2.6,110.5,4.4,108.2,2.1,2.3,93.0,2.1,0.287,-0.037,0.541,0.012,1.0,4.0,1,0,0.6097560975609756,SAC,0.0,25.691330343796707,0.0,32.11416292974589,42.1945067264574
610.0,Denver Nuggets,2005,0.7,26.7,49.0,33.0,2.2,106.0,-0.1,103.9,-2.2,2.1,93.5,2.6,0.35,0.026,0.535,0.006,1.0,4.0,1,0,0.5975609756097561,DEN,41.81053085886923,35.967846353042724,0.0,0.0,22.221622788088045
611.0,Indiana Pacers,2005,0.5,28.3,44.0,38.0,0.5,105.5,-0.6,104.6,-1.5,0.9,87.2,-3.7,0.358,0.034,0.534,0.005,6.0,7.0,1,0,0.5365853658536586,IND,37.11393053953608,52.9283608868384,9.95770857362553,0.0,0.0
612.0,Boston Celtics,2005,0.4,27.1,45.0,37.0,0.4,107.5,1.4,106.6,0.5,0.9,93.3,2.4,0.357,0.033,0.551,0.022,3.0,4.0,1,0,0.5487804878048781,BOS,0.0,100.0,0.0,0.0,0.0
613.0,Cleveland Cavaliers,2005,0.3,26.5,42.0,40.0,0.3,106.6,0.5,105.7,-0.4,0.9,89.7,-1.2,0.325,0.001,0.518,-0.011,0.0,0.0,0,0,0.5121951219512195,CLE,80.69230464572854,0.0,0.0,0.0,19.307695354271456
614.0,Memphis Grizzlies,2005,0.3,26.3,45.0,37.0,2.6,105.5,-0.6,102.9,-3.2,2.6,88.5,-2.4,0.323,-0.001,0.535,0.006,0.0,4.0,1,0,0.5487804878048781,MEM,34.43612302770305,37.59179815313022,0.0,16.29462662691776,11.677452192248964
615.0,Chicago Bulls,2005,-0.1,25.0,47.0,35.0,0.7,101.4,-4.7,100.3,-5.8,1.1,92.4,1.5,0.311,-0.013,0.517,-0.012,2.0,4.0,1,0,0.573170731707317,CHI,0.0,100.0,0.0,0.0,0.0
616.0,Washington Wizards,2005,-0.4,25.3,45.0,37.0,-0.7,107.2,1.1,107.5,1.4,-0.3,93.3,2.4,0.364,0.04,0.523,-0.006,4.0,6.0,1,0,0.5487804878048781,WAS,36.20894811994289,63.79105188005711,0.0,0.0,0.0
617.0,Los Angeles Clippers,2005,-0.6,25.5,37.0,45.0,-0.5,105.5,-0.6,106.4,0.3,-0.9,89.1,-1.8,0.357,0.033,0.533,0.004,0.0,0.0,0,0,0.4512195121951219,LAC,0.0,0.0,0.0,0.0,100.0
618.0,Golden State Warriors,2005,-2.0,26.7,34.0,48.0,-1.7,104.7,-1.4,106.9,0.8,-2.2,93.3,2.4,0.278,-0.046,0.512,-0.017,0.0,0.0,0,0,0.4146341463414634,GSW,0.0,28.93815635939323,38.895371450797356,32.16647218980941,0.0
619.0,Toronto Raptors,2005,-2.1,27.0,33.0,49.0,-1.8,106.9,0.8,108.7,2.6,-1.8,92.7,1.8,0.316,-0.008,0.539,0.01,0.0,0.0,0,0,0.4024390243902439,TOR,12.659245267853555,0.0,0.0,77.81216091307319,9.528593819073263
620.0,Los Angeles Lakers,2005,-2.6,26.0,34.0,48.0,-2.3,108.1,2.0,111.4,5.3,-3.3,90.8,-0.1,0.322,-0.002,0.535,0.006,0.0,0.0,0,0,0.4146341463414634,LAL,53.945711046731326,0.0,0.0,0.0,46.054288953268674
621.0,Philadelphia 76ers,2005,-2.6,26.4,43.0,39.0,-1.1,103.5,-2.6,104.3,-1.8,-0.8,94.9,4.0,0.326,0.002,0.528,-0.001,1.0,4.0,1,0,0.524390243902439,PHI,12.23276912092066,40.60649334285355,30.71317568986518,4.897307740770297,11.550254105590323
622.0,Orlando Magic,2005,-2.7,26.5,36.0,46.0,-2.5,104.9,-1.2,107.3,1.2,-2.4,94.7,3.8,0.35,0.026,0.529,0.0,0.0,0.0,0,0,0.4390243902439024,ORL,32.53388946819604,0.0,0.0,43.97365141534627,23.49245911645769
623.0,New York Knicks,2005,-3.0,27.3,33.0,49.0,-2.7,106.2,0.1,108.9,2.8,-2.7,90.7,-0.2,0.312,-0.012,0.531,0.002,0.0,0.0,0,0,0.4024390243902439,NYK,0.0,17.252169308348677,17.601184243780914,39.86593012480293,25.28071632306748
624.0,Milwaukee Bucks,2005,-3.5,26.9,30.0,52.0,-3.1,106.6,0.5,109.8,3.7,-3.2,90.8,-0.1,0.339,0.015,0.527,-0.002,0.0,0.0,0,0,0.3658536585365853,MIL,30.421779931937714,55.759513251521085,0.0,13.818706816541198,0.0
626.0,Portland Trail Blazers,2005,-4.0,27.0,27.0,55.0,-3.5,103.2,-2.9,107.7,1.6,-4.5,89.8,-1.1,0.303,-0.021,0.524,-0.005,0.0,0.0,0,0,0.3292682926829268,POR,18.16338317397164,21.08708207662196,20.21433613553231,14.526086119489188,26.009112494384905
627.0,Utah Jazz,2005,-4.3,25.7,26.0,56.0,-3.7,104.7,-1.4,109.5,3.4,-4.8,88.4,-2.5,0.361,0.037,0.522,-0.007,0.0,0.0,0,0,0.3170731707317073,UTA,0.0,20.777929663228534,79.22207033677147,0.0,0.0
630.0,Atlanta Hawks,2005,-10.8,26.0,13.0,69.0,-9.6,100.6,-5.5,111.1,5.0,-10.5,91.4,0.5,0.299,-0.025,0.504,-0.025,0.0,0.0,0,0,0.1585365853658536,ATL,27.057528213597575,44.04073768235618,0.0,0.0,28.901734104046245
